bil_pack,max_abs_corr_with_any_crm_pack
BIL_3737_PACK,0.99356955
BIL_3739_PACK,0.99567145
BIL_3740_PACK,0.9911027
BIL_3741_PACK,0.96822226
BIL_3742_PACK,0.99238193
BIL_3743_PACK,0.9785748
BIL_3744_PACK,0.9956911
BIL_3745_PACK,0.99526227
BIL_3746_PACK,0.9942891
BIL_3748_PACK,0.99362785
BIL_3749_PACK,0.99387175
BIL_3750_PACK,0.9943913
BIL_3751_PACK,0.98798347
BIL_3752_PACK,0.9251211
BIL_3753_PACK,0.9402874
BIL_3754_PACK,0.9864014
BIL_3755_PACK,0.81135947
BIL_3756_PACK,0.7869353
BIL_3757_PACK,0.90539026
BIL_3758_PACK,0.98869145
BIL_3760_PACK,0.9866424
BIL_3761_PACK,0.965425
BIL_3762_PACK,0.9942765
BIL_3763_PACK,0.96915686
BIL_3764_PACK,0.9795142
BIL_3765_PACK,0.97164476
BIL_3766_PACK,0.9538303
BIL_3767_PACK,0.9346496
BIL_3769_PACK,0.7843032
BIL_3770_PACK,0.9331196
BIL_3771_PACK,0.991768
BIL_3772_PACK,0.7665206
BIL_3773_PACK,0.7129119
BIL_3774_PACK,0.925353
BIL_3775_PACK,0.972843
BIL_3776_PACK,0.85000837
BIL_3777_PACK,0.8468694
BIL_3778_PACK,0.8669094
BIL_3780_PACK,0.3134288
BIL_3781_PACK,0.84093523
BIL_3782_PACK,0.92913234
BIL_3784_PACK,0.82304746
BIL_3785_PACK,0.9305808
BIL_3786_PACK,0.82466096
BIL_3787_PACK,0.9256427
BIL_3788_PACK,0.7185414
BIL_3789_PACK,0.7046746
BIL_3791_PACK,0.86310923
BIL_3792_PACK,0.2407399
BIL_3794_PACK,0.9194617
BIL_3796_PACK,0.9188808
BIL_3797_PACK,0.9019596
BIL_3798_PACK,0.6692592
BIL_3799_PACK,0.73819697
BIL_3801_PACK,0.91756165
BIL_3802_PACK,0.07997716
BIL_3803_PACK,0.121868536
BIL_3804_PACK,0.79352736
BIL_3805_PACK,0.774751
BIL_3815_PACK,0.8072437
BIL_3817_PACK,0.61145645
BIL_3820_PACK,0.7167279
BIL_3821_PACK,0.8883174
BIL_3822_PACK,0.7977415
BIL_3824_PACK,0.899441
BIL_3829_PACK,0.64645016
BIL_3831_PACK,0.84890306
BIL_3833_PACK,0.7037223
BIL_3839_PACK,0.9212316
BIL_3841_PACK,0.83096427
BIL_3884_PACK,0.95570594
BIL_3920_PACK,0.9762099
BIL_3921_PACK,0.9957233
BIL_3922_PACK,0.99532586
BIL_3923_PACK,0.9304729
BIL_3924_PACK,0.728054
BIL_3925_PACK,0.8512227
BIL_3926_PACK,0.97609705
BIL_3927_PACK,0.9952576
BIL_3928_PACK,0.9817655
BIL_3929_PACK,0.9944401
BIL_3930_PACK,0.9261189
BIL_3931_PACK,0.96209615
BIL_3932_PACK,0.9064878
BIL_3933_PACK,0.9967283
BIL_3934_PACK,0.99639255
BIL_3935_PACK,0.9946032
BIL_3936_PACK,0.56122047
BIL_3939_PACK,0.81060016
BIL_3940_PACK,0.3138095
BIL_3941_PACK,0.6657423
BIL_3942_PACK,0.9870973
BIL_3943_PACK,0.9762184
BIL_3944_PACK,0.98345834
BIL_3948_PACK,0.95553595
BIL_3949_PACK,0.8990408
BIL_3950_PACK,0.9165814
BIL_3952_PACK,0.8634324
BIL_3953_PACK,0.98490316
BIL_3954_PACK,0.9373185
BIL_3955_PACK,0.975964
BIL_3956_PACK,0.9752315
BIL_3957_PACK,0.9737242
BIL_3958_PACK,0.8981043
BIL_3959_PACK,0.9474306
BIL_3960_PACK,0.98526096
BIL_3961_PACK,0.9691117
BIL_3962_PACK,0.9864527
BIL_3963_PACK,0.9125163
BIL_3964_PACK,0.9894818
BIL_3965_PACK,0.9893721
BIL_3966_PACK,0.7860054
BIL_3968_PACK,0.84415543
BIL_3969_PACK,0.81660813
BIL_3971_PACK,0.95035446
BIL_3972_PACK,0.6638319
BIL_3973_PACK,0.7915533
BIL_3974_PACK,0.55903345
BIL_3975_PACK,0.94407964
BIL_3977_PACK,0.93606985
BIL_3979_PACK,0.8356092
BIL_3980_PACK,0.71735656
BIL_3981_PACK,0.93722045
BIL_3983_PACK,0.92267996
BIL_3985_PACK,0.92593086
BIL_3988_PACK,0.9493051
BIL_3989_PACK,0.9697281
BIL_3992_PACK,0.6698767
BIL_3994_PACK,0.69281405
BIL_3995_PACK,0.79792136
BIL_3996_PACK,0.97588664
BIL_3997_PACK,0.97719926
BIL_3998_PACK,0.9430847
BIL_4001_PACK,0.8152657
BIL_4004_PACK,0.93921196
BIL_4005_PACK,0.81477726
BIL_4006_PACK,0.8523234
BIL_4009_PACK,0.6222584
BIL_4012_PACK,0.9027339
BIL_4013_PACK,0.6409233
BIL_4014_PACK,0.6735914
BIL_4015_PACK,0.8377354
BIL_4016_PACK,0.85090697
BIL_4019_PACK,0.9648594
BIL_4020_PACK,0.9760655
BIL_4021_PACK,0.8479074
BIL_4024_PACK,0.90754575
BIL_4025_PACK,0.96733963
BIL_4032_PACK,0.729584
BIL_4036_PACK,0.9892741
BIL_4037_PACK,0.7497321
BIL_4038_PACK,0.7614546
BIL_4039_PACK,0.745051
BIL_4040_PACK,0.84632003
BIL_4041_PACK,0.7453826
BIL_4042_PACK,0.8529506
BIL_4043_PACK,0.50961274
BIL_4044_PACK,0.93751425
BIL_4045_PACK,0.9323073
BIL_4046_PACK,0.9237981
BIL_4047_PACK,0.94080204
BIL_4048_PACK,0.9096181
BIL_4050_PACK,0.78566575
BIL_4051_PACK,0.789682
BIL_4052_PACK,0.75012815
BIL_4054_PACK,0.68416613
BIL_4055_PACK,0.695881
BIL_4056_PACK,0.7382302
BIL_4060_PACK,0.7288109
BIL_4061_PACK,0.77747154
BIL_4062_PACK,0.7473119
BIL_4063_PACK,0.69960463
BIL_4064_PACK,0.91766435
BIL_4065_PACK,0.81357783
BIL_4066_PACK,0.8269852
BIL_4067_PACK,0.8598164
BIL_4068_PACK,0.8030989
BIL_4071_PACK,0.61055946
BIL_4072_PACK,0.60082513
BIL_4075_PACK,0.95867395
BIL_4076_PACK,0.96625644
BIL_4078_PACK,0.9351194
BIL_4079_PACK,0.79256517
BIL_4082_PACK,0.71847796
BIL_4084_PACK,0.7888503
BIL_4089_PACK,0.8246136
BIL_4097_PACK,0.7945336
BIL_4102_PACK,0.9412094
BIL_4103_PACK,0.95677626
BIL_4105_PACK,0.9720681
BIL_4106_PACK,0.8928222
BIL_4107_PACK,0.9845871
BIL_4108_PACK,0.6918373
BIL_4111_PACK,0.84266096
BIL_4126_PACK,0.727758
BIL_4150_PACK,0.954086
BIL_4171_PACK,0.8529077
BIL_4184_PACK,0.8448363
BIL_3759_PACK,0.68868476
BIL_3779_PACK,0.66608214
BIL_3790_PACK,0.6695763
BIL_3793_PACK,0.6925287
BIL_3795_PACK,0.3780018
BIL_3806_PACK,0.3990712
BIL_3807_PACK,0.3467604
BIL_3808_PACK,0.08613768
BIL_3809_PACK,0.7657237
BIL_3810_PACK,0.468567
BIL_3811_PACK,0.53080577
BIL_3812_PACK,0.2246358
BIL_3813_PACK,0.35068113
BIL_3816_PACK,0.4651311
BIL_3819_PACK,0.4056692
BIL_3823_PACK,0.5140013
BIL_3825_PACK,0.28457904
BIL_3826_PACK,0.46493176
BIL_3827_PACK,0.4094837
BIL_3828_PACK,0.42137823
BIL_3830_PACK,0.2820084
BIL_3832_PACK,0.66164935
BIL_3834_PACK,0.29881036
BIL_3835_PACK,0.38568
BIL_3836_PACK,0.43677393
BIL_3837_PACK,0.45469645
BIL_3838_PACK,0.27969489
BIL_3840_PACK,0.35958293
BIL_3842_PACK,0.19355194
BIL_3844_PACK,0.35317343
BIL_3845_PACK,0.096301846
BIL_3846_PACK,0.3573764
BIL_3847_PACK,0.14913172
BIL_3848_PACK,0.3085753
BIL_3849_PACK,0.49233207
BIL_3850_PACK,0.50781375
BIL_3851_PACK,0.6267408
BIL_3854_PACK,0.13626084
BIL_3855_PACK,0.16671275
BIL_3856_PACK,0.13322955
BIL_3858_PACK,0.23549742
BIL_3860_PACK,0.2531867
BIL_3862_PACK,0.1723757
BIL_3863_PACK,0.19516794
BIL_3872_PACK,0.18906477
BIL_3874_PACK,0.094495185
BIL_3877_PACK,0.08171498
BIL_3880_PACK,0.114448376
BIL_3912_PACK,0.33627036
BIL_3919_PACK,0.094298996
BIL_3937_PACK,0.5168868
BIL_3938_PACK,0.5401196
BIL_3947_PACK,0.52613175
BIL_3951_PACK,0.5443412
BIL_3970_PACK,0.34113654
BIL_3976_PACK,0.507506
BIL_3982_PACK,0.33599085
BIL_3984_PACK,0.13052356
BIL_3986_PACK,0.23375946
BIL_3987_PACK,0.12459966
BIL_3990_PACK,0.26073307
BIL_3991_PACK,0.7221165
BIL_3993_PACK,0.27194306
BIL_3999_PACK,0.13235636
BIL_4000_PACK,0.7113582
BIL_4002_PACK,0.7535132
BIL_4003_PACK,0.09157195
BIL_4008_PACK,0.37986678
BIL_4010_PACK,0.097456
BIL_4011_PACK,0.115523584
BIL_4017_PACK,0.45201007
BIL_4018_PACK,0.09017717
BIL_4022_PACK,0.6856184
BIL_4023_PACK,0.37497517
BIL_4026_PACK,0.28727823
BIL_4027_PACK,0.59347403
BIL_4028_PACK,0.5710987
BIL_4029_PACK,0.5703789
BIL_4030_PACK,0.10489175
BIL_4031_PACK,0.6723335
BIL_4033_PACK,0.74441135
BIL_4034_PACK,0.62588114
BIL_4035_PACK,0.57613933
BIL_4049_PACK,0.67303497
BIL_4053_PACK,0.683515
BIL_4058_PACK,0.56108123
BIL_4059_PACK,0.6146151
BIL_4070_PACK,0.39471152
BIL_4073_PACK,0.5490983
BIL_4074_PACK,0.5542949
BIL_4077_PACK,0.5133605
BIL_4081_PACK,0.5745897
BIL_4085_PACK,0.29555178
BIL_4086_PACK,0.5812218
BIL_4087_PACK,0.30681065
BIL_4088_PACK,0.70144993
BIL_4090_PACK,0.09160186
BIL_4091_PACK,0.196584
BIL_4093_PACK,0.30206648
BIL_4095_PACK,0.40723136
BIL_4098_PACK,0.17301868
BIL_4099_PACK,0.121081136
BIL_4100_PACK,0.6205992
BIL_4101_PACK,0.19884875
BIL_4104_PACK,0.20822318
BIL_4109_PACK,0.6870849
BIL_4110_PACK,0.38616636
BIL_4112_PACK,0.5573551
BIL_4113_PACK,0.49882975
BIL_4114_PACK,0.6262361
BIL_4115_PACK,0.101704836
BIL_4117_PACK,0.5894315
BIL_4118_PACK,0.1337224
BIL_4119_PACK,0.31952786
BIL_4120_PACK,0.2170226
BIL_4122_PACK,0.63905245
BIL_4123_PACK,0.17529362
BIL_4124_PACK,0.42411152
BIL_4125_PACK,0.47736037
BIL_4131_PACK,0.64877576
BIL_4132_PACK,0.63895965
BIL_4135_PACK,0.3049204
BIL_4136_PACK,0.37173194
BIL_4137_PACK,0.2041607
BIL_4139_PACK,0.37497485
BIL_4140_PACK,0.5896125
BIL_4141_PACK,0.2239263
BIL_4142_PACK,0.2679844
BIL_4143_PACK,0.5281313
BIL_4144_PACK,0.55228466
BIL_4145_PACK,0.35123253
BIL_4147_PACK,0.2459158
BIL_4151_PACK,0.46447903
BIL_4152_PACK,0.3180803
BIL_4153_PACK,0.4991297
BIL_4154_PACK,0.13451754
BIL_4155_PACK,0.49891776
BIL_4156_PACK,0.3573764
BIL_4157_PACK,0.27833775
BIL_4160_PACK,0.27229992
BIL_4161_PACK,0.31007683
BIL_4162_PACK,0.42098212
BIL_4163_PACK,0.35976946
BIL_4165_PACK,0.16338122
BIL_4166_PACK,0.45762137
BIL_4167_PACK,0.19444095
BIL_4168_PACK,0.15249193
BIL_4170_PACK,0.13690993
BIL_4172_PACK,0.33317763
BIL_4173_PACK,0.3372962
BIL_4174_PACK,0.5064909
BIL_4175_PACK,0.45749056
BIL_4176_PACK,0.19169207
BIL_4177_PACK,0.34450215
BIL_4178_PACK,0.15236543
BIL_4179_PACK,0.11401421
BIL_4181_PACK,0.40832338
BIL_4182_PACK,0.5137983
BIL_4183_PACK,0.52456445
BIL_4186_PACK,0.088627145
BIL_4187_PACK,0.48152626
BIL_4188_PACK,0.12985766
BIL_4189_PACK,0.21324569
BIL_4191_PACK,0.10282524
BIL_4195_PACK,0.101704806
BIL_4196_PACK,0.104276516
BIL_4197_PACK,0.11358498
BIL_4198_PACK,0.12860504
BIL_4200_PACK,0.5903074
BIL_4201_PACK,0.14886537
BIL_4204_PACK,0.100388
BIL_4205_PACK,0.42618823
BIL_4207_PACK,0.24385984
BIL_4208_PACK,0.2931261
BIL_4209_PACK,0.2236477
BIL_4210_PACK,0.26117006
BIL_4226_PACK,0.3226008
BIL_4227_PACK,0.12387164
BIL_4234_PACK,0.25881237
BIL_4236_PACK,0.43638223
BIL_4238_PACK,0.3101545
BIL_4240_PACK,0.37961224
BIL_4250_PACK,0.23064153
BIL_4251_PACK,0.25924438
BIL_4253_PACK,0.1254473
BIL_4254_PACK,0.110743895
BIL_4255_PACK,0.31623265
BIL_4262_PACK,0.15541252
BIL_4267_PACK,0.4402642
BIL_4278_PACK,0.47923073
BIL_4285_PACK,0.3807212
BIL_4286_PACK,0.2982555
BIL_4288_PACK,0.50242233
BIL_4307_PACK,0.10311159
BIL_4308_PACK,0.105482966
BIL_4314_PACK,0.08598857
BIL_3783_PACK,0.17280772
BIL_3800_PACK,0.093202256
BIL_3814_PACK,0.108475275
BIL_3818_PACK,0.121153824
BIL_3843_PACK,0.13938555
BIL_3853_PACK,0.08755038
BIL_3859_PACK,0.09186964
BIL_3861_PACK,0.22510847
BIL_3864_PACK,0.13411829
BIL_3865_PACK,0.109018676
BIL_3866_PACK,0.092828594
BIL_3867_PACK,0.16193107
BIL_3868_PACK,0.122740656
BIL_3870_PACK,0.091869436
BIL_3871_PACK,0.19529681
BIL_3873_PACK,0.11062013
BIL_3875_PACK,0.11104824
BIL_3876_PACK,0.084682055
BIL_3878_PACK,0.15451953
BIL_3879_PACK,0.087240234
BIL_3881_PACK,0.111008555
BIL_3882_PACK,0.10442855
BIL_3883_PACK,0.113678575
BIL_3885_PACK,0.09488734
BIL_3886_PACK,0.081460916
BIL_3887_PACK,0.19280584
BIL_3888_PACK,0.16818097
BIL_3889_PACK,0.08591437
BIL_3890_PACK,0.101395644
BIL_3891_PACK,0.109362155
BIL_3892_PACK,0.08854464
BIL_3893_PACK,0.116647065
BIL_3894_PACK,0.12922953
BIL_3895_PACK,0.18984215
BIL_3896_PACK,0.11563432
BIL_3897_PACK,0.09439576
BIL_3900_PACK,0.10198362
BIL_3901_PACK,0.11853997
BIL_3902_PACK,0.092828594
BIL_3905_PACK,0.08666547
BIL_3906_PACK,0.08770489
BIL_3907_PACK,0.17791986
BIL_3909_PACK,0.08755082
BIL_3910_PACK,0.07344707
BIL_3911_PACK,0.097563535
BIL_3913_PACK,0.1045597
BIL_3914_PACK,0.092691034
BIL_3915_PACK,0.10602233
BIL_3917_PACK,0.09186943
BIL_3918_PACK,0.10901874
BIL_3945_PACK,0.21020785
BIL_3946_PACK,0.2762692
BIL_3967_PACK,0.10630909
BIL_3978_PACK,0.09007736
BIL_4007_PACK,0.11339881
BIL_4069_PACK,0.0918695
BIL_4080_PACK,0.1510888
BIL_4083_PACK,0.09160163
BIL_4092_PACK,0.096044526
BIL_4094_PACK,0.090292335
BIL_4096_PACK,0.103835784
BIL_4116_PACK,0.086665526
BIL_4121_PACK,0.08995013
BIL_4127_PACK,0.09604448
BIL_4130_PACK,0.08666545
BIL_4133_PACK,0.11747704
BIL_4134_PACK,0.123440325
BIL_4138_PACK,0.15138675
BIL_4146_PACK,0.09666549
BIL_4149_PACK,0.10075446
BIL_4158_PACK,0.11503486
BIL_4159_PACK,0.11464725
BIL_4164_PACK,0.116697975
BIL_4169_PACK,0.17342375
BIL_4180_PACK,0.2121443
BIL_4192_PACK,0.12557387
BIL_4193_PACK,0.10202779
BIL_4194_PACK,0.097738184
BIL_4199_PACK,0.098424874
BIL_4202_PACK,0.092051975
BIL_4203_PACK,0.1090202
BIL_4206_PACK,0.11660293
BIL_4212_PACK,0.17937861
BIL_4213_PACK,0.11924915
BIL_4214_PACK,0.1031451
BIL_4215_PACK,0.19659702
BIL_4216_PACK,0.14288883
BIL_4217_PACK,0.11329876
BIL_4218_PACK,0.12593682
BIL_4219_PACK,0.10053269
BIL_4220_PACK,0.095890954
BIL_4221_PACK,0.09429852
BIL_4222_PACK,0.16375625
BIL_4223_PACK,0.099608265
BIL_4224_PACK,0.11190767
BIL_4225_PACK,0.11329894
BIL_4228_PACK,0.09076691
BIL_4229_PACK,0.09589101
BIL_4230_PACK,0.09931019
BIL_4231_PACK,0.095714904
BIL_4232_PACK,0.119062066
BIL_4233_PACK,0.123334005
BIL_4235_PACK,0.09098399
BIL_4237_PACK,0.108598545
BIL_4241_PACK,0.10427663
BIL_4242_PACK,0.109020256
BIL_4244_PACK,0.08496809
BIL_4245_PACK,0.1067304
BIL_4246_PACK,0.080994606
BIL_4247_PACK,0.10736807
BIL_4248_PACK,0.12876388
BIL_4249_PACK,0.10704711
BIL_4252_PACK,0.09282862
BIL_4256_PACK,0.084682055
BIL_4257_PACK,0.19393477
BIL_4258_PACK,0.10075437
BIL_4259_PACK,0.105407834
BIL_4260_PACK,0.101545215
BIL_4261_PACK,0.12108121
BIL_4263_PACK,0.10935633
BIL_4268_PACK,0.09713807
BIL_4270_PACK,0.092782736
BIL_4271_PACK,0.09513738
BIL_4272_PACK,0.102825254
BIL_4273_PACK,0.11004293
BIL_4274_PACK,0.13089442
BIL_4275_PACK,0.23402295
BIL_4276_PACK,0.09639458
BIL_4277_PACK,0.11729366
BIL_4279_PACK,0.09069106
BIL_4280_PACK,0.08806635
BIL_4281_PACK,0.12408808
BIL_4282_PACK,0.13709743
BIL_4283_PACK,0.11255166
BIL_4284_PACK,0.08925111
BIL_4289_PACK,0.1692927
BIL_4290_PACK,0.118432134
BIL_4291_PACK,0.10888094
BIL_4292_PACK,0.08704833
BIL_4293_PACK,0.09160181
BIL_4294_PACK,0.09583999
BIL_4297_PACK,0.1786001
BIL_4298_PACK,0.095491506
BIL_4299_PACK,0.0880656
BIL_4301_PACK,0.11342074
BIL_4303_PACK,0.15058053
BIL_4304_PACK,0.09746847
BIL_4305_PACK,0.1009435
BIL_4309_PACK,0.09142318
BIL_4311_PACK,0.11218248
BIL_4312_PACK,0.089949764
BIL_4313_PACK,0.09932503
BIL_4316_PACK,0.088544615
BIL_4317_PACK,0.11523301
BIL_4318_PACK,0.17140545
BIL_4320_PACK,0.08223593
BIL_4323_PACK,0.08242996
BIL_4324_PACK,0.09439603
BIL_4325_PACK,0.13314384
BIL_4326_PACK,0.09756339
BIL_4328_PACK,0.09186914
BIL_4329_PACK,0.09396983
BIL_4330_PACK,0.11747704
BIL_4332_PACK,0.09407966
BIL_4333_PACK,0.09283964
BIL_4336_PACK,0.11647019
BIL_4337_PACK,0.08862714
BIL_4338_PACK,0.093962975
BIL_4339_PACK,0.12214116
BIL_4340_PACK,0.110435665
BIL_4341_PACK,0.147026
BIL_4342_PACK,0.09396272
BIL_4343_PACK,0.09772602
BIL_4344_PACK,0.08478898
BIL_4346_PACK,0.100244
BIL_4349_PACK,0.099155635
BIL_4351_PACK,0.08818399
BIL_4353_PACK,0.08387835
BIL_4365_PACK,0.108515084
BIL_4366_PACK,0.12608172
BIL_4370_PACK,0.091746666
BIL_4374_PACK,0.11593452
BIL_4376_PACK,0.08343051
BIL_4387_PACK,0.09133472
BIL_4389_PACK,0.10935658
BIL_4390_PACK,0.09459138
BIL_4394_PACK,0.094079785
BIL_4399_PACK,0.09439612
BIL_4404_PACK,0.08862726
BIL_4405_PACK,0.07902987
BIL_4408_PACK,0.10633522
BIL_4414_PACK,0.08384215
BIL_4416_PACK,0.081270605
BIL_4453_PACK,0.08613768
BIL_3903_PACK,0.11163544
BIL_3904_PACK,0.09223204
BIL_3908_PACK,0.091469646
BIL_3916_PACK,0.08724027
BIL_4128_PACK,0.09296818
BIL_4185_PACK,0.12175896
BIL_4190_PACK,0.08995003
BIL_4211_PACK,0.07400911
BIL_4239_PACK,0.10416552
BIL_4243_PACK,0.09038415
BIL_4264_PACK,0.113251545
BIL_4265_PACK,0.12640795
BIL_4266_PACK,0.11875624
BIL_4287_PACK,0.105557956
BIL_4295_PACK,0.0899075
BIL_4296_PACK,0.11685152
BIL_4300_PACK,0.092968196
BIL_4302_PACK,0.08056752
BIL_4306_PACK,0.098832645
BIL_4315_PACK,0.11190833
BIL_4321_PACK,0.11062021
BIL_4327_PACK,0.14772147
BIL_4334_PACK,0.09879873
BIL_4335_PACK,0.1662521
BIL_4345_PACK,0.071743846
BIL_4347_PACK,0.10264352
BIL_4348_PACK,0.08903405
BIL_4350_PACK,0.11061974
BIL_4354_PACK,0.10506304
BIL_4355_PACK,0.104428455
BIL_4356_PACK,0.121674635
BIL_4357_PACK,0.11292614
BIL_4358_PACK,0.107367605
BIL_4359_PACK,0.08924206
BIL_4360_PACK,0.10742914
BIL_4361_PACK,0.10700717
BIL_4362_PACK,0.12030052
BIL_4363_PACK,0.06938998
BIL_4367_PACK,0.087826185
BIL_4368_PACK,0.1028252
BIL_4369_PACK,0.09282866
BIL_4371_PACK,0.09932508
BIL_4372_PACK,0.09604457
BIL_4373_PACK,0.09133495
BIL_4375_PACK,0.106797576
BIL_4377_PACK,0.09848439
BIL_4378_PACK,0.101429865
BIL_4379_PACK,0.087240115
BIL_4380_PACK,0.094591685
BIL_4381_PACK,0.106309384
BIL_4382_PACK,0.08496808
BIL_4383_PACK,0.10109203
BIL_4384_PACK,0.10540806
BIL_4385_PACK,0.08995
BIL_4386_PACK,0.081737116
BIL_4388_PACK,0.074777
BIL_4391_PACK,0.11602064
BIL_4392_PACK,0.0928286
BIL_4393_PACK,0.09777867
BIL_4396_PACK,0.11496594
BIL_4397_PACK,0.11367868
BIL_4398_PACK,0.13955486
BIL_4400_PACK,0.09630191
BIL_4401_PACK,0.12446959
BIL_4402_PACK,0.08021826
BIL_4403_PACK,0.09488724
BIL_4406_PACK,0.08012978
BIL_4407_PACK,0.099324904
BIL_4409_PACK,0.10901864
BIL_4410_PACK,0.092782505
BIL_4411_PACK,0.09315809
BIL_4412_PACK,0.09777875
BIL_4413_PACK,0.09915584
BIL_4415_PACK,0.095137216
BIL_4417_PACK,0.08903432
BIL_4418_PACK,0.08724025
BIL_4419_PACK,0.11669828
BIL_4420_PACK,0.10383584
BIL_4421_PACK,0.09909919
BIL_4422_PACK,0.076665185
BIL_4423_PACK,0.09713809
BIL_4424_PACK,0.097455785
BIL_4425_PACK,0.1036547
BIL_4426_PACK,0.0878261
BIL_4427_PACK,0.08563777
BIL_4428_PACK,0.10901844
BIL_4429_PACK,0.0864396
BIL_4430_PACK,0.09630172
BIL_4431_PACK,0.11245373
BIL_4432_PACK,0.111635014
BIL_4433_PACK,0.10059273
BIL_4435_PACK,0.095137246
BIL_4436_PACK,0.097783595
BIL_4437_PACK,0.08878849
BIL_4439_PACK,0.10873133
BIL_4440_PACK,0.17951691
BIL_4441_PACK,0.084649414
BIL_4442_PACK,0.07891343
BIL_4443_PACK,0.12597501
BIL_4444_PACK,0.10563496
BIL_4445_PACK,0.09995913
BIL_4446_PACK,0.09459126
BIL_4447_PACK,0.09278222
BIL_4448_PACK,0.10917637
BIL_4449_PACK,0.08854468
BIL_4450_PACK,0.11563432
BIL_4451_PACK,0.09459136
BIL_4452_PACK,0.09282865
BIL_4454_PACK,0.14845653
BIL_4455_PACK,0.09396302
BIL_4456_PACK,0.09133481
BIL_4457_PACK,0.08121176
BIL_4458_PACK,0.09666571
BIL_4459_PACK,0.12412726
BIL_4460_PACK,0.10576315
BIL_4461_PACK,0.09282863
BIL_4462_PACK,0.11493616
BIL_4463_PACK,0.11100851
BIL_4464_PACK,0.108598545
BIL_4465_PACK,0.088625684
BIL_4466_PACK,0.11190779
BIL_4467_PACK,0.1020279
BIL_4468_PACK,0.098104954
BIL_4504_PACK,0.06688871
BIL_4506_PACK,0.08995013
BIL_4507_PACK,0.14773735
BIL_4508_PACK,0.093963005
BIL_4509_PACK,0.097563215
BIL_4510_PACK,0.08755082
