column,system,family,group,n_unique,constant,activation_rate,cluster_id,dropped_as_duplicate
CRM_BUSINESS_LINE_ORIG_Mobile,CRM,onehot,CRM_BUSINESS_LINE_ORIG,2,False,0.998725,,False
CRM_1519_PACK,CRM,pack,,2,False,0.006887,,False
CRM_1521_PACK,CRM,pack,,2,False,0.014522,,False
CRM_1522_PACK,CRM,pack,,2,False,0.014468,,False
CRM_1523_PACK,CRM,pack,,2,False,0.014383,,False
CRM_1524_PACK,CRM,pack,,2,False,0.048346,,False
CRM_1525_PACK,CRM,pack,,2,False,0.018475,,False
CRM_1526_PACK,CRM,pack,,2,False,0.014773,,False
CRM_1527_PACK,CRM,pack,,2,False,0.281132,,False
CRM_1528_PACK,CRM,pack,,2,False,0.070043,,False
CRM_1529_PACK,CRM,pack,,2,False,0.520033,0.0,False
CRM_1530_PACK,CRM,pack,,2,False,0.046916,,False
CRM_1532_PACK,CRM,pack,,2,False,0.514623,0.0,True
CRM_1533_PACK,CRM,pack,,2,False,0.520908,0.0,True
CRM_1534_PACK,CRM,pack,,2,False,0.011678,,False
CRM_1536_PACK,CRM,pack,,2,False,0.297569,1.0,False
CRM_1537_PACK,CRM,pack,,2,False,0.727409,,False
CRM_1538_PACK,CRM,pack,,2,False,0.388227,,False
CRM_1539_PACK,CRM,pack,,2,False,0.297644,1.0,True
CRM_1540_PACK,CRM,pack,,2,False,0.04921,,False
CRM_1541_PACK,CRM,pack,,2,False,0.519009,0.0,True
CRM_1542_PACK,CRM,pack,,2,False,0.520918,0.0,True
CRM_1543_PACK,CRM,pack,,2,False,0.020854,,False
CRM_1545_PACK,CRM,pack,,2,False,0.020321,,False
CRM_1546_PACK,CRM,pack,,2,False,0.003745,,False
CRM_1547_PACK,CRM,pack,,2,False,0.041528,,False
CRM_1548_PACK,CRM,pack,,2,False,0.004412,,False
CRM_1549_PACK,CRM,pack,,2,False,0.045689,2.0,False
CRM_1550_PACK,CRM,pack,,2,False,0.003692,,False
CRM_1551_PACK,CRM,pack,,2,False,0.003772,,False
CRM_1552_PACK,CRM,pack,,2,False,0.029759,,False
CRM_1553_PACK,CRM,pack,,2,False,0.345312,,False
CRM_1554_PACK,CRM,pack,,2,False,0.027358,,False
CRM_1555_PACK,CRM,pack,,2,False,0.143042,,False
CRM_1556_PACK,CRM,pack,,2,False,0.10679,,False
CRM_1557_PACK,CRM,pack,,2,False,0.034235,,False
CRM_1558_PACK,CRM,pack,,2,False,0.033552,,False
CRM_1559_PACK,CRM,pack,,2,False,0.013353,,False
CRM_1560_PACK,CRM,pack,,2,False,0.006877,,False
CRM_1562_PACK,CRM,pack,,2,False,0.002716,,False
CRM_1563_PACK,CRM,pack,,2,False,0.044398,2.0,True
CRM_1564_PACK,CRM,pack,,2,False,0.067856,,False
CRM_1565_PACK,CRM,pack,,2,False,0.010152,,False
CRM_1566_PACK,CRM,pack,,2,False,0.020401,,False
CRM_1567_PACK,CRM,pack,,2,False,0.004391,,False
CRM_1568_PACK,CRM,pack,,2,False,0.006253,,False
CRM_1569_PACK,CRM,pack,,2,False,0.004956,,False
CRM_1570_PACK,CRM,pack,,2,False,0.070763,,False
CRM_1571_PACK,CRM,pack,,2,False,0.004652,,False
CRM_1573_PACK,CRM,pack,,2,False,0.02931,,False
CRM_1575_PACK,CRM,pack,,2,False,0.131945,,False
CRM_1576_PACK,CRM,pack,,2,False,0.005458,,False
CRM_1577_PACK,CRM,pack,,2,False,0.01361,,False
CRM_1578_PACK,CRM,pack,,2,False,0.020172,,False
CRM_1579_PACK,CRM,pack,,2,False,0.007293,,False
CRM_1581_PACK,CRM,pack,,2,False,0.004017,,False
CRM_1582_PACK,CRM,pack,,2,False,0.050693,,False
CRM_1583_PACK,CRM,pack,,2,False,0.076237,,False
CRM_1584_PACK,CRM,pack,,2,False,0.011961,,False
CRM_1585_PACK,CRM,pack,,2,False,0.023506,,False
CRM_1586_PACK,CRM,pack,,2,False,0.105595,,False
CRM_1587_PACK,CRM,pack,,2,False,0.008808,,False
CRM_1588_PACK,CRM,pack,,2,False,0.021089,,False
CRM_1589_PACK,CRM,pack,,2,False,0.041063,,False
CRM_1590_PACK,CRM,pack,,2,False,0.035264,,False
CRM_1591_PACK,CRM,pack,,2,False,0.012126,,False
CRM_1592_PACK,CRM,pack,,2,False,0.006263,,False
CRM_1593_PACK,CRM,pack,,2,False,0.018918,,False
CRM_1594_PACK,CRM,pack,,2,False,0.12622,,False
CRM_1595_PACK,CRM,pack,,2,False,0.040562,,False
CRM_1596_PACK,CRM,pack,,2,False,0.076184,,False
CRM_1598_PACK,CRM,pack,,2,False,0.01561,,False
CRM_1599_PACK,CRM,pack,,2,False,0.006567,,False
CRM_1601_PACK,CRM,pack,,2,False,0.006557,,False
CRM_1602_PACK,CRM,pack,,2,False,0.008333,,False
CRM_1603_PACK,CRM,pack,,2,False,0.037505,,False
CRM_1604_PACK,CRM,pack,,2,False,0.003142,,False
CRM_1605_PACK,CRM,pack,,2,False,0.003308,,False
CRM_1606_PACK,CRM,pack,,2,False,0.116628,,False
CRM_1608_PACK,CRM,pack,,2,False,0.01832,,False
CRM_1609_PACK,CRM,pack,,2,False,0.008579,,False
CRM_1612_PACK,CRM,pack,,2,False,0.00327,,False
CRM_1613_PACK,CRM,pack,,2,False,0.014218,,False
CRM_1614_PACK,CRM,pack,,2,False,0.00375,,False
CRM_1615_PACK,CRM,pack,,2,False,0.003809,,False
CRM_1616_PACK,CRM,pack,,2,False,0.01641,,False
CRM_1617_PACK,CRM,pack,,2,False,0.04898,,False
CRM_1619_PACK,CRM,pack,,2,False,0.011486,,False
CRM_1623_PACK,CRM,pack,,2,False,0.006167,,False
CRM_1625_PACK,CRM,pack,,2,False,0.024066,,False
CRM_1626_PACK,CRM,pack,,2,False,0.003249,,False
CRM_1627_PACK,CRM,pack,,2,False,0.004039,,False
CRM_1629_PACK,CRM,pack,,2,False,0.005031,,False
CRM_1630_PACK,CRM,pack,,2,False,0.008403,,False
CRM_1631_PACK,CRM,pack,,2,False,0.005292,,False
CRM_1635_PACK,CRM,pack,,2,False,0.005949,,False
CRM_1638_PACK,CRM,pack,,2,False,0.006269,,False
CRM_1639_PACK,CRM,pack,,2,False,0.004545,,False
CRM_1640_PACK,CRM,pack,,2,False,0.005815,,False
CRM_1641_PACK,CRM,pack,,2,False,0.016859,,False
CRM_1642_PACK,CRM,pack,,2,False,0.003804,,False
CRM_1643_PACK,CRM,pack,,2,False,0.007784,,False
CRM_1644_PACK,CRM,pack,,2,False,0.010713,,False
CRM_1645_PACK,CRM,pack,,2,False,0.003734,,False
CRM_1646_PACK,CRM,pack,,2,False,0.006519,,False
CRM_1647_PACK,CRM,pack,,2,False,0.003089,,False
CRM_1648_PACK,CRM,pack,,2,False,0.023938,,False
CRM_1653_PACK,CRM,pack,,2,False,0.028051,,False
CRM_1654_PACK,CRM,pack,,2,False,0.020476,,False
CRM_1658_PACK,CRM,pack,,2,False,0.004471,,False
CRM_1661_PACK,CRM,pack,,2,False,0.004882,,False
CRM_1662_PACK,CRM,pack,,2,False,0.006434,,False
CRM_1664_PACK,CRM,pack,,2,False,0.012569,,False
CRM_1665_PACK,CRM,pack,,2,False,0.004513,,False
CRM_1666_PACK,CRM,pack,,2,False,0.003025,,False
CRM_1668_PACK,CRM,pack,,2,False,0.004903,,False
CRM_1669_PACK,CRM,pack,,2,False,0.004876,,False
CRM_1670_PACK,CRM,pack,,2,False,0.005004,,False
CRM_1671_PACK,CRM,pack,,2,False,0.004833,,False
CRM_1675_PACK,CRM,pack,,2,False,0.009502,,False
CRM_1676_PACK,CRM,pack,,2,False,0.00549,,False
CRM_1678_PACK,CRM,pack,,2,False,0.007426,,False
CRM_1680_PACK,CRM,pack,,2,False,0.003164,,False
CRM_1683_PACK,CRM,pack,,2,False,0.010478,,False
CRM_1689_PACK,CRM,pack,,2,False,0.006765,,False
CRM_1690_PACK,CRM,pack,,2,False,0.004375,,False
CRM_1692_PACK,CRM,pack,,2,False,0.002283,,False
CRM_1702_PACK,CRM,pack,,2,False,0.002956,,False
CRM_1704_PACK,CRM,pack,,2,False,0.003201,,False
CRM_1705_PACK,CRM,pack,,2,False,0.003745,,False
CRM_1708_PACK,CRM,pack,,2,False,0.004743,,False
CRM_1709_PACK,CRM,pack,,2,False,0.002523,,False
CRM_1710_PACK,CRM,pack,,2,False,0.005426,,False
CRM_1715_PACK,CRM,pack,,2,False,0.015861,,False
CRM_2076_PACK,CRM,pack,,2,False,0.428463,3.0,False
CRM_2077_PACK,CRM,pack,,2,False,0.423219,3.0,True
CRM_2078_PACK,CRM,pack,,2,False,0.240698,,False
CRM_2079_PACK,CRM,pack,,2,False,0.27839,,False
CRM_2080_PACK,CRM,pack,,2,False,0.114297,,False
CRM_2081_PACK,CRM,pack,,2,False,0.093693,,False
CRM_2082_PACK,CRM,pack,,2,False,0.041367,,False
CRM_2083_PACK,CRM,pack,,2,False,0.013583,,False
CRM_2084_PACK,CRM,pack,,2,False,0.017387,,False
CRM_2085_PACK,CRM,pack,,2,False,0.045828,,False
CRM_2086_PACK,CRM,pack,,2,False,0.016544,,False
CRM_2087_PACK,CRM,pack,,2,False,0.417414,3.0,True
CRM_2088_PACK,CRM,pack,,2,False,0.402098,3.0,True
CRM_2089_PACK,CRM,pack,,2,False,0.145304,,False
CRM_2090_PACK,CRM,pack,,2,False,0.05678,,False
CRM_2091_PACK,CRM,pack,,2,False,0.278427,,False
CRM_2092_PACK,CRM,pack,,2,False,0.100724,,False
CRM_2093_PACK,CRM,pack,,2,False,0.247847,,False
CRM_2094_PACK,CRM,pack,,2,False,0.0074,,False
CRM_2095_PACK,CRM,pack,,2,False,0.038108,,False
CRM_2096_PACK,CRM,pack,,2,False,0.001216,,False
CRM_2097_PACK,CRM,pack,,2,False,0.006285,,False
CRM_2099_PACK,CRM,pack,,2,False,0.013188,,False
CRM_2100_PACK,CRM,pack,,2,False,0.039975,,False
CRM_2101_PACK,CRM,pack,,2,False,0.032698,,False
CRM_2102_PACK,CRM,pack,,2,False,0.016517,,False
CRM_2103_PACK,CRM,pack,,2,False,0.008018,,False
CRM_2104_PACK,CRM,pack,,2,False,0.097556,,False
CRM_2105_PACK,CRM,pack,,2,False,0.001611,,False
CRM_2106_PACK,CRM,pack,,2,False,0.023095,,False
CRM_2107_PACK,CRM,pack,,2,False,0.005399,,False
CRM_2109_PACK,CRM,pack,,2,False,0.006637,,False
CRM_2111_PACK,CRM,pack,,2,False,0.013668,,False
CRM_2112_PACK,CRM,pack,,2,False,0.011246,,False
CRM_2113_PACK,CRM,pack,,2,False,0.012756,,False
CRM_2114_PACK,CRM,pack,,2,False,0.041912,,False
CRM_2115_PACK,CRM,pack,,2,False,0.005372,,False
CRM_2116_PACK,CRM,pack,,2,False,0.006306,,False
CRM_2117_PACK,CRM,pack,,2,False,0.003996,,False
CRM_2118_PACK,CRM,pack,,2,False,0.006199,,False
CRM_2121_PACK,CRM,pack,,2,False,0.019883,,False
CRM_2123_PACK,CRM,pack,,2,False,0.014853,,False
CRM_2126_PACK,CRM,pack,,2,False,0.005074,,False
CRM_2127_PACK,CRM,pack,,2,False,0.00342,,False
CRM_2128_PACK,CRM,pack,,2,False,0.008653,,False
CRM_2129_PACK,CRM,pack,,2,False,0.001536,,False
CRM_2130_PACK,CRM,pack,,2,False,0.014431,,False
CRM_2132_PACK,CRM,pack,,2,False,0.012148,,False
CRM_2134_PACK,CRM,pack,,2,False,0.017664,,False
CRM_2135_PACK,CRM,pack,,2,False,0.004876,,False
CRM_2137_PACK,CRM,pack,,2,False,0.004401,,False
CRM_2138_PACK,CRM,pack,,2,False,0.004807,,False
CRM_2139_PACK,CRM,pack,,2,False,0.004551,,False
CRM_2140_PACK,CRM,pack,,2,False,0.007346,,False
CRM_SUBSCRIBER_TYPE_ORIG_0,CRM,onehot,CRM_SUBSCRIBER_TYPE_ORIG,2,False,0.001126,,False
CRM_SUBSCRIBER_TYPE_ORIG_Postpaid,CRM,onehot,CRM_SUBSCRIBER_TYPE_ORIG,2,False,0.201646,,False
CRM_SUBSCRIBER_TYPE_ORIG_Prepaid,CRM,onehot,CRM_SUBSCRIBER_TYPE_ORIG,2,False,0.798444,,False
CRM_SUBSCRIBER_STATUS_ORIG_0,CRM,onehot,CRM_SUBSCRIBER_STATUS_ORIG,2,False,0.001083,,False
CRM_SUBSCRIBER_STATUS_ORIG_Active,CRM,onehot,CRM_SUBSCRIBER_STATUS_ORIG,2,False,0.685087,,False
CRM_SUBSCRIBER_STATUS_ORIG_Barring,CRM,onehot,CRM_SUBSCRIBER_STATUS_ORIG,2,False,0.106593,,False
CRM_SUBSCRIBER_STATUS_ORIG_Block_1_Way,CRM,onehot,CRM_SUBSCRIBER_STATUS_ORIG_Block_1,2,False,0.110178,,False
CRM_SUBSCRIBER_STATUS_ORIG_Block_2_Way,CRM,onehot,CRM_SUBSCRIBER_STATUS_ORIG_Block_2,2,False,0.060371,,False
CRM_SUBSCRIBER_STATUS_ORIG_Deactive,CRM,onehot,CRM_SUBSCRIBER_STATUS_ORIG,2,False,0.001078,,False
CRM_SUBSCRIBER_STATUS_ORIG_Idle,CRM,onehot,CRM_SUBSCRIBER_STATUS_ORIG,2,False,0.001163,,False
CRM_SUBSCRIBER_STATUS_ORIG_Pre_Active,CRM,onehot,CRM_SUBSCRIBER_STATUS_ORIG_Pre,2,False,0.001003,,False
CRM_SUBSCRIBER_STATUS_ORIG_Pre_Deactivated,CRM,onehot,CRM_SUBSCRIBER_STATUS_ORIG_Pre,2,False,0.001366,,False
CRM_SUBSCRIBER_STATUS_ORIG_Pre_Expired,CRM,onehot,CRM_SUBSCRIBER_STATUS_ORIG_Pre,2,False,0.003329,,False
CRM_SUBSCRIBER_STATUS_ORIG_Suspend,CRM,onehot,CRM_SUBSCRIBER_STATUS_ORIG,2,False,0.038481,,False
CRM_2141_PACK,CRM,pack,,2,False,0.010899,,False
CRM_2142_PACK,CRM,pack,,2,False,0.003329,,False
CRM_2143_PACK,CRM,pack,,2,False,0.01497,,False
CRM_2146_PACK,CRM,pack,,2,False,0.007778,,False
CRM_2147_PACK,CRM,pack,,2,False,0.003116,,False
CRM_2148_PACK,CRM,pack,,2,False,0.011838,,False
CRM_2149_PACK,CRM,pack,,2,False,0.002758,,False
CRM_2153_PACK,CRM,pack,,2,False,0.004289,,False
CRM_2154_PACK,CRM,pack,,2,False,0.00581,,False
CRM_2155_PACK,CRM,pack,,2,False,0.009816,,False
CRM_2161_PACK,CRM,pack,,2,False,0.004833,,False
CRM_1531_PACK,CRM,pack,,2,False,0.00279,,False
CRM_1561_PACK,CRM,pack,,2,False,0.003756,,False
CRM_1597_PACK,CRM,pack,,2,False,0.001905,,False
CRM_1600_PACK,CRM,pack,,2,False,0.00207,,False
CRM_1607_PACK,CRM,pack,,2,False,0.003558,,False
CRM_1610_PACK,CRM,pack,,2,False,0.002614,,False
CRM_1611_PACK,CRM,pack,,2,False,0.002614,,False
CRM_1618_PACK,CRM,pack,,2,False,0.00343,,False
CRM_1620_PACK,CRM,pack,,2,False,0.002225,,False
CRM_1621_PACK,CRM,pack,,2,False,0.001355,,False
CRM_1622_PACK,CRM,pack,,2,False,0.001248,,False
CRM_1624_PACK,CRM,pack,,2,False,0.001323,,False
CRM_1633_PACK,CRM,pack,,2,False,0.003409,,False
CRM_1636_PACK,CRM,pack,,2,False,0.001158,,False
CRM_1637_PACK,CRM,pack,,2,False,0.003169,,False
CRM_1649_PACK,CRM,pack,,2,False,0.001291,,False
CRM_1650_PACK,CRM,pack,,2,False,0.001873,,False
CRM_1651_PACK,CRM,pack,,2,False,0.001584,,False
CRM_1652_PACK,CRM,pack,,2,False,0.002683,,False
CRM_1655_PACK,CRM,pack,,2,False,0.003702,,False
CRM_1656_PACK,CRM,pack,,2,False,0.001408,,False
CRM_1657_PACK,CRM,pack,,2,False,0.001611,,False
CRM_1660_PACK,CRM,pack,,2,False,0.001371,,False
CRM_1663_PACK,CRM,pack,,2,False,0.001718,,False
CRM_1667_PACK,CRM,pack,,2,False,0.002331,,False
CRM_1672_PACK,CRM,pack,,2,False,0.001707,,False
CRM_1673_PACK,CRM,pack,,2,False,0.001787,,False
CRM_1674_PACK,CRM,pack,,2,False,0.0031,,False
CRM_1677_PACK,CRM,pack,,2,False,0.001382,,False
CRM_1679_PACK,CRM,pack,,2,False,0.002459,,False
CRM_1682_PACK,CRM,pack,,2,False,0.002523,,False
CRM_1684_PACK,CRM,pack,,2,False,0.001958,,False
CRM_1685_PACK,CRM,pack,,2,False,0.001926,,False
CRM_1686_PACK,CRM,pack,,2,False,0.003446,,False
CRM_1687_PACK,CRM,pack,,2,False,0.003686,,False
CRM_1688_PACK,CRM,pack,,2,False,0.002001,,False
CRM_1691_PACK,CRM,pack,,2,False,0.002646,,False
CRM_1693_PACK,CRM,pack,,2,False,0.001547,,False
CRM_1694_PACK,CRM,pack,,2,False,0.001787,,False
CRM_1695_PACK,CRM,pack,,2,False,0.002145,,False
CRM_1696_PACK,CRM,pack,,2,False,0.001462,,False
CRM_1697_PACK,CRM,pack,,2,False,0.001552,,False
CRM_1698_PACK,CRM,pack,,2,False,0.001729,,False
CRM_1699_PACK,CRM,pack,,2,False,0.002603,,False
CRM_1700_PACK,CRM,pack,,2,False,0.001606,,False
CRM_1701_PACK,CRM,pack,,2,False,0.003457,,False
CRM_1706_PACK,CRM,pack,,2,False,0.002001,,False
CRM_1712_PACK,CRM,pack,,2,False,0.002113,,False
CRM_1714_PACK,CRM,pack,,2,False,0.001312,,False
CRM_1717_PACK,CRM,pack,,2,False,0.001227,,False
CRM_1718_PACK,CRM,pack,,2,False,0.00151,,False
CRM_1719_PACK,CRM,pack,,2,False,0.00335,,False
CRM_1720_PACK,CRM,pack,,2,False,0.002081,,False
CRM_1721_PACK,CRM,pack,,2,False,0.001638,,False
CRM_1722_PACK,CRM,pack,,2,False,0.001857,,False
CRM_1723_PACK,CRM,pack,,2,False,0.003638,,False
CRM_1724_PACK,CRM,pack,,2,False,0.001542,,False
CRM_1725_PACK,CRM,pack,,2,False,0.001472,,False
CRM_1726_PACK,CRM,pack,,2,False,0.002507,,False
CRM_1727_PACK,CRM,pack,,2,False,0.001889,,False
CRM_1730_PACK,CRM,pack,,2,False,0.002081,,False
CRM_1732_PACK,CRM,pack,,2,False,0.00136,,False
CRM_1734_PACK,CRM,pack,,2,False,0.003153,,False
CRM_1735_PACK,CRM,pack,,2,False,0.001873,,False
CRM_1737_PACK,CRM,pack,,2,False,0.001174,,False
CRM_1738_PACK,CRM,pack,,2,False,0.001734,,False
CRM_1739_PACK,CRM,pack,,2,False,0.001825,,False
CRM_1740_PACK,CRM,pack,,2,False,0.001707,,False
CRM_1741_PACK,CRM,pack,,2,False,0.002609,,False
CRM_1742_PACK,CRM,pack,,2,False,0.001291,,False
CRM_1743_PACK,CRM,pack,,2,False,0.001227,,False
CRM_1744_PACK,CRM,pack,,2,False,0.00135,,False
CRM_1745_PACK,CRM,pack,,2,False,0.002742,,False
CRM_1746_PACK,CRM,pack,,2,False,0.001339,,False
CRM_1748_PACK,CRM,pack,,2,False,0.001355,,False
CRM_1749_PACK,CRM,pack,,2,False,0.001499,,False
CRM_1751_PACK,CRM,pack,,2,False,0.00127,,False
CRM_1752_PACK,CRM,pack,,2,False,0.001366,,False
CRM_1753_PACK,CRM,pack,,2,False,0.001446,,False
CRM_1754_PACK,CRM,pack,,2,False,0.002619,,False
CRM_1755_PACK,CRM,pack,,2,False,0.002742,,False
CRM_1758_PACK,CRM,pack,,2,False,0.00167,,False
CRM_1759_PACK,CRM,pack,,2,False,0.001472,,False
CRM_1760_PACK,CRM,pack,,2,False,0.001851,,False
CRM_1761_PACK,CRM,pack,,2,False,0.001494,,False
CRM_1762_PACK,CRM,pack,,2,False,0.001403,,False
CRM_1763_PACK,CRM,pack,,2,False,0.001376,,False
CRM_1765_PACK,CRM,pack,,2,False,0.001643,,False
CRM_1767_PACK,CRM,pack,,2,False,0.001307,,False
CRM_1769_PACK,CRM,pack,,2,False,0.001761,,False
CRM_1770_PACK,CRM,pack,,2,False,0.001777,,False
CRM_1772_PACK,CRM,pack,,2,False,0.001979,,False
CRM_1773_PACK,CRM,pack,,2,False,0.00175,,False
CRM_1775_PACK,CRM,pack,,2,False,0.001899,,False
CRM_1776_PACK,CRM,pack,,2,False,0.002193,,False
CRM_1777_PACK,CRM,pack,,2,False,0.002011,,False
CRM_1778_PACK,CRM,pack,,2,False,0.001478,,False
CRM_1779_PACK,CRM,pack,,2,False,0.00239,,False
CRM_1780_PACK,CRM,pack,,2,False,0.00112,,False
CRM_1781_PACK,CRM,pack,,2,False,0.001472,,False
CRM_1783_PACK,CRM,pack,,2,False,0.001307,,False
CRM_1784_PACK,CRM,pack,,2,False,0.001456,,False
CRM_1785_PACK,CRM,pack,,2,False,0.001979,,False
CRM_1786_PACK,CRM,pack,,2,False,0.001382,,False
CRM_1790_PACK,CRM,pack,,2,False,0.002315,,False
CRM_1791_PACK,CRM,pack,,2,False,0.001995,,False
CRM_1794_PACK,CRM,pack,,2,False,0.001504,,False
CRM_1797_PACK,CRM,pack,,2,False,0.001681,,False
CRM_1798_PACK,CRM,pack,,2,False,0.002273,,False
CRM_1799_PACK,CRM,pack,,2,False,0.001542,,False
CRM_1803_PACK,CRM,pack,,2,False,0.0016,,False
CRM_1804_PACK,CRM,pack,,2,False,0.001408,,False
CRM_1805_PACK,CRM,pack,,2,False,0.001451,,False
CRM_1806_PACK,CRM,pack,,2,False,0.001392,,False
CRM_1807_PACK,CRM,pack,,2,False,0.00136,,False
CRM_1808_PACK,CRM,pack,,2,False,0.001318,,False
CRM_1809_PACK,CRM,pack,,2,False,0.001654,,False
CRM_1811_PACK,CRM,pack,,2,False,0.00127,,False
CRM_1812_PACK,CRM,pack,,2,False,0.001472,,False
CRM_1813_PACK,CRM,pack,,2,False,0.001398,,False
CRM_1815_PACK,CRM,pack,,2,False,0.001222,,False
CRM_1816_PACK,CRM,pack,,2,False,0.001926,,False
CRM_1817_PACK,CRM,pack,,2,False,0.001408,,False
CRM_1818_PACK,CRM,pack,,2,False,0.002507,,False
CRM_1820_PACK,CRM,pack,,2,False,0.001472,,False
CRM_1824_PACK,CRM,pack,,2,False,0.001526,,False
CRM_1825_PACK,CRM,pack,,2,False,0.001451,,False
CRM_1826_PACK,CRM,pack,,2,False,0.002145,,False
CRM_1827_PACK,CRM,pack,,2,False,0.00152,,False
CRM_1828_PACK,CRM,pack,,2,False,0.001782,,False
CRM_1832_PACK,CRM,pack,,2,False,0.001771,,False
CRM_1833_PACK,CRM,pack,,2,False,0.001216,,False
CRM_1836_PACK,CRM,pack,,2,False,0.002342,,False
CRM_1842_PACK,CRM,pack,,2,False,0.00223,,False
CRM_1843_PACK,CRM,pack,,2,False,0.001921,,False
CRM_1844_PACK,CRM,pack,,2,False,0.002107,,False
CRM_1845_PACK,CRM,pack,,2,False,0.002203,,False
CRM_1848_PACK,CRM,pack,,2,False,0.002054,,False
CRM_1849_PACK,CRM,pack,,2,False,0.001633,,False
CRM_1851_PACK,CRM,pack,,2,False,0.00111,,False
CRM_1865_PACK,CRM,pack,,2,False,0.001745,,False
CRM_1874_PACK,CRM,pack,,2,False,0.001478,,False
CRM_1875_PACK,CRM,pack,,2,False,0.001376,,False
CRM_1876_PACK,CRM,pack,,2,False,0.001494,,False
CRM_1877_PACK,CRM,pack,,2,False,0.001211,,False
CRM_1878_PACK,CRM,pack,,2,False,0.001275,,False
CRM_1881_PACK,CRM,pack,,2,False,0.000987,,False
CRM_2098_PACK,CRM,pack,,2,False,0.002139,,False
CRM_2108_PACK,CRM,pack,,2,False,0.001376,,False
CRM_2110_PACK,CRM,pack,,2,False,0.002689,,False
CRM_2119_PACK,CRM,pack,,2,False,0.002689,,False
CRM_2120_PACK,CRM,pack,,2,False,0.004508,,False
CRM_2122_PACK,CRM,pack,,2,False,0.002523,,False
CRM_2124_PACK,CRM,pack,,2,False,0.002353,,False
CRM_2125_PACK,CRM,pack,,2,False,0.002123,,False
CRM_2133_PACK,CRM,pack,,2,False,0.001846,,False
CRM_2136_PACK,CRM,pack,,2,False,0.001793,,False
CRM_2144_PACK,CRM,pack,,2,False,0.003318,,False
CRM_2145_PACK,CRM,pack,,2,False,0.001211,,False
CRM_2150_PACK,CRM,pack,,2,False,0.001531,,False
CRM_2151_PACK,CRM,pack,,2,False,0.001649,,False
CRM_2152_PACK,CRM,pack,,2,False,0.001777,,False
CRM_2156_PACK,CRM,pack,,2,False,0.002395,,False
CRM_2157_PACK,CRM,pack,,2,False,0.002812,,False
CRM_2158_PACK,CRM,pack,,2,False,0.003457,,False
CRM_2159_PACK,CRM,pack,,2,False,0.001286,,False
CRM_2160_PACK,CRM,pack,,2,False,0.001435,,False
CRM_2163_PACK,CRM,pack,,2,False,0.001942,,False
CRM_2165_PACK,CRM,pack,,2,False,0.001211,,False
CRM_2166_PACK,CRM,pack,,2,False,0.001995,,False
CRM_2167_PACK,CRM,pack,,2,False,0.002118,,False
CRM_2168_PACK,CRM,pack,,2,False,0.001947,,False
CRM_2169_PACK,CRM,pack,,2,False,0.003852,,False
CRM_2170_PACK,CRM,pack,,2,False,0.001558,,False
CRM_2171_PACK,CRM,pack,,2,False,0.001558,,False
CRM_2173_PACK,CRM,pack,,2,False,0.003382,,False
CRM_2174_PACK,CRM,pack,,2,False,0.002246,,False
CRM_2175_PACK,CRM,pack,,2,False,0.002134,,False
CRM_2177_PACK,CRM,pack,,2,False,0.001857,,False
CRM_2178_PACK,CRM,pack,,2,False,0.002113,,False
CRM_2179_PACK,CRM,pack,,2,False,0.00144,,False
CRM_2180_PACK,CRM,pack,,2,False,0.001702,,False
CRM_2182_PACK,CRM,pack,,2,False,0.001419,,False
CRM_2184_PACK,CRM,pack,,2,False,0.001318,,False
CRM_2185_PACK,CRM,pack,,2,False,0.001627,,False
CRM_2186_PACK,CRM,pack,,2,False,0.001334,,False
CRM_2190_PACK,CRM,pack,,2,False,0.00151,,False
CRM_2192_PACK,CRM,pack,,2,False,0.001371,,False
CRM_2193_PACK,CRM,pack,,2,False,0.001942,,False
CRM_2195_PACK,CRM,pack,,2,False,0.001158,,False
CRM_2197_PACK,CRM,pack,,2,False,0.001478,,False
CRM_2201_PACK,CRM,pack,,2,False,0.001665,,False
CRM_2205_PACK,CRM,pack,,2,False,0.00119,,False
CRM_2212_PACK,CRM,pack,,2,False,0.001691,,False
CRM_2219_PACK,CRM,pack,,2,False,0.001515,,False
CRM_2220_PACK,CRM,pack,,2,False,0.001259,,False
CRM_1634_PACK,CRM,pack,,2,False,0.001147,,False
CRM_1659_PACK,CRM,pack,,2,False,0.001158,,False
CRM_1703_PACK,CRM,pack,,2,False,0.001126,,False
CRM_1707_PACK,CRM,pack,,2,False,0.001392,,False
CRM_1711_PACK,CRM,pack,,2,False,0.00128,,False
CRM_1713_PACK,CRM,pack,,2,False,0.001376,,False
CRM_1716_PACK,CRM,pack,,2,False,0.001254,,False
CRM_1728_PACK,CRM,pack,,2,False,0.001264,,False
CRM_1729_PACK,CRM,pack,,2,False,0.001504,,False
CRM_1731_PACK,CRM,pack,,2,False,0.00128,,False
CRM_1733_PACK,CRM,pack,,2,False,0.001238,,False
CRM_1736_PACK,CRM,pack,,2,False,0.001334,,False
CRM_1747_PACK,CRM,pack,,2,False,0.001291,,False
CRM_1750_PACK,CRM,pack,,2,False,0.001099,,False
CRM_1756_PACK,CRM,pack,,2,False,0.001296,,False
CRM_1757_PACK,CRM,pack,,2,False,0.001211,,False
CRM_1764_PACK,CRM,pack,,2,False,0.001174,,False
CRM_1766_PACK,CRM,pack,,2,False,0.00128,,False
CRM_1768_PACK,CRM,pack,,2,False,0.00103,,False
CRM_1771_PACK,CRM,pack,,2,False,0.001291,,False
CRM_1774_PACK,CRM,pack,,2,False,0.001238,,False
CRM_1782_PACK,CRM,pack,,2,False,0.001056,,False
CRM_1787_PACK,CRM,pack,,2,False,0.001302,,False
CRM_1788_PACK,CRM,pack,,2,False,0.001312,,False
CRM_1789_PACK,CRM,pack,,2,False,0.001046,,False
CRM_1792_PACK,CRM,pack,,2,False,0.001168,,False
CRM_1793_PACK,CRM,pack,,2,False,0.00128,,False
CRM_1795_PACK,CRM,pack,,2,False,0.001291,,False
CRM_1796_PACK,CRM,pack,,2,False,0.001067,,False
CRM_1800_PACK,CRM,pack,,2,False,0.001179,,False
CRM_1801_PACK,CRM,pack,,2,False,0.001243,,False
CRM_1802_PACK,CRM,pack,,2,False,0.00127,,False
CRM_1810_PACK,CRM,pack,,2,False,0.001222,,False
CRM_1814_PACK,CRM,pack,,2,False,0.001131,,False
CRM_1819_PACK,CRM,pack,,2,False,0.001243,,False
CRM_1821_PACK,CRM,pack,,2,False,0.001302,,False
CRM_1822_PACK,CRM,pack,,2,False,0.001222,,False
CRM_1823_PACK,CRM,pack,,2,False,0.001174,,False
CRM_1829_PACK,CRM,pack,,2,False,0.001099,,False
CRM_1830_PACK,CRM,pack,,2,False,0.001099,,False
CRM_1834_PACK,CRM,pack,,2,False,0.001248,,False
CRM_1835_PACK,CRM,pack,,2,False,0.001248,,False
CRM_1840_PACK,CRM,pack,,2,False,0.001222,,False
CRM_1841_PACK,CRM,pack,,2,False,0.001254,,False
CRM_1846_PACK,CRM,pack,,2,False,0.001222,,False
CRM_1847_PACK,CRM,pack,,2,False,0.001131,,False
CRM_1850_PACK,CRM,pack,,2,False,0.001243,,False
CRM_1852_PACK,CRM,pack,,2,False,0.001115,,False
CRM_1853_PACK,CRM,pack,,2,False,0.001104,,False
CRM_1854_PACK,CRM,pack,,2,False,0.001259,,False
CRM_1855_PACK,CRM,pack,,2,False,0.001035,,False
CRM_1856_PACK,CRM,pack,,2,False,0.001104,,False
CRM_1857_PACK,CRM,pack,,2,False,0.001078,,False
CRM_1858_PACK,CRM,pack,,2,False,0.0012,,False
CRM_1859_PACK,CRM,pack,,2,False,0.001168,,False
CRM_1860_PACK,CRM,pack,,2,False,0.001035,,False
CRM_1861_PACK,CRM,pack,,2,False,0.001355,,False
CRM_1862_PACK,CRM,pack,,2,False,0.001174,,False
CRM_1863_PACK,CRM,pack,,2,False,0.001243,,False
CRM_1864_PACK,CRM,pack,,2,False,0.001222,,False
CRM_1866_PACK,CRM,pack,,2,False,0.001184,,False
CRM_1867_PACK,CRM,pack,,2,False,0.001232,,False
CRM_1868_PACK,CRM,pack,,2,False,0.001136,,False
CRM_1869_PACK,CRM,pack,,2,False,0.000987,,False
CRM_1870_PACK,CRM,pack,,2,False,0.001152,,False
CRM_1871_PACK,CRM,pack,,2,False,0.001067,,False
CRM_1873_PACK,CRM,pack,,2,False,0.001142,,False
CRM_1879_PACK,CRM,pack,,2,False,0.001222,,False
CRM_1880_PACK,CRM,pack,,2,False,0.001179,,False
CRM_1883_PACK,CRM,pack,,2,False,0.001264,,False
CRM_1884_PACK,CRM,pack,,2,False,0.00136,,False
CRM_1885_PACK,CRM,pack,,2,False,0.001094,,False
CRM_1886_PACK,CRM,pack,,2,False,0.001115,,False
CRM_1887_PACK,CRM,pack,,2,False,0.001174,,False
CRM_1888_PACK,CRM,pack,,2,False,0.001056,,False
CRM_1889_PACK,CRM,pack,,2,False,0.001067,,False
CRM_1890_PACK,CRM,pack,,2,False,0.001264,,False
CRM_1892_PACK,CRM,pack,,2,False,0.001184,,False
CRM_1893_PACK,CRM,pack,,2,False,0.001328,,False
CRM_1894_PACK,CRM,pack,,2,False,0.001051,,False
CRM_1895_PACK,CRM,pack,,2,False,0.001254,,False
CRM_1896_PACK,CRM,pack,,2,False,0.00128,,False
CRM_1899_PACK,CRM,pack,,2,False,0.001142,,False
CRM_1900_PACK,CRM,pack,,2,False,0.001254,,False
CRM_1901_PACK,CRM,pack,,2,False,0.001158,,False
CRM_1902_PACK,CRM,pack,,2,False,0.001088,,False
CRM_1903_PACK,CRM,pack,,2,False,0.001216,,False
CRM_1905_PACK,CRM,pack,,2,False,0.001163,,False
CRM_1906_PACK,CRM,pack,,2,False,0.001003,,False
CRM_1907_PACK,CRM,pack,,2,False,0.001008,,False
CRM_1908_PACK,CRM,pack,,2,False,0.00111,,False
CRM_1909_PACK,CRM,pack,,2,False,0.001238,,False
CRM_1911_PACK,CRM,pack,,2,False,0.001035,,False
CRM_1912_PACK,CRM,pack,,2,False,0.001264,,False
CRM_1917_PACK,CRM,pack,,2,False,0.00127,,False
CRM_1926_PACK,CRM,pack,,2,False,0.001078,,False
CRM_1933_PACK,CRM,pack,,2,False,0.001072,,False
CRM_1941_PACK,CRM,pack,,2,False,0.001147,,False
CRM_1943_PACK,CRM,pack,,2,False,0.001243,,False
CRM_1944_PACK,CRM,pack,,2,False,0.001152,,False
CRM_1946_PACK,CRM,pack,,2,False,0.001382,,False
CRM_1949_PACK,CRM,pack,,2,False,0.001147,,False
CRM_1950_PACK,CRM,pack,,2,False,0.001158,,False
CRM_1952_PACK,CRM,pack,,2,False,0.00111,,False
CRM_1953_PACK,CRM,pack,,2,False,0.00111,,False
CRM_1954_PACK,CRM,pack,,2,False,0.001142,,False
CRM_1956_PACK,CRM,pack,,2,False,0.001104,,False
CRM_1961_PACK,CRM,pack,,2,False,0.001126,,False
CRM_1962_PACK,CRM,pack,,2,False,0.001168,,False
CRM_1963_PACK,CRM,pack,,2,False,0.001318,,False
CRM_1964_PACK,CRM,pack,,2,False,0.001062,,False
CRM_1966_PACK,CRM,pack,,2,False,0.001072,,False
CRM_2061_PACK,CRM,pack,,2,False,0.0012,,False
CRM_2063_PACK,CRM,pack,,2,False,0.001083,,False
CRM_2066_PACK,CRM,pack,,2,False,0.001259,,False
CRM_2068_PACK,CRM,pack,,2,False,0.00119,,False
CRM_2069_PACK,CRM,pack,,2,False,0.001211,,False
CRM_2070_PACK,CRM,pack,,2,False,0.001126,,False
CRM_2071_PACK,CRM,pack,,2,False,0.001174,,False
CRM_2072_PACK,CRM,pack,,2,False,0.001275,,False
CRM_2073_PACK,CRM,pack,,2,False,0.001158,,False
CRM_2074_PACK,CRM,pack,,2,False,0.001088,,False
CRM_2075_PACK,CRM,pack,,2,False,0.001078,,False
CRM_2131_PACK,CRM,pack,,2,False,0.001222,,False
CRM_2176_PACK,CRM,pack,,2,False,0.001296,,False
CRM_2181_PACK,CRM,pack,,2,False,0.001254,,False
CRM_2183_PACK,CRM,pack,,2,False,0.001078,,False
CRM_2187_PACK,CRM,pack,,2,False,0.001104,,False
CRM_2188_PACK,CRM,pack,,2,False,0.001254,,False
CRM_2191_PACK,CRM,pack,,2,False,0.001312,,False
CRM_2194_PACK,CRM,pack,,2,False,0.001195,,False
CRM_2196_PACK,CRM,pack,,2,False,0.001211,,False
CRM_2198_PACK,CRM,pack,,2,False,0.001318,,False
CRM_2199_PACK,CRM,pack,,2,False,0.00103,,False
CRM_2200_PACK,CRM,pack,,2,False,0.001243,,False
CRM_2203_PACK,CRM,pack,,2,False,0.001195,,False
CRM_2204_PACK,CRM,pack,,2,False,0.001275,,False
CRM_2206_PACK,CRM,pack,,2,False,0.001259,,False
CRM_2207_PACK,CRM,pack,,2,False,0.001307,,False
CRM_2208_PACK,CRM,pack,,2,False,0.00143,,False
CRM_2210_PACK,CRM,pack,,2,False,0.001099,,False
CRM_2213_PACK,CRM,pack,,2,False,0.001094,,False
CRM_2214_PACK,CRM,pack,,2,False,0.001136,,False
CRM_2216_PACK,CRM,pack,,2,False,0.001174,,False
CRM_2218_PACK,CRM,pack,,2,False,0.0012,,False
CRM_2221_PACK,CRM,pack,,2,False,0.001334,,False
CRM_2222_PACK,CRM,pack,,2,False,0.00136,,False
CRM_2223_PACK,CRM,pack,,2,False,0.00103,,False
CRM_2224_PACK,CRM,pack,,2,False,0.001323,,False
CRM_2225_PACK,CRM,pack,,2,False,0.001195,,False
CRM_2226_PACK,CRM,pack,,2,False,0.001248,,False
CRM_2228_PACK,CRM,pack,,2,False,0.001056,,False
CRM_2229_PACK,CRM,pack,,2,False,0.001216,,False
CRM_2230_PACK,CRM,pack,,2,False,0.001163,,False
CRM_2231_PACK,CRM,pack,,2,False,0.001232,,False
CRM_2234_PACK,CRM,pack,,2,False,0.00111,,False
CRM_2235_PACK,CRM,pack,,2,False,0.001062,,False
CRM_2236_PACK,CRM,pack,,2,False,0.001174,,False
CRM_2237_PACK,CRM,pack,,2,False,0.00112,,False
CRM_2238_PACK,CRM,pack,,2,False,0.001238,,False
CRM_2239_PACK,CRM,pack,,2,False,0.00119,,False
CRM_2240_PACK,CRM,pack,,2,False,0.001216,,False
CRM_2241_PACK,CRM,pack,,2,False,0.001232,,False
CRM_2242_PACK,CRM,pack,,2,False,0.001275,,False
CRM_2243_PACK,CRM,pack,,2,False,0.001115,,False
CRM_2244_PACK,CRM,pack,,2,False,0.001286,,False
CRM_2245_PACK,CRM,pack,,2,False,0.00112,,False
CRM_2246_PACK,CRM,pack,,2,False,0.001158,,False
CRM_2247_PACK,CRM,pack,,2,False,0.001206,,False
CRM_2248_PACK,CRM,pack,,2,False,0.001067,,False
CRM_2249_PACK,CRM,pack,,2,False,0.001168,,False
CRM_2250_PACK,CRM,pack,,2,False,0.001072,,False
CRM_2251_PACK,CRM,pack,,2,False,0.001104,,False
CRM_2253_PACK,CRM,pack,,2,False,0.001147,,False
CRM_2254_PACK,CRM,pack,,2,False,0.001163,,False
CRM_2256_PACK,CRM,pack,,2,False,0.001296,,False
CRM_2257_PACK,CRM,pack,,2,False,0.001232,,False
CRM_2259_PACK,CRM,pack,,2,False,0.001222,,False
CRM_2262_PACK,CRM,pack,,2,False,0.000982,,False
CRM_2263_PACK,CRM,pack,,2,False,0.001072,,False
CRM_2265_PACK,CRM,pack,,2,False,0.00119,,False
CRM_2267_PACK,CRM,pack,,2,False,0.001179,,False
CRM_2271_PACK,CRM,pack,,2,False,0.00112,,False
CRM_2276_PACK,CRM,pack,,2,False,0.001168,,False
CRM_2283_PACK,CRM,pack,,2,False,0.001131,,False
CRM_2287_PACK,CRM,pack,,2,False,0.000944,,False
CRM_2290_PACK,CRM,pack,,2,False,0.001003,,False
CRM_2296_PACK,CRM,pack,,2,False,0.001115,,False
CRM_2299_PACK,CRM,pack,,2,False,0.001152,,False
CRM_2301_PACK,CRM,pack,,2,False,0.001296,,False
CRM_2302_PACK,CRM,pack,,2,False,0.001195,,False
CRM_2307_PACK,CRM,pack,,2,False,0.001211,,False
CRM_2309_PACK,CRM,pack,,2,False,0.001072,,False
CRM_2317_PACK,CRM,pack,,2,False,0.001094,,False
CRM_1632_PACK,CRM,pack,,2,False,0.001099,,False
CRM_1831_PACK,CRM,pack,,2,False,0.001376,,False
CRM_1839_PACK,CRM,pack,,2,False,0.000966,,False
CRM_1872_PACK,CRM,pack,,2,False,0.001211,,False
CRM_1882_PACK,CRM,pack,,2,False,0.001216,,False
CRM_1891_PACK,CRM,pack,,2,False,0.0012,,False
CRM_1897_PACK,CRM,pack,,2,False,0.001302,,False
CRM_1904_PACK,CRM,pack,,2,False,0.001158,,False
CRM_1910_PACK,CRM,pack,,2,False,0.001147,,False
CRM_1930_PACK,CRM,pack,,2,False,0.001104,,False
CRM_1931_PACK,CRM,pack,,2,False,0.00104,,False
CRM_1932_PACK,CRM,pack,,2,False,0.001099,,False
CRM_1951_PACK,CRM,pack,,2,False,0.001003,,False
CRM_1959_PACK,CRM,pack,,2,False,0.001152,,False
CRM_1968_PACK,CRM,pack,,2,False,0.001142,,False
CRM_1969_PACK,CRM,pack,,2,False,0.001035,,False
CRM_2062_PACK,CRM,pack,,2,False,0.00112,,False
CRM_2064_PACK,CRM,pack,,2,False,0.001083,,False
CRM_2065_PACK,CRM,pack,,2,False,0.001238,,False
CRM_2067_PACK,CRM,pack,,2,False,0.001195,,False
CRM_2164_PACK,CRM,pack,,2,False,0.001291,,False
CRM_2189_PACK,CRM,pack,,2,False,0.000971,,False
CRM_2209_PACK,CRM,pack,,2,False,0.000966,,False
CRM_2211_PACK,CRM,pack,,2,False,0.001147,,False
CRM_2215_PACK,CRM,pack,,2,False,0.001163,,False
CRM_2227_PACK,CRM,pack,,2,False,0.001174,,False
CRM_2232_PACK,CRM,pack,,2,False,0.001259,,False
CRM_2233_PACK,CRM,pack,,2,False,0.001254,,False
CRM_2252_PACK,CRM,pack,,2,False,0.001195,,False
CRM_2255_PACK,CRM,pack,,2,False,0.001147,,False
CRM_2258_PACK,CRM,pack,,2,False,0.001158,,False
CRM_2266_PACK,CRM,pack,,2,False,0.001056,,False
CRM_2268_PACK,CRM,pack,,2,False,0.001158,,False
CRM_2269_PACK,CRM,pack,,2,False,0.001078,,False
CRM_2270_PACK,CRM,pack,,2,False,0.001072,,False
CRM_2272_PACK,CRM,pack,,2,False,0.001104,,False
CRM_2273_PACK,CRM,pack,,2,False,0.00112,,False
CRM_2274_PACK,CRM,pack,,2,False,0.001174,,False
CRM_2275_PACK,CRM,pack,,2,False,0.001088,,False
CRM_2277_PACK,CRM,pack,,2,False,0.00104,,False
CRM_2278_PACK,CRM,pack,,2,False,0.001152,,False
CRM_2279_PACK,CRM,pack,,2,False,0.00103,,False
CRM_2280_PACK,CRM,pack,,2,False,0.001179,,False
CRM_2281_PACK,CRM,pack,,2,False,0.001227,,False
CRM_2282_PACK,CRM,pack,,2,False,0.001147,,False
CRM_2284_PACK,CRM,pack,,2,False,0.001152,,False
CRM_2285_PACK,CRM,pack,,2,False,0.0012,,False
CRM_2286_PACK,CRM,pack,,2,False,0.001094,,False
CRM_2288_PACK,CRM,pack,,2,False,0.001195,,False
CRM_2289_PACK,CRM,pack,,2,False,0.00104,,False
CRM_2291_PACK,CRM,pack,,2,False,0.001152,,False
CRM_2292_PACK,CRM,pack,,2,False,0.001227,,False
CRM_2293_PACK,CRM,pack,,2,False,0.001195,,False
CRM_2294_PACK,CRM,pack,,2,False,0.001067,,False
CRM_2297_PACK,CRM,pack,,2,False,0.001126,,False
CRM_2298_PACK,CRM,pack,,2,False,0.001227,,False
CRM_2300_PACK,CRM,pack,,2,False,0.000939,,False
CRM_2303_PACK,CRM,pack,,2,False,0.001051,,False
CRM_2304_PACK,CRM,pack,,2,False,0.00112,,False
CRM_2305_PACK,CRM,pack,,2,False,0.001302,,False
CRM_2306_PACK,CRM,pack,,2,False,0.001104,,False
CRM_2308_PACK,CRM,pack,,2,False,0.001152,,False
CRM_2311_PACK,CRM,pack,,2,False,0.001056,,False
CRM_2312_PACK,CRM,pack,,2,False,0.00103,,False
CRM_2313_PACK,CRM,pack,,2,False,0.001046,,False
CRM_2314_PACK,CRM,pack,,2,False,0.001099,,False
CRM_2315_PACK,CRM,pack,,2,False,0.001083,,False
CRM_2316_PACK,CRM,pack,,2,False,0.001078,,False
CRM_2319_PACK,CRM,pack,,2,False,0.001323,,False
CRM_2320_PACK,CRM,pack,,2,False,0.000992,,False
CRM_2321_PACK,CRM,pack,,2,False,0.001094,,False
CRM_2322_PACK,CRM,pack,,2,False,0.001232,,False
CRM_2323_PACK,CRM,pack,,2,False,0.000976,,False
CRM_2324_PACK,CRM,pack,,2,False,0.001008,,False
CRM_2325_PACK,CRM,pack,,2,False,0.001115,,False
CRM_2326_PACK,CRM,pack,,2,False,0.00111,,False
CRM_2327_PACK,CRM,pack,,2,False,0.001115,,False
CRM_2328_PACK,CRM,pack,,2,False,0.000982,,False
CRM_2329_PACK,CRM,pack,,2,False,0.001072,,False
CRM_2330_PACK,CRM,pack,,2,False,0.001216,,False
CRM_2331_PACK,CRM,pack,,2,False,0.001163,,False
CRM_2332_PACK,CRM,pack,,2,False,0.001024,,False
CRM_2333_PACK,CRM,pack,,2,False,0.001126,,False
CRM_2335_PACK,CRM,pack,,2,False,0.001174,,False
CRM_2336_PACK,CRM,pack,,2,False,0.001168,,False
CRM_2337_PACK,CRM,pack,,2,False,0.001088,,False
CRM_2338_PACK,CRM,pack,,2,False,0.001163,,False
CRM_2339_PACK,CRM,pack,,2,False,0.001158,,False
CRM_2340_PACK,CRM,pack,,2,False,0.001062,,False
CRM_2341_PACK,CRM,pack,,2,False,0.00111,,False
CRM_2342_PACK,CRM,pack,,2,False,0.001195,,False
CRM_2343_PACK,CRM,pack,,2,False,0.001147,,False
CRM_2344_PACK,CRM,pack,,2,False,0.001238,,False
CRM_2345_PACK,CRM,pack,,2,False,0.001211,,False
CRM_2346_PACK,CRM,pack,,2,False,0.001072,,False
CRM_2347_PACK,CRM,pack,,2,False,0.001136,,False
CRM_2348_PACK,CRM,pack,,2,False,0.001312,,False
CRM_2349_PACK,CRM,pack,,2,False,0.001211,,False
CRM_2351_PACK,CRM,pack,,2,False,0.001152,,False
CRM_2352_PACK,CRM,pack,,2,False,0.00096,,False
CRM_2353_PACK,CRM,pack,,2,False,0.001206,,False
CRM_2354_PACK,CRM,pack,,2,False,0.001238,,False
CRM_2355_PACK,CRM,pack,,2,False,0.001222,,False
CRM_2356_PACK,CRM,pack,,2,False,0.001104,,False
CRM_2357_PACK,CRM,pack,,2,False,0.000971,,False
CRM_2358_PACK,CRM,pack,,2,False,0.001195,,False
CRM_2359_PACK,CRM,pack,,2,False,0.001152,,False
CRM_2360_PACK,CRM,pack,,2,False,0.001184,,False
CRM_2361_PACK,CRM,pack,,2,False,0.001254,,False
CRM_2362_PACK,CRM,pack,,2,False,0.001126,,False
CRM_2363_PACK,CRM,pack,,2,False,0.001243,,False
CRM_2364_PACK,CRM,pack,,2,False,0.001104,,False
CRM_2365_PACK,CRM,pack,,2,False,0.001163,,False
CRM_2366_PACK,CRM,pack,,2,False,0.001094,,False
CRM_2367_PACK,CRM,pack,,2,False,0.001126,,False
CRM_2368_PACK,CRM,pack,,2,False,0.001147,,False
CRM_2369_PACK,CRM,pack,,2,False,0.001142,,False
CRM_2370_PACK,CRM,pack,,2,False,0.001222,,False
CRM_2371_PACK,CRM,pack,,2,False,0.001088,,False
CRM_2372_PACK,CRM,pack,,2,False,0.001206,,False
CRM_2373_PACK,CRM,pack,,2,False,0.00103,,False
CRM_2374_PACK,CRM,pack,,2,False,0.001067,,False
CRM_2375_PACK,CRM,pack,,2,False,0.001227,,False
CRM_2376_PACK,CRM,pack,,2,False,0.001243,,False
CRM_2377_PACK,CRM,pack,,2,False,0.00111,,False
CRM_2378_PACK,CRM,pack,,2,False,0.001259,,False
CRM_2379_PACK,CRM,pack,,2,False,0.001067,,False
CRM_2380_PACK,CRM,pack,,2,False,0.001078,,False
CRM_2381_PACK,CRM,pack,,2,False,0.001158,,False
CRM_2382_PACK,CRM,pack,,2,False,0.001328,,False
CRM_2383_PACK,CRM,pack,,2,False,0.001115,,False
CRM_2385_PACK,CRM,pack,,2,False,0.00112,,False
CRM_2387_PACK,CRM,pack,,2,False,0.001222,,False
CRM_2388_PACK,CRM,pack,,2,False,0.001046,,False
CRM_2389_PACK,CRM,pack,,2,False,0.00119,,False
CRM_2391_PACK,CRM,pack,,2,False,0.001099,,False
CRM_2392_PACK,CRM,pack,,2,False,0.001126,,False
CRM_2394_PACK,CRM,pack,,2,False,0.001163,,False
CRM_2395_PACK,CRM,pack,,2,False,0.001147,,False
CRM_2396_PACK,CRM,pack,,1,True,0.0,,False
CRM_2397_PACK,CRM,pack,,2,False,5e-06,,False
CRM_2398_PACK,CRM,pack,,1,True,0.0,,False
BIL_BUSINESS_LINE_ORIG_Mobile,BIL,onehot,BIL_BUSINESS_LINE_ORIG,2,False,0.998629,,False
BIL_3737_PACK,BIL,pack,,2,False,0.278486,,False
BIL_3739_PACK,BIL,pack,,2,False,0.278225,,False
BIL_3740_PACK,BIL,pack,,2,False,0.145325,,False
BIL_3741_PACK,BIL,pack,,2,False,0.039858,,False
BIL_3742_PACK,BIL,pack,,2,False,0.247661,,False
BIL_3743_PACK,BIL,pack,,2,False,0.041997,,False
BIL_3744_PACK,BIL,pack,,2,False,0.401751,4.0,False
BIL_3745_PACK,BIL,pack,,2,False,0.417116,4.0,True
BIL_3746_PACK,BIL,pack,,2,False,0.240554,,False
BIL_3748_PACK,BIL,pack,,2,False,0.727542,,False
BIL_3749_PACK,BIL,pack,,2,False,0.428202,4.0,True
BIL_3750_PACK,BIL,pack,,2,False,0.422792,4.0,True
BIL_3751_PACK,BIL,pack,,2,False,0.10081,,False
BIL_3752_PACK,BIL,pack,,2,False,0.014362,,False
BIL_3753_PACK,BIL,pack,,2,False,0.019942,,False
BIL_3754_PACK,BIL,pack,,2,False,0.097673,,False
BIL_3755_PACK,BIL,pack,,2,False,0.006685,,False
BIL_3756_PACK,BIL,pack,,2,False,0.00493,,False
BIL_3757_PACK,BIL,pack,,2,False,0.014938,,False
BIL_3758_PACK,BIL,pack,,2,False,0.114163,,False
BIL_3760_PACK,BIL,pack,,2,False,0.093629,,False
BIL_3761_PACK,BIL,pack,,2,False,0.037942,,False
BIL_3762_PACK,BIL,pack,,2,False,0.344331,,False
BIL_3763_PACK,BIL,pack,,2,False,0.032591,,False
BIL_3764_PACK,BIL,pack,,2,False,0.056668,,False
BIL_3765_PACK,BIL,pack,,2,False,0.045801,,False
BIL_3766_PACK,BIL,pack,,2,False,0.022994,,False
BIL_3767_PACK,BIL,pack,,2,False,0.017723,,False
BIL_3769_PACK,BIL,pack,,2,False,0.005314,,False
BIL_3770_PACK,BIL,pack,,2,False,0.017205,,False
BIL_3771_PACK,BIL,pack,,2,False,0.131849,,False
BIL_3772_PACK,BIL,pack,,2,False,0.005111,,False
BIL_3773_PACK,BIL,pack,,2,False,0.004012,,False
BIL_3774_PACK,BIL,pack,,2,False,0.01648,,False
BIL_3775_PACK,BIL,pack,,2,False,0.041261,,False
BIL_3776_PACK,BIL,pack,,2,False,0.007789,,False
BIL_3777_PACK,BIL,pack,,2,False,0.008018,,False
BIL_3778_PACK,BIL,pack,,2,False,0.008616,,False
BIL_3780_PACK,BIL,pack,,2,False,0.001563,,False
BIL_3781_PACK,BIL,pack,,2,False,0.004791,,False
BIL_3782_PACK,BIL,pack,,2,False,0.01218,,False
BIL_3784_PACK,BIL,pack,,2,False,0.006242,,False
BIL_3785_PACK,BIL,pack,,2,False,0.016416,,False
BIL_3786_PACK,BIL,pack,,2,False,0.007512,,False
BIL_3787_PACK,BIL,pack,,2,False,0.013626,,False
BIL_3788_PACK,BIL,pack,,2,False,0.004423,,False
BIL_3789_PACK,BIL,pack,,2,False,0.004337,,False
BIL_3791_PACK,BIL,pack,,2,False,0.009667,,False
BIL_3792_PACK,BIL,pack,,2,False,0.001472,,False
BIL_3794_PACK,BIL,pack,,2,False,0.012921,,False
BIL_3796_PACK,BIL,pack,,2,False,0.013017,,False
BIL_3797_PACK,BIL,pack,,2,False,0.011209,,False
BIL_3798_PACK,BIL,pack,,2,False,0.003185,,False
BIL_3799_PACK,BIL,pack,,2,False,0.004935,,False
BIL_3801_PACK,BIL,pack,,2,False,0.011924,,False
BIL_3802_PACK,BIL,pack,,2,False,0.0012,,False
BIL_3803_PACK,BIL,pack,,2,False,0.003606,,False
BIL_3804_PACK,BIL,pack,,2,False,0.005943,,False
BIL_3805_PACK,BIL,pack,,2,False,0.004647,,False
BIL_3815_PACK,BIL,pack,,2,False,0.006242,,False
BIL_3817_PACK,BIL,pack,,2,False,0.002897,,False
BIL_3820_PACK,BIL,pack,,2,False,0.003009,,False
BIL_3821_PACK,BIL,pack,,2,False,0.013716,,False
BIL_3822_PACK,BIL,pack,,2,False,0.006178,,False
BIL_3824_PACK,BIL,pack,,2,False,0.011054,,False
BIL_3829_PACK,BIL,pack,,2,False,0.002806,,False
BIL_3831_PACK,BIL,pack,,2,False,0.007325,,False
BIL_3833_PACK,BIL,pack,,2,False,0.003324,,False
BIL_3839_PACK,BIL,pack,,2,False,0.015029,,False
BIL_3841_PACK,BIL,pack,,2,False,0.00534,,False
BIL_3884_PACK,BIL,pack,,2,False,0.023991,,False
BIL_3920_PACK,BIL,pack,,2,False,0.041378,,False
BIL_3921_PACK,BIL,pack,,2,False,0.520017,5.0,False
BIL_3922_PACK,BIL,pack,,2,False,0.514426,5.0,True
BIL_3923_PACK,BIL,pack,,2,False,0.016805,,False
BIL_3924_PACK,BIL,pack,,2,False,0.003932,,False
BIL_3925_PACK,BIL,pack,,2,False,0.007512,,False
BIL_3926_PACK,BIL,pack,,2,False,0.050784,,False
BIL_3927_PACK,BIL,pack,,2,False,0.519057,5.0,True
BIL_3928_PACK,BIL,pack,,2,False,0.067781,,False
BIL_3929_PACK,BIL,pack,,2,False,0.281004,,False
BIL_3930_PACK,BIL,pack,,2,False,0.012655,,False
BIL_3931_PACK,BIL,pack,,2,False,0.027411,,False
BIL_3932_PACK,BIL,pack,,2,False,0.013231,,False
BIL_3933_PACK,BIL,pack,,2,False,0.520897,5.0,True
BIL_3934_PACK,BIL,pack,,2,False,0.520844,5.0,True
BIL_3935_PACK,BIL,pack,,2,False,0.388083,,False
BIL_3936_PACK,BIL,pack,,2,False,0.003052,,False
BIL_3939_PACK,BIL,pack,,2,False,0.006146,,False
BIL_3940_PACK,BIL,pack,,2,False,0.004503,,False
BIL_3941_PACK,BIL,pack,,2,False,0.003132,,False
BIL_3942_PACK,BIL,pack,,2,False,0.116601,,False
BIL_3943_PACK,BIL,pack,,2,False,0.041549,,False
BIL_3944_PACK,BIL,pack,,2,False,0.070059,,False
BIL_3948_PACK,BIL,pack,,2,False,0.020278,,False
BIL_3949_PACK,BIL,pack,,2,False,0.010051,,False
BIL_3950_PACK,BIL,pack,,2,False,0.011982,,False
BIL_3952_PACK,BIL,pack,,2,False,0.018731,,False
BIL_3953_PACK,BIL,pack,,2,False,0.070491,,False
BIL_3954_PACK,BIL,pack,,2,False,0.020593,,False
BIL_3955_PACK,BIL,pack,,2,False,0.048287,,False
BIL_3956_PACK,BIL,pack,,2,False,0.046905,,False
BIL_3957_PACK,BIL,pack,,2,False,0.049162,,False
BIL_3958_PACK,BIL,pack,,2,False,0.011598,,False
BIL_3959_PACK,BIL,pack,,2,False,0.020561,,False
BIL_3960_PACK,BIL,pack,,2,False,0.07629,,False
BIL_3961_PACK,BIL,pack,,2,False,0.040759,,False
BIL_3962_PACK,BIL,pack,,2,False,0.10695,,False
BIL_3963_PACK,BIL,pack,,2,False,0.010393,,False
BIL_3964_PACK,BIL,pack,,2,False,0.105521,,False
BIL_3965_PACK,BIL,pack,,2,False,0.1427,,False
BIL_3966_PACK,BIL,pack,,2,False,0.004978,,False
BIL_3968_PACK,BIL,pack,,2,False,0.006162,,False
BIL_3969_PACK,BIL,pack,,2,False,0.005447,,False
BIL_3971_PACK,BIL,pack,,2,False,0.020737,,False
BIL_3972_PACK,BIL,pack,,2,False,0.002667,,False
BIL_3973_PACK,BIL,pack,,2,False,0.005314,,False
BIL_3974_PACK,BIL,pack,,2,False,0.002801,,False
BIL_3975_PACK,BIL,pack,,2,False,0.021185,,False
BIL_3977_PACK,BIL,pack,,2,False,0.014058,,False
BIL_3979_PACK,BIL,pack,,2,False,0.007074,,False
BIL_3980_PACK,BIL,pack,,2,False,0.004609,,False
BIL_3981_PACK,BIL,pack,,2,False,0.018539,,False
BIL_3983_PACK,BIL,pack,,2,False,0.013599,,False
BIL_3985_PACK,BIL,pack,,2,False,0.009411,,False
BIL_3988_PACK,BIL,pack,,2,False,0.023474,,False
BIL_3989_PACK,BIL,pack,,2,False,0.037564,,False
BIL_3992_PACK,BIL,pack,,2,False,0.003356,,False
BIL_3994_PACK,BIL,pack,,2,False,0.003831,,False
BIL_3995_PACK,BIL,pack,,2,False,0.006354,,False
BIL_3996_PACK,BIL,pack,,2,False,0.045662,6.0,False
BIL_3997_PACK,BIL,pack,,2,False,0.044552,6.0,True
BIL_3998_PACK,BIL,pack,,2,False,0.020049,,False
BIL_4001_PACK,BIL,pack,,2,False,0.006903,,False
BIL_4004_PACK,BIL,pack,,2,False,0.018443,,False
BIL_4005_PACK,BIL,pack,,2,False,0.005986,,False
BIL_4006_PACK,BIL,pack,,2,False,0.006471,,False
BIL_4009_PACK,BIL,pack,,2,False,0.003297,,False
BIL_4012_PACK,BIL,pack,,2,False,0.011902,,False
BIL_4013_PACK,BIL,pack,,2,False,0.003388,,False
BIL_4014_PACK,BIL,pack,,2,False,0.003132,,False
BIL_4015_PACK,BIL,pack,,2,False,0.005756,,False
BIL_4016_PACK,BIL,pack,,2,False,0.00637,,False
BIL_4019_PACK,BIL,pack,,2,False,0.033578,,False
BIL_4020_PACK,BIL,pack,,2,False,0.049082,,False
BIL_4021_PACK,BIL,pack,,2,False,0.008323,,False
BIL_4024_PACK,BIL,pack,,2,False,0.01067,,False
BIL_4025_PACK,BIL,pack,,2,False,0.034181,,False
BIL_4032_PACK,BIL,pack,,2,False,0.003569,,False
BIL_4036_PACK,BIL,pack,,2,False,0.12622,,False
BIL_4037_PACK,BIL,pack,,2,False,0.003788,,False
BIL_4038_PACK,BIL,pack,,2,False,0.003633,,False
BIL_4039_PACK,BIL,pack,,2,False,0.004305,,False
BIL_4040_PACK,BIL,pack,,2,False,0.008248,,False
BIL_4041_PACK,BIL,pack,,2,False,0.004375,,False
BIL_4042_PACK,BIL,pack,,2,False,0.006231,,False
BIL_4043_PACK,BIL,pack,,2,False,0.002225,,False
BIL_4044_PACK,BIL,pack,,2,False,0.014532,,False
BIL_4045_PACK,BIL,pack,,2,False,0.014404,,False
BIL_4046_PACK,BIL,pack,,2,False,0.014522,,False
BIL_4047_PACK,BIL,pack,,2,False,0.014484,,False
BIL_4048_PACK,BIL,pack,,2,False,0.011518,,False
BIL_4050_PACK,BIL,pack,,2,False,0.00501,,False
BIL_4051_PACK,BIL,pack,,2,False,0.004951,,False
BIL_4052_PACK,BIL,pack,,2,False,0.004567,,False
BIL_4054_PACK,BIL,pack,,2,False,0.003793,,False
BIL_4055_PACK,BIL,pack,,2,False,0.004423,,False
BIL_4056_PACK,BIL,pack,,2,False,0.004412,,False
BIL_4060_PACK,BIL,pack,,2,False,0.003815,,False
BIL_4061_PACK,BIL,pack,,2,False,0.003761,,False
BIL_4062_PACK,BIL,pack,,2,False,0.003697,,False
BIL_4063_PACK,BIL,pack,,2,False,0.003927,,False
BIL_4064_PACK,BIL,pack,,2,False,0.016346,,False
BIL_4065_PACK,BIL,pack,,2,False,0.006498,,False
BIL_4066_PACK,BIL,pack,,2,False,0.006477,,False
BIL_4067_PACK,BIL,pack,,2,False,0.0086,,False
BIL_4068_PACK,BIL,pack,,2,False,0.004887,,False
BIL_4071_PACK,BIL,pack,,2,False,0.002539,,False
BIL_4072_PACK,BIL,pack,,2,False,0.003025,,False
BIL_4075_PACK,BIL,pack,,2,False,0.023938,,False
BIL_4076_PACK,BIL,pack,,2,False,0.027961,,False
BIL_4078_PACK,BIL,pack,,2,False,0.015749,,False
BIL_4079_PACK,BIL,pack,,2,False,0.004994,,False
BIL_4082_PACK,BIL,pack,,2,False,0.004327,,False
BIL_4084_PACK,BIL,pack,,2,False,0.005383,,False
BIL_4089_PACK,BIL,pack,,2,False,0.005207,,False
BIL_4097_PACK,BIL,pack,,2,False,0.0047,,False
BIL_4102_PACK,BIL,pack,,2,False,0.030409,,False
BIL_4103_PACK,BIL,pack,,2,False,0.02931,,False
BIL_4105_PACK,BIL,pack,,2,False,0.035195,,False
BIL_4106_PACK,BIL,pack,,2,False,0.008915,,False
BIL_4107_PACK,BIL,pack,,2,False,0.076125,,False
BIL_SUBSCRIBER_STATUS_ORIG_0,BIL,onehot,BIL_SUBSCRIBER_STATUS_ORIG,2,False,0.001323,,False
BIL_SUBSCRIBER_STATUS_ORIG_Active,BIL,onehot,BIL_SUBSCRIBER_STATUS_ORIG,2,False,0.687199,,False
BIL_SUBSCRIBER_STATUS_ORIG_Barring,BIL,onehot,BIL_SUBSCRIBER_STATUS_ORIG,2,False,0.106886,,False
BIL_SUBSCRIBER_STATUS_ORIG_Block_1_Way,BIL,onehot,BIL_SUBSCRIBER_STATUS_ORIG_Block_1,2,False,0.11093,,False
BIL_SUBSCRIBER_STATUS_ORIG_Block_2_Way,BIL,onehot,BIL_SUBSCRIBER_STATUS_ORIG_Block_2,2,False,0.05765,,False
BIL_SUBSCRIBER_STATUS_ORIG_Idle,BIL,onehot,BIL_SUBSCRIBER_STATUS_ORIG,2,False,0.001216,,False
BIL_SUBSCRIBER_STATUS_ORIG_Pre_Active,BIL,onehot,BIL_SUBSCRIBER_STATUS_ORIG_Pre,2,False,0.00119,,False
BIL_SUBSCRIBER_STATUS_ORIG_Pre_Deactivated,BIL,onehot,BIL_SUBSCRIBER_STATUS_ORIG_Pre,2,False,0.001328,,False
BIL_SUBSCRIBER_STATUS_ORIG_Pre_Expired,BIL,onehot,BIL_SUBSCRIBER_STATUS_ORIG_Pre,2,False,0.003313,,False
BIL_SUBSCRIBER_STATUS_ORIG_Suspend,BIL,onehot,BIL_SUBSCRIBER_STATUS_ORIG,2,False,0.038204,,False
BIL_SUBSCRIBER_TYPE_ORIG_0,BIL,onehot,BIL_SUBSCRIBER_TYPE_ORIG,2,False,0.001238,,False
BIL_SUBSCRIBER_TYPE_ORIG_Postpaid,BIL,onehot,BIL_SUBSCRIBER_TYPE_ORIG,2,False,0.20146,,False
BIL_SUBSCRIBER_TYPE_ORIG_Prepaid,BIL,onehot,BIL_SUBSCRIBER_TYPE_ORIG,2,False,0.798002,,False
BIL_4108_PACK,BIL,pack,,2,False,0.003452,,False
BIL_4111_PACK,BIL,pack,,2,False,0.006727,,False
BIL_4126_PACK,BIL,pack,,2,False,0.003073,,False
BIL_4150_PACK,BIL,pack,,2,False,0.018907,,False
BIL_4171_PACK,BIL,pack,,2,False,0.00749,,False
BIL_4184_PACK,BIL,pack,,2,False,0.007794,,False
BIL_3759_PACK,BIL,pack,,2,False,0.003815,,False
BIL_3779_PACK,BIL,pack,,2,False,0.003553,,False
BIL_3790_PACK,BIL,pack,,2,False,0.003212,,False
BIL_3793_PACK,BIL,pack,,2,False,0.00342,,False
BIL_3795_PACK,BIL,pack,,2,False,0.001963,,False
BIL_3806_PACK,BIL,pack,,2,False,0.002353,,False
BIL_3807_PACK,BIL,pack,,2,False,0.002097,,False
BIL_3808_PACK,BIL,pack,,2,False,0.001334,,False
BIL_3809_PACK,BIL,pack,,2,False,0.004433,,False
BIL_3810_PACK,BIL,pack,,2,False,0.001969,,False
BIL_3811_PACK,BIL,pack,,2,False,0.002481,,False
BIL_3812_PACK,BIL,pack,,2,False,0.001472,,False
BIL_3813_PACK,BIL,pack,,2,False,0.001819,,False
BIL_3816_PACK,BIL,pack,,2,False,0.002086,,False
BIL_3819_PACK,BIL,pack,,2,False,0.001766,,False
BIL_3823_PACK,BIL,pack,,2,False,0.001947,,False
BIL_3825_PACK,BIL,pack,,2,False,0.001697,,False
BIL_3826_PACK,BIL,pack,,2,False,0.001899,,False
BIL_3827_PACK,BIL,pack,,2,False,0.002123,,False
BIL_3828_PACK,BIL,pack,,2,False,0.002139,,False
BIL_3830_PACK,BIL,pack,,2,False,0.00159,,False
BIL_3832_PACK,BIL,pack,,2,False,0.002785,,False
BIL_3834_PACK,BIL,pack,,2,False,0.001467,,False
BIL_3835_PACK,BIL,pack,,2,False,0.001953,,False
BIL_3836_PACK,BIL,pack,,2,False,0.002059,,False
BIL_3837_PACK,BIL,pack,,2,False,0.001771,,False
BIL_3838_PACK,BIL,pack,,2,False,0.001825,,False
BIL_3840_PACK,BIL,pack,,2,False,0.001691,,False
BIL_3842_PACK,BIL,pack,,2,False,0.001318,,False
BIL_3844_PACK,BIL,pack,,2,False,0.001809,,False
BIL_3845_PACK,BIL,pack,,2,False,0.00119,,False
BIL_3846_PACK,BIL,pack,,2,False,0.001568,,False
BIL_3847_PACK,BIL,pack,,2,False,0.001446,,False
BIL_3848_PACK,BIL,pack,,2,False,0.001595,,False
BIL_3849_PACK,BIL,pack,,2,False,0.002507,,False
BIL_3850_PACK,BIL,pack,,2,False,0.002283,,False
BIL_3851_PACK,BIL,pack,,2,False,0.002721,,False
BIL_3854_PACK,BIL,pack,,2,False,0.001307,,False
BIL_3855_PACK,BIL,pack,,2,False,0.00136,,False
BIL_3856_PACK,BIL,pack,,2,False,0.00103,,False
BIL_3858_PACK,BIL,pack,,2,False,0.001382,,False
BIL_3860_PACK,BIL,pack,,2,False,0.001291,,False
BIL_3862_PACK,BIL,pack,,2,False,0.001515,,False
BIL_3863_PACK,BIL,pack,,2,False,0.001435,,False
BIL_3872_PACK,BIL,pack,,2,False,0.001761,,False
BIL_3874_PACK,BIL,pack,,2,False,0.001163,,False
BIL_3877_PACK,BIL,pack,,2,False,0.001142,,False
BIL_3880_PACK,BIL,pack,,2,False,0.001344,,False
BIL_3912_PACK,BIL,pack,,2,False,0.001745,,False
BIL_3919_PACK,BIL,pack,,2,False,0.001104,,False
BIL_3937_PACK,BIL,pack,,2,False,0.001926,,False
BIL_3938_PACK,BIL,pack,,2,False,0.002075,,False
BIL_3947_PACK,BIL,pack,,2,False,0.002097,,False
BIL_3951_PACK,BIL,pack,,2,False,0.001995,,False
BIL_3970_PACK,BIL,pack,,2,False,0.001931,,False
BIL_3976_PACK,BIL,pack,,2,False,0.001899,,False
BIL_3982_PACK,BIL,pack,,2,False,0.001755,,False
BIL_3984_PACK,BIL,pack,,2,False,0.001328,,False
BIL_3986_PACK,BIL,pack,,2,False,0.001488,,False
BIL_3987_PACK,BIL,pack,,2,False,0.001243,,False
BIL_3990_PACK,BIL,pack,,2,False,0.001478,,False
BIL_3991_PACK,BIL,pack,,2,False,0.003574,,False
BIL_3993_PACK,BIL,pack,,2,False,0.001483,,False
BIL_3999_PACK,BIL,pack,,2,False,0.00135,,False
BIL_4000_PACK,BIL,pack,,2,False,0.003537,,False
BIL_4002_PACK,BIL,pack,,2,False,0.003761,,False
BIL_4003_PACK,BIL,pack,,2,False,0.001286,,False
BIL_4008_PACK,BIL,pack,,2,False,0.001755,,False
BIL_4010_PACK,BIL,pack,,2,False,0.001147,,False
BIL_4011_PACK,BIL,pack,,2,False,0.001318,,False
BIL_4017_PACK,BIL,pack,,2,False,0.002049,,False
BIL_4018_PACK,BIL,pack,,2,False,0.001291,,False
BIL_4022_PACK,BIL,pack,,2,False,0.003596,,False
BIL_4023_PACK,BIL,pack,,2,False,0.001969,,False
BIL_4026_PACK,BIL,pack,,2,False,0.001643,,False
BIL_4027_PACK,BIL,pack,,2,False,0.002614,,False
BIL_4028_PACK,BIL,pack,,2,False,0.002726,,False
BIL_4029_PACK,BIL,pack,,2,False,0.002774,,False
BIL_4030_PACK,BIL,pack,,2,False,0.00111,,False
BIL_4031_PACK,BIL,pack,,2,False,0.003548,,False
BIL_4033_PACK,BIL,pack,,2,False,0.003468,,False
BIL_4034_PACK,BIL,pack,,2,False,0.003361,,False
BIL_4035_PACK,BIL,pack,,2,False,0.002598,,False
BIL_4049_PACK,BIL,pack,,2,False,0.003558,,False
BIL_4053_PACK,BIL,pack,,2,False,0.003196,,False
BIL_4058_PACK,BIL,pack,,2,False,0.002353,,False
BIL_4059_PACK,BIL,pack,,2,False,0.003537,,False
BIL_4070_PACK,BIL,pack,,2,False,0.001798,,False
BIL_4073_PACK,BIL,pack,,2,False,0.002166,,False
BIL_4074_PACK,BIL,pack,,2,False,0.002577,,False
BIL_4077_PACK,BIL,pack,,2,False,0.002454,,False
BIL_4081_PACK,BIL,pack,,2,False,0.002694,,False
BIL_4085_PACK,BIL,pack,,2,False,0.001355,,False
BIL_4086_PACK,BIL,pack,,2,False,0.002001,,False
BIL_4087_PACK,BIL,pack,,2,False,0.001638,,False
BIL_4088_PACK,BIL,pack,,2,False,0.002822,,False
BIL_4090_PACK,BIL,pack,,2,False,0.001056,,False
BIL_4091_PACK,BIL,pack,,2,False,0.001633,,False
BIL_4093_PACK,BIL,pack,,2,False,0.001478,,False
BIL_4095_PACK,BIL,pack,,2,False,0.001723,,False
BIL_4098_PACK,BIL,pack,,2,False,0.001478,,False
BIL_4099_PACK,BIL,pack,,2,False,0.001227,,False
BIL_4100_PACK,BIL,pack,,2,False,0.003105,,False
BIL_4101_PACK,BIL,pack,,2,False,0.001494,,False
BIL_4104_PACK,BIL,pack,,2,False,0.001435,,False
BIL_4109_PACK,BIL,pack,,2,False,0.003286,,False
BIL_4110_PACK,BIL,pack,,2,False,0.001697,,False
BIL_4112_PACK,BIL,pack,,2,False,0.002454,,False
BIL_4113_PACK,BIL,pack,,2,False,0.002043,,False
BIL_4114_PACK,BIL,pack,,2,False,0.002358,,False
BIL_4115_PACK,BIL,pack,,2,False,0.00135,,False
BIL_4117_PACK,BIL,pack,,2,False,0.002716,,False
BIL_4118_PACK,BIL,pack,,2,False,0.001259,,False
BIL_4119_PACK,BIL,pack,,2,False,0.001552,,False
BIL_4120_PACK,BIL,pack,,2,False,0.00144,,False
BIL_4122_PACK,BIL,pack,,2,False,0.002561,,False
BIL_4123_PACK,BIL,pack,,2,False,0.001435,,False
BIL_4124_PACK,BIL,pack,,2,False,0.001702,,False
BIL_4125_PACK,BIL,pack,,2,False,0.002038,,False
BIL_4131_PACK,BIL,pack,,2,False,0.002657,,False
BIL_4132_PACK,BIL,pack,,2,False,0.003473,,False
BIL_4135_PACK,BIL,pack,,2,False,0.001739,,False
BIL_4136_PACK,BIL,pack,,2,False,0.001494,,False
BIL_4137_PACK,BIL,pack,,2,False,0.001403,,False
BIL_4139_PACK,BIL,pack,,2,False,0.001734,,False
BIL_4140_PACK,BIL,pack,,2,False,0.002465,,False
BIL_4141_PACK,BIL,pack,,2,False,0.001665,,False
BIL_4142_PACK,BIL,pack,,2,False,0.001552,,False
BIL_4143_PACK,BIL,pack,,2,False,0.001873,,False
BIL_4144_PACK,BIL,pack,,2,False,0.002454,,False
BIL_4145_PACK,BIL,pack,,2,False,0.001787,,False
BIL_4147_PACK,BIL,pack,,2,False,0.001403,,False
BIL_4151_PACK,BIL,pack,,2,False,0.002001,,False
BIL_4152_PACK,BIL,pack,,2,False,0.001793,,False
BIL_4153_PACK,BIL,pack,,2,False,0.001873,,False
BIL_4154_PACK,BIL,pack,,2,False,0.001275,,False
BIL_4155_PACK,BIL,pack,,2,False,0.002139,,False
BIL_4156_PACK,BIL,pack,,2,False,0.001643,,False
BIL_4157_PACK,BIL,pack,,2,False,0.001536,,False
BIL_4160_PACK,BIL,pack,,2,False,0.001483,,False
BIL_4161_PACK,BIL,pack,,2,False,0.001563,,False
BIL_4162_PACK,BIL,pack,,2,False,0.001841,,False
BIL_4163_PACK,BIL,pack,,2,False,0.001883,,False
BIL_4165_PACK,BIL,pack,,2,False,0.001307,,False
BIL_4166_PACK,BIL,pack,,2,False,0.002113,,False
BIL_4167_PACK,BIL,pack,,2,False,0.001419,,False
BIL_4168_PACK,BIL,pack,,2,False,0.001478,,False
BIL_4170_PACK,BIL,pack,,2,False,0.001344,,False
BIL_4172_PACK,BIL,pack,,2,False,0.001894,,False
BIL_4173_PACK,BIL,pack,,2,False,0.001899,,False
BIL_4174_PACK,BIL,pack,,2,False,0.001745,,False
BIL_4175_PACK,BIL,pack,,2,False,0.001867,,False
BIL_4176_PACK,BIL,pack,,2,False,0.001275,,False
BIL_4177_PACK,BIL,pack,,2,False,0.001574,,False
BIL_4178_PACK,BIL,pack,,2,False,0.001408,,False
BIL_4179_PACK,BIL,pack,,2,False,0.001168,,False
BIL_4181_PACK,BIL,pack,,2,False,0.002129,,False
BIL_4182_PACK,BIL,pack,,2,False,0.002545,,False
BIL_4183_PACK,BIL,pack,,2,False,0.002139,,False
BIL_4186_PACK,BIL,pack,,2,False,0.00111,,False
BIL_4187_PACK,BIL,pack,,2,False,0.001611,,False
BIL_4188_PACK,BIL,pack,,2,False,0.001387,,False
BIL_4189_PACK,BIL,pack,,2,False,0.001504,,False
BIL_4191_PACK,BIL,pack,,2,False,0.001408,,False
BIL_4195_PACK,BIL,pack,,2,False,0.00143,,False
BIL_4196_PACK,BIL,pack,,2,False,0.001142,,False
BIL_4197_PACK,BIL,pack,,2,False,0.001243,,False
BIL_4198_PACK,BIL,pack,,2,False,0.001302,,False
BIL_4200_PACK,BIL,pack,,2,False,0.002454,,False
BIL_4201_PACK,BIL,pack,,2,False,0.001328,,False
BIL_4204_PACK,BIL,pack,,2,False,0.001232,,False
BIL_4205_PACK,BIL,pack,,2,False,0.001723,,False
BIL_4207_PACK,BIL,pack,,2,False,0.001835,,False
BIL_4208_PACK,BIL,pack,,2,False,0.00144,,False
BIL_4209_PACK,BIL,pack,,2,False,0.001483,,False
BIL_4210_PACK,BIL,pack,,2,False,0.00144,,False
BIL_4226_PACK,BIL,pack,,2,False,0.001595,,False
BIL_4227_PACK,BIL,pack,,2,False,0.001307,,False
BIL_4234_PACK,BIL,pack,,2,False,0.00144,,False
BIL_4236_PACK,BIL,pack,,2,False,0.001937,,False
BIL_4238_PACK,BIL,pack,,2,False,0.001627,,False
BIL_4240_PACK,BIL,pack,,2,False,0.001942,,False
BIL_4250_PACK,BIL,pack,,2,False,0.001371,,False
BIL_4251_PACK,BIL,pack,,2,False,0.001467,,False
BIL_4253_PACK,BIL,pack,,2,False,0.001211,,False
BIL_4254_PACK,BIL,pack,,2,False,0.001355,,False
BIL_4255_PACK,BIL,pack,,2,False,0.001536,,False
BIL_4262_PACK,BIL,pack,,2,False,0.001291,,False
BIL_4267_PACK,BIL,pack,,2,False,0.00207,,False
BIL_4278_PACK,BIL,pack,,2,False,0.002011,,False
BIL_4285_PACK,BIL,pack,,2,False,0.00175,,False
BIL_4286_PACK,BIL,pack,,2,False,0.001595,,False
BIL_4288_PACK,BIL,pack,,2,False,0.002299,,False
BIL_4307_PACK,BIL,pack,,2,False,0.00127,,False
BIL_4308_PACK,BIL,pack,,2,False,0.001323,,False
BIL_4314_PACK,BIL,pack,,2,False,0.001275,,False
BIL_3783_PACK,BIL,pack,,2,False,0.001232,,False
BIL_3800_PACK,BIL,pack,,2,False,0.001168,,False
BIL_3814_PACK,BIL,pack,,2,False,0.001328,,False
BIL_3818_PACK,BIL,pack,,2,False,0.001152,,False
BIL_3843_PACK,BIL,pack,,2,False,0.00127,,False
BIL_3853_PACK,BIL,pack,,2,False,0.001083,,False
BIL_3859_PACK,BIL,pack,,2,False,0.001323,,False
BIL_3861_PACK,BIL,pack,,2,False,0.001307,,False
BIL_3864_PACK,BIL,pack,,2,False,0.001222,,False
BIL_3865_PACK,BIL,pack,,2,False,0.001222,,False
BIL_3866_PACK,BIL,pack,,2,False,0.001078,,False
BIL_3867_PACK,BIL,pack,,2,False,0.001312,,False
BIL_3868_PACK,BIL,pack,,2,False,0.001211,,False
BIL_3870_PACK,BIL,pack,,2,False,0.001142,,False
BIL_3871_PACK,BIL,pack,,2,False,0.001286,,False
BIL_3873_PACK,BIL,pack,,2,False,0.001024,,False
BIL_3875_PACK,BIL,pack,,2,False,0.001307,,False
BIL_3876_PACK,BIL,pack,,2,False,0.001174,,False
BIL_3878_PACK,BIL,pack,,2,False,0.0012,,False
BIL_3879_PACK,BIL,pack,,2,False,0.00128,,False
BIL_3881_PACK,BIL,pack,,2,False,0.001078,,False
BIL_3882_PACK,BIL,pack,,2,False,0.000998,,False
BIL_3883_PACK,BIL,pack,,2,False,0.00104,,False
BIL_3885_PACK,BIL,pack,,2,False,0.001099,,False
BIL_3886_PACK,BIL,pack,,2,False,0.001254,,False
BIL_3887_PACK,BIL,pack,,2,False,0.001184,,False
BIL_3888_PACK,BIL,pack,,2,False,0.001238,,False
BIL_3889_PACK,BIL,pack,,2,False,0.001206,,False
BIL_3890_PACK,BIL,pack,,2,False,0.001163,,False
BIL_3891_PACK,BIL,pack,,2,False,0.001243,,False
BIL_3892_PACK,BIL,pack,,2,False,0.001211,,False
BIL_3893_PACK,BIL,pack,,2,False,0.001168,,False
BIL_3894_PACK,BIL,pack,,2,False,0.001259,,False
BIL_3895_PACK,BIL,pack,,2,False,0.001168,,False
BIL_3896_PACK,BIL,pack,,2,False,0.001168,,False
BIL_3897_PACK,BIL,pack,,2,False,0.001243,,False
BIL_3900_PACK,BIL,pack,,2,False,0.001264,,False
BIL_3901_PACK,BIL,pack,,2,False,0.001291,,False
BIL_3902_PACK,BIL,pack,,2,False,0.001195,,False
BIL_3905_PACK,BIL,pack,,2,False,0.001174,,False
BIL_3906_PACK,BIL,pack,,2,False,0.00103,,False
BIL_3907_PACK,BIL,pack,,2,False,0.001152,,False
BIL_3909_PACK,BIL,pack,,2,False,0.001179,,False
BIL_3910_PACK,BIL,pack,,2,False,0.001056,,False
BIL_3911_PACK,BIL,pack,,2,False,0.001115,,False
BIL_3913_PACK,BIL,pack,,2,False,0.001264,,False
BIL_3914_PACK,BIL,pack,,2,False,0.0012,,False
BIL_3915_PACK,BIL,pack,,2,False,0.001035,,False
BIL_3917_PACK,BIL,pack,,2,False,0.001136,,False
BIL_3918_PACK,BIL,pack,,2,False,0.001238,,False
BIL_3945_PACK,BIL,pack,,2,False,0.001472,,False
BIL_3946_PACK,BIL,pack,,2,False,0.001211,,False
BIL_3967_PACK,BIL,pack,,2,False,0.001019,,False
BIL_3978_PACK,BIL,pack,,2,False,0.001184,,False
BIL_4007_PACK,BIL,pack,,2,False,0.001254,,False
BIL_4069_PACK,BIL,pack,,2,False,0.001168,,False
BIL_4080_PACK,BIL,pack,,2,False,0.001424,,False
BIL_4083_PACK,BIL,pack,,2,False,0.001142,,False
BIL_4092_PACK,BIL,pack,,2,False,0.001152,,False
BIL_4094_PACK,BIL,pack,,2,False,0.001126,,False
BIL_4096_PACK,BIL,pack,,2,False,0.001184,,False
BIL_4116_PACK,BIL,pack,,2,False,0.001206,,False
BIL_4121_PACK,BIL,pack,,2,False,0.001248,,False
BIL_4127_PACK,BIL,pack,,2,False,0.00104,,False
BIL_4130_PACK,BIL,pack,,2,False,0.00127,,False
BIL_4133_PACK,BIL,pack,,2,False,0.001147,,False
BIL_4134_PACK,BIL,pack,,2,False,0.001382,,False
BIL_4138_PACK,BIL,pack,,2,False,0.001259,,False
BIL_4146_PACK,BIL,pack,,2,False,0.001094,,False
BIL_4149_PACK,BIL,pack,,2,False,0.001051,,False
BIL_4158_PACK,BIL,pack,,2,False,0.0012,,False
BIL_4159_PACK,BIL,pack,,2,False,0.001328,,False
BIL_4164_PACK,BIL,pack,,2,False,0.001152,,False
BIL_4169_PACK,BIL,pack,,2,False,0.00127,,False
BIL_4180_PACK,BIL,pack,,2,False,0.001302,,False
BIL_4192_PACK,BIL,pack,,2,False,0.001179,,False
BIL_4193_PACK,BIL,pack,,2,False,0.001051,,False
BIL_4194_PACK,BIL,pack,,2,False,0.001227,,False
BIL_4199_PACK,BIL,pack,,2,False,0.001094,,False
BIL_4202_PACK,BIL,pack,,2,False,0.001259,,False
BIL_4203_PACK,BIL,pack,,2,False,0.00111,,False
BIL_4206_PACK,BIL,pack,,2,False,0.001328,,False
BIL_4212_PACK,BIL,pack,,2,False,0.001344,,False
BIL_4213_PACK,BIL,pack,,2,False,0.001254,,False
BIL_4214_PACK,BIL,pack,,2,False,0.001046,,False
BIL_4215_PACK,BIL,pack,,2,False,0.001296,,False
BIL_4216_PACK,BIL,pack,,2,False,0.001067,,False
BIL_4217_PACK,BIL,pack,,2,False,0.001184,,False
BIL_4218_PACK,BIL,pack,,2,False,0.001243,,False
BIL_4219_PACK,BIL,pack,,2,False,0.001099,,False
BIL_4220_PACK,BIL,pack,,2,False,0.001222,,False
BIL_4221_PACK,BIL,pack,,2,False,0.001051,,False
BIL_4222_PACK,BIL,pack,,2,False,0.001366,,False
BIL_4223_PACK,BIL,pack,,2,False,0.001051,,False
BIL_4224_PACK,BIL,pack,,2,False,0.001152,,False
BIL_4225_PACK,BIL,pack,,2,False,0.001136,,False
BIL_4228_PACK,BIL,pack,,2,False,0.001323,,False
BIL_4229_PACK,BIL,pack,,2,False,0.001126,,False
BIL_4230_PACK,BIL,pack,,2,False,0.001483,,False
BIL_4231_PACK,BIL,pack,,2,False,0.001168,,False
BIL_4232_PACK,BIL,pack,,2,False,0.001147,,False
BIL_4233_PACK,BIL,pack,,2,False,0.00127,,False
BIL_4235_PACK,BIL,pack,,2,False,0.001302,,False
BIL_4237_PACK,BIL,pack,,2,False,0.001259,,False
BIL_4241_PACK,BIL,pack,,2,False,0.001195,,False
BIL_4242_PACK,BIL,pack,,2,False,0.001238,,False
BIL_4244_PACK,BIL,pack,,2,False,0.001211,,False
BIL_4245_PACK,BIL,pack,,2,False,0.001254,,False
BIL_4246_PACK,BIL,pack,,2,False,0.001211,,False
BIL_4247_PACK,BIL,pack,,2,False,0.001158,,False
BIL_4248_PACK,BIL,pack,,2,False,0.00127,,False
BIL_4249_PACK,BIL,pack,,2,False,0.001211,,False
BIL_4252_PACK,BIL,pack,,2,False,0.001227,,False
BIL_4256_PACK,BIL,pack,,2,False,0.001136,,False
BIL_4257_PACK,BIL,pack,,2,False,0.001232,,False
BIL_4258_PACK,BIL,pack,,2,False,0.001072,,False
BIL_4259_PACK,BIL,pack,,2,False,0.001344,,False
BIL_4260_PACK,BIL,pack,,2,False,0.001126,,False
BIL_4261_PACK,BIL,pack,,2,False,0.001147,,False
BIL_4263_PACK,BIL,pack,,2,False,0.001179,,False
BIL_4268_PACK,BIL,pack,,2,False,0.001243,,False
BIL_4270_PACK,BIL,pack,,2,False,0.001275,,False
BIL_4271_PACK,BIL,pack,,2,False,0.001216,,False
BIL_4272_PACK,BIL,pack,,2,False,0.001072,,False
BIL_4273_PACK,BIL,pack,,2,False,0.001094,,False
BIL_4274_PACK,BIL,pack,,2,False,0.001067,,False
BIL_4275_PACK,BIL,pack,,2,False,0.001296,,False
BIL_4276_PACK,BIL,pack,,2,False,0.001008,,False
BIL_4277_PACK,BIL,pack,,2,False,0.001211,,False
BIL_4279_PACK,BIL,pack,,2,False,0.00128,,False
BIL_4280_PACK,BIL,pack,,2,False,0.001131,,False
BIL_4281_PACK,BIL,pack,,2,False,0.001062,,False
BIL_4282_PACK,BIL,pack,,2,False,0.001259,,False
BIL_4283_PACK,BIL,pack,,2,False,0.001088,,False
BIL_4284_PACK,BIL,pack,,2,False,0.001174,,False
BIL_4289_PACK,BIL,pack,,2,False,0.001275,,False
BIL_4290_PACK,BIL,pack,,2,False,0.001211,,False
BIL_4291_PACK,BIL,pack,,2,False,0.001216,,False
BIL_4292_PACK,BIL,pack,,2,False,0.001174,,False
BIL_4293_PACK,BIL,pack,,2,False,0.001126,,False
BIL_4294_PACK,BIL,pack,,2,False,0.001163,,False
BIL_4297_PACK,BIL,pack,,2,False,0.001275,,False
BIL_4298_PACK,BIL,pack,,2,False,0.001216,,False
BIL_4299_PACK,BIL,pack,,2,False,0.001216,,False
BIL_4301_PACK,BIL,pack,,2,False,0.001184,,False
BIL_4303_PACK,BIL,pack,,2,False,0.001286,,False
BIL_4304_PACK,BIL,pack,,2,False,0.001259,,False
BIL_4305_PACK,BIL,pack,,2,False,0.00119,,False
BIL_4309_PACK,BIL,pack,,2,False,0.001286,,False
BIL_4311_PACK,BIL,pack,,2,False,0.001392,,False
BIL_4312_PACK,BIL,pack,,2,False,0.001227,,False
BIL_4313_PACK,BIL,pack,,2,False,0.001168,,False
BIL_4316_PACK,BIL,pack,,2,False,0.00104,,False
BIL_4317_PACK,BIL,pack,,2,False,0.001211,,False
BIL_4318_PACK,BIL,pack,,2,False,0.00119,,False
BIL_4320_PACK,BIL,pack,,2,False,0.00103,,False
BIL_4323_PACK,BIL,pack,,2,False,0.00119,,False
BIL_4324_PACK,BIL,pack,,2,False,0.001126,,False
BIL_4325_PACK,BIL,pack,,2,False,0.001072,,False
BIL_4326_PACK,BIL,pack,,2,False,0.001088,,False
BIL_4328_PACK,BIL,pack,,2,False,0.001243,,False
BIL_4329_PACK,BIL,pack,,2,False,0.001088,,False
BIL_4330_PACK,BIL,pack,,2,False,0.00096,,False
BIL_4332_PACK,BIL,pack,,2,False,0.001179,,False
BIL_4333_PACK,BIL,pack,,2,False,0.001387,,False
BIL_4336_PACK,BIL,pack,,2,False,0.00103,,False
BIL_4337_PACK,BIL,pack,,2,False,0.001131,,False
BIL_4338_PACK,BIL,pack,,2,False,0.001222,,False
BIL_4339_PACK,BIL,pack,,2,False,0.001062,,False
BIL_4340_PACK,BIL,pack,,2,False,0.001355,,False
BIL_4341_PACK,BIL,pack,,2,False,0.00119,,False
BIL_4342_PACK,BIL,pack,,2,False,0.001024,,False
BIL_4343_PACK,BIL,pack,,2,False,0.001147,,False
BIL_4344_PACK,BIL,pack,,2,False,0.001168,,False
BIL_4346_PACK,BIL,pack,,2,False,0.001227,,False
BIL_4349_PACK,BIL,pack,,2,False,0.001174,,False
BIL_4351_PACK,BIL,pack,,2,False,0.001142,,False
BIL_4353_PACK,BIL,pack,,2,False,0.001174,,False
BIL_4365_PACK,BIL,pack,,2,False,0.001222,,False
BIL_4366_PACK,BIL,pack,,2,False,0.001286,,False
BIL_4370_PACK,BIL,pack,,2,False,0.00119,,False
BIL_4374_PACK,BIL,pack,,2,False,0.001104,,False
BIL_4376_PACK,BIL,pack,,2,False,0.001094,,False
BIL_4387_PACK,BIL,pack,,2,False,0.001046,,False
BIL_4389_PACK,BIL,pack,,2,False,0.001174,,False
BIL_4390_PACK,BIL,pack,,2,False,0.00112,,False
BIL_4394_PACK,BIL,pack,,2,False,0.001158,,False
BIL_4399_PACK,BIL,pack,,2,False,0.00112,,False
BIL_4404_PACK,BIL,pack,,2,False,0.001259,,False
BIL_4405_PACK,BIL,pack,,2,False,0.001099,,False
BIL_4408_PACK,BIL,pack,,2,False,0.001035,,False
BIL_4414_PACK,BIL,pack,,2,False,0.00112,,False
BIL_4416_PACK,BIL,pack,,2,False,0.00127,,False
BIL_4453_PACK,BIL,pack,,2,False,0.001211,,False
BIL_3903_PACK,BIL,pack,,2,False,0.00119,,False
BIL_3904_PACK,BIL,pack,,2,False,0.001147,,False
BIL_3908_PACK,BIL,pack,,2,False,0.0012,,False
BIL_3916_PACK,BIL,pack,,2,False,0.00111,,False
BIL_4128_PACK,BIL,pack,,2,False,0.001094,,False
BIL_4185_PACK,BIL,pack,,2,False,0.00095,,False
BIL_4190_PACK,BIL,pack,,2,False,0.001195,,False
BIL_4211_PACK,BIL,pack,,2,False,0.001179,,False
BIL_4239_PACK,BIL,pack,,2,False,0.001152,,False
BIL_4243_PACK,BIL,pack,,2,False,0.00095,,False
BIL_4264_PACK,BIL,pack,,2,False,0.001286,,False
BIL_4265_PACK,BIL,pack,,2,False,0.00128,,False
BIL_4266_PACK,BIL,pack,,2,False,0.000992,,False
BIL_4287_PACK,BIL,pack,,2,False,0.00119,,False
BIL_4295_PACK,BIL,pack,,2,False,0.001136,,False
BIL_4296_PACK,BIL,pack,,2,False,0.001158,,False
BIL_4300_PACK,BIL,pack,,2,False,0.001259,,False
BIL_4302_PACK,BIL,pack,,2,False,0.001152,,False
BIL_4306_PACK,BIL,pack,,2,False,0.001152,,False
BIL_4315_PACK,BIL,pack,,2,False,0.001168,,False
BIL_4321_PACK,BIL,pack,,2,False,0.001056,,False
BIL_4327_PACK,BIL,pack,,2,False,0.0012,,False
BIL_4334_PACK,BIL,pack,,2,False,0.001088,,False
BIL_4335_PACK,BIL,pack,,2,False,0.001094,,False
BIL_4345_PACK,BIL,pack,,2,False,0.001158,,False
BIL_4347_PACK,BIL,pack,,2,False,0.000992,,False
BIL_4348_PACK,BIL,pack,,2,False,0.001104,,False
BIL_4350_PACK,BIL,pack,,2,False,0.001174,,False
BIL_4354_PACK,BIL,pack,,2,False,0.001312,,False
BIL_4355_PACK,BIL,pack,,2,False,0.001083,,False
BIL_4356_PACK,BIL,pack,,2,False,0.001147,,False
BIL_4357_PACK,BIL,pack,,2,False,0.00111,,False
BIL_4358_PACK,BIL,pack,,2,False,0.001051,,False
BIL_4359_PACK,BIL,pack,,2,False,0.001184,,False
BIL_4360_PACK,BIL,pack,,2,False,0.000982,,False
BIL_4361_PACK,BIL,pack,,2,False,0.001147,,False
BIL_4362_PACK,BIL,pack,,2,False,0.001174,,False
BIL_4363_PACK,BIL,pack,,2,False,0.001174,,False
BIL_4367_PACK,BIL,pack,,2,False,0.001099,,False
BIL_4368_PACK,BIL,pack,,2,False,0.001206,,False
BIL_4369_PACK,BIL,pack,,2,False,0.001179,,False
BIL_4371_PACK,BIL,pack,,2,False,0.001083,,False
BIL_4372_PACK,BIL,pack,,2,False,0.001099,,False
BIL_4373_PACK,BIL,pack,,2,False,0.001195,,False
BIL_4375_PACK,BIL,pack,,2,False,0.000971,,False
BIL_4377_PACK,BIL,pack,,2,False,0.0012,,False
BIL_4378_PACK,BIL,pack,,2,False,0.001232,,False
BIL_4379_PACK,BIL,pack,,2,False,0.00112,,False
BIL_4380_PACK,BIL,pack,,2,False,0.001296,,False
BIL_4381_PACK,BIL,pack,,2,False,0.001126,,False
BIL_4382_PACK,BIL,pack,,2,False,0.001163,,False
BIL_4383_PACK,BIL,pack,,2,False,0.00128,,False
BIL_4384_PACK,BIL,pack,,2,False,0.00104,,False
BIL_4385_PACK,BIL,pack,,2,False,0.000966,,False
BIL_4386_PACK,BIL,pack,,2,False,0.001024,,False
BIL_4388_PACK,BIL,pack,,2,False,0.00111,,False
BIL_4391_PACK,BIL,pack,,2,False,0.001035,,False
BIL_4392_PACK,BIL,pack,,2,False,0.001104,,False
BIL_4393_PACK,BIL,pack,,2,False,0.001067,,False
BIL_4396_PACK,BIL,pack,,2,False,0.001003,,False
BIL_4397_PACK,BIL,pack,,2,False,0.001088,,False
BIL_4398_PACK,BIL,pack,,2,False,0.001147,,False
BIL_4400_PACK,BIL,pack,,2,False,0.001104,,False
BIL_4401_PACK,BIL,pack,,2,False,0.00112,,False
BIL_4402_PACK,BIL,pack,,2,False,0.001136,,False
BIL_4403_PACK,BIL,pack,,2,False,0.001062,,False
BIL_4406_PACK,BIL,pack,,2,False,0.001275,,False
BIL_4407_PACK,BIL,pack,,2,False,0.001088,,False
BIL_4409_PACK,BIL,pack,,2,False,0.001136,,False
BIL_4410_PACK,BIL,pack,,2,False,0.001078,,False
BIL_4411_PACK,BIL,pack,,2,False,0.00119,,False
BIL_4412_PACK,BIL,pack,,2,False,0.001067,,False
BIL_4413_PACK,BIL,pack,,2,False,0.001152,,False
BIL_4415_PACK,BIL,pack,,2,False,0.001067,,False
BIL_4417_PACK,BIL,pack,,2,False,0.001179,,False
BIL_4418_PACK,BIL,pack,,2,False,0.001088,,False
BIL_4419_PACK,BIL,pack,,2,False,0.001163,,False
BIL_4420_PACK,BIL,pack,,2,False,0.001147,,False
BIL_4421_PACK,BIL,pack,,2,False,0.000987,,False
BIL_4422_PACK,BIL,pack,,2,False,0.001104,,False
BIL_4423_PACK,BIL,pack,,2,False,0.001184,,False
BIL_4424_PACK,BIL,pack,,2,False,0.001126,,False
BIL_4425_PACK,BIL,pack,,2,False,0.001008,,False
BIL_4426_PACK,BIL,pack,,2,False,0.001104,,False
BIL_4427_PACK,BIL,pack,,2,False,0.001126,,False
BIL_4428_PACK,BIL,pack,,2,False,0.001174,,False
BIL_4429_PACK,BIL,pack,,2,False,0.001051,,False
BIL_4430_PACK,BIL,pack,,2,False,0.00112,,False
BIL_4431_PACK,BIL,pack,,2,False,0.001211,,False
BIL_4432_PACK,BIL,pack,,2,False,0.001184,,False
BIL_4433_PACK,BIL,pack,,2,False,0.001104,,False
BIL_4435_PACK,BIL,pack,,2,False,0.001211,,False
BIL_4436_PACK,BIL,pack,,2,False,0.001216,,False
BIL_4437_PACK,BIL,pack,,2,False,0.001083,,False
BIL_4439_PACK,BIL,pack,,2,False,0.001035,,False
BIL_4440_PACK,BIL,pack,,2,False,0.001056,,False
BIL_4441_PACK,BIL,pack,,2,False,0.001227,,False
BIL_4442_PACK,BIL,pack,,2,False,0.001275,,False
BIL_4443_PACK,BIL,pack,,2,False,0.001211,,False
BIL_4444_PACK,BIL,pack,,2,False,0.001232,,False
BIL_4445_PACK,BIL,pack,,2,False,0.001083,,False
BIL_4446_PACK,BIL,pack,,2,False,0.001163,,False
BIL_4447_PACK,BIL,pack,,2,False,0.001131,,False
BIL_4448_PACK,BIL,pack,,2,False,0.001104,,False
BIL_4449_PACK,BIL,pack,,2,False,0.001179,,False
BIL_4450_PACK,BIL,pack,,2,False,0.00127,,False
BIL_4451_PACK,BIL,pack,,2,False,0.001147,,False
BIL_4452_PACK,BIL,pack,,2,False,0.00104,,False
BIL_4454_PACK,BIL,pack,,2,False,0.001099,,False
BIL_4455_PACK,BIL,pack,,2,False,0.001152,,False
BIL_4456_PACK,BIL,pack,,2,False,0.001126,,False
BIL_4457_PACK,BIL,pack,,2,False,0.001254,,False
BIL_4458_PACK,BIL,pack,,2,False,0.001136,,False
BIL_4459_PACK,BIL,pack,,2,False,0.001163,,False
BIL_4460_PACK,BIL,pack,,2,False,0.001003,,False
BIL_4461_PACK,BIL,pack,,2,False,0.001104,,False
BIL_4462_PACK,BIL,pack,,2,False,0.001078,,False
BIL_4463_PACK,BIL,pack,,2,False,0.001094,,False
BIL_4464_PACK,BIL,pack,,2,False,0.001035,,False
BIL_4465_PACK,BIL,pack,,2,False,0.001179,,False
BIL_4466_PACK,BIL,pack,,2,False,0.00111,,False
BIL_4467_PACK,BIL,pack,,2,False,0.001072,,False
BIL_4468_PACK,BIL,pack,,2,False,0.001072,,False
BIL_4504_PACK,BIL,pack,,2,False,0.001163,,False
BIL_4506_PACK,BIL,pack,,2,False,0.0012,,False
BIL_4507_PACK,BIL,pack,,2,False,0.001147,,False
BIL_4508_PACK,BIL,pack,,2,False,0.001136,,False
BIL_4509_PACK,BIL,pack,,2,False,0.00112,,False
BIL_4510_PACK,BIL,pack,,2,False,0.001264,,False
