bil_pack,best_crm_pack,jaccard,conf_fwd_P_bil_given_crm,conf_rev_P_crm_given_bil,bil_prevalence
BIL_3748_PACK,CRM_1537_PACK,0.996333,0.998254,0.998071,0.727542
BIL_3934_PACK,CRM_1533_PACK,0.995973,0.997921,0.998044,0.520844
BIL_3933_PACK,CRM_1533_PACK,0.995891,0.997931,0.997952,0.520897
BIL_3927_PACK,CRM_1541_PACK,0.995702,0.997893,0.9978,0.519057
BIL_3921_PACK,CRM_1529_PACK,0.995506,0.997733,0.997763,0.520017
BIL_3922_PACK,CRM_1532_PACK,0.995397,0.997502,0.997884,0.514426
BIL_3745_PACK,CRM_2087_PACK,0.994238,0.996754,0.997468,0.417116
BIL_3744_PACK,CRM_2088_PACK,0.994163,0.996643,0.997503,0.401751
BIL_3935_PACK,CRM_1538_PACK,0.994121,0.996867,0.997237,0.388083
BIL_3749_PACK,CRM_2076_PACK,0.994052,0.996713,0.997321,0.428202
BIL_3750_PACK,CRM_2077_PACK,0.993639,0.996307,0.997312,0.422792
BIL_3929_PACK,CRM_1527_PACK,0.992022,0.995768,0.996222,0.281004
BIL_3739_PACK,CRM_2091_PACK,0.991944,0.995593,0.996318,0.278225
BIL_3737_PACK,CRM_2079_PACK,0.991415,0.995861,0.995517,0.278486
BIL_3746_PACK,CRM_2078_PACK,0.991017,0.99519,0.995786,0.240554
BIL_3762_PACK,CRM_1553_PACK,0.990637,0.993882,0.996715,0.344331
BIL_3742_PACK,CRM_2093_PACK,0.989738,0.994468,0.995218,0.247661
BIL_3740_PACK,CRM_2089_PACK,0.984988,0.99251,0.992364,0.145325
BIL_3965_PACK,CRM_1555_PACK,0.984512,0.991011,0.993383,0.1427
BIL_3771_PACK,CRM_1575_PACK,0.983473,0.991307,0.992029,0.131849
BIL_4036_PACK,CRM_1594_PACK,0.982985,0.99142,0.99142,0.12622
BIL_3942_PACK,CRM_1606_PACK,0.981372,0.990485,0.990712,0.116601
BIL_3962_PACK,CRM_1556_PACK,0.980817,0.991058,0.989574,0.10695
BIL_3758_PACK,CRM_2080_PACK,0.97998,0.989311,0.990467,0.114163
BIL_3751_PACK,CRM_2092_PACK,0.977905,0.989248,0.98841,0.10081
BIL_3964_PACK,CRM_1586_PACK,0.977809,0.98843,0.98913,0.105521
BIL_3760_PACK,CRM_2081_PACK,0.977472,0.98827,0.988946,0.093629
BIL_3754_PACK,CRM_2104_PACK,0.976345,0.988625,0.987437,0.097673
BIL_3960_PACK,CRM_1596_PACK,0.971306,0.986134,0.984755,0.07629
BIL_4107_PACK,CRM_1583_PACK,0.970266,0.984185,0.985633,0.076125
BIL_3953_PACK,CRM_1570_PACK,0.969136,0.982434,0.986226,0.070491
BIL_3944_PACK,CRM_1528_PACK,0.966674,0.983167,0.982942,0.070059
BIL_3928_PACK,CRM_1564_PACK,0.965064,0.981681,0.982763,0.067781
BIL_3764_PACK,CRM_2090_PACK,0.961354,0.979329,0.981265,0.056668
BIL_3926_PACK,CRM_1582_PACK,0.958102,0.979478,0.977729,0.050784
BIL_3956_PACK,CRM_1530_PACK,0.955304,0.97703,0.977252,0.046905
BIL_3996_PACK,CRM_1549_PACK,0.953565,0.975946,0.976516,0.045662
BIL_3955_PACK,CRM_1524_PACK,0.952884,0.975281,0.976467,0.048287
BIL_3957_PACK,CRM_1540_PACK,0.95225,0.975065,0.976017,0.049162
BIL_3765_PACK,CRM_2085_PACK,0.950596,0.974389,0.974956,0.045801
BIL_4020_PACK,CRM_1617_PACK,0.950446,0.975602,0.973587,0.049082
BIL_3775_PACK,CRM_2082_PACK,0.949157,0.972659,0.975175,0.041261
BIL_3743_PACK,CRM_2114_PACK,0.948705,0.974669,0.972688,0.041997
BIL_3943_PACK,CRM_1547_PACK,0.948692,0.973921,0.973421,0.041549
BIL_3920_PACK,CRM_1589_PACK,0.948676,0.977394,0.969959,0.041378
BIL_3997_PACK,CRM_1563_PACK,0.947325,0.974646,0.971261,0.044552
BIL_4105_PACK,CRM_1590_PACK,0.942206,0.969289,0.971199,0.035195
BIL_3961_PACK,CRM_1595_PACK,0.942031,0.972511,0.967801,0.040759
BIL_3741_PACK,CRM_2100_PACK,0.941863,0.968637,0.97149,0.039858
BIL_4025_PACK,CRM_1557_PACK,0.939504,0.968054,0.969565,0.034181
BIL_3761_PACK,CRM_2095_PACK,0.939456,0.966681,0.970894,0.037942
BIL_3989_PACK,CRM_1603_PACK,0.937887,0.968706,0.967192,0.037564
BIL_4019_PACK,CRM_1558_PACK,0.93674,0.967721,0.966953,0.033578
BIL_3763_PACK,CRM_2101_PACK,0.931198,0.9628,0.965952,0.032591
BIL_4076_PACK,CRM_1653_PACK,0.927837,0.961012,0.964129,0.027961
BIL_4103_PACK,CRM_1573_PACK,0.924343,0.960684,0.960684,0.02931
BIL_3931_PACK,CRM_1554_PACK,0.920674,0.959633,0.957766,0.027411
BIL_3884_PACK,CRM_1625_PACK,0.914559,0.95389,0.95686,0.023991
BIL_3766_PACK,CRM_2106_PACK,0.910015,0.950797,0.954988,0.022994
BIL_4075_PACK,CRM_1648_PACK,0.908956,0.952307,0.952307,0.023938
BIL_3988_PACK,CRM_1585_PACK,0.906886,0.950522,0.951818,0.023474
BIL_4102_PACK,CRM_1552_PACK,0.906033,0.961097,0.940526,0.030409
BIL_3971_PACK,CRM_1543_PACK,0.90425,0.947045,0.952405,0.020737
BIL_4150_PACK,CRM_1593_PACK,0.897752,0.945854,0.946388,0.018907
BIL_3753_PACK,CRM_2121_PACK,0.89756,0.947411,0.944623,0.019942
BIL_3954_PACK,CRM_1545_PACK,0.895452,0.951168,0.938601,0.020593
BIL_3998_PACK,CRM_1578_PACK,0.895173,0.941814,0.947578,0.020049
BIL_3948_PACK,CRM_1566_PACK,0.89441,0.941423,0.947119,0.020278
BIL_3959_PACK,CRM_1654_PACK,0.89132,0.944502,0.940581,0.020561
BIL_3975_PACK,CRM_1588_PACK,0.890718,0.944346,0.940065,0.021185
BIL_4004_PACK,CRM_1608_PACK,0.882787,0.940885,0.934625,0.018443
BIL_3767_PACK,CRM_2134_PACK,0.881702,0.938689,0.935581,0.017723
BIL_3981_PACK,CRM_1525_PACK,0.880217,0.937915,0.934676,0.018539
BIL_3923_PACK,CRM_1641_PACK,0.877976,0.933544,0.936508,0.016805
BIL_3774_PACK,CRM_2086_PACK,0.873487,0.930668,0.934283,0.01648
BIL_3770_PACK,CRM_2084_PACK,0.873447,0.927585,0.937364,0.017205
BIL_3785_PACK,CRM_2102_PACK,0.872876,0.929264,0.935002,0.016416
BIL_4064_PACK,CRM_1616_PACK,0.871381,0.929454,0.933094,0.016346
BIL_4078_PACK,CRM_1715_PACK,0.870856,0.927682,0.934282,0.015749
BIL_4047_PACK,CRM_1522_PACK,0.868158,0.929941,0.928913,0.014484
BIL_4045_PACK,CRM_1522_PACK,0.867495,0.926991,0.931111,0.014404
BIL_3757_PACK,CRM_2123_PACK,0.866934,0.931394,0.926071,0.014938
BIL_4046_PACK,CRM_1523_PACK,0.863777,0.93138,0.922483,0.014522
BIL_4044_PACK,CRM_1523_PACK,0.863183,0.93138,0.921806,0.014532
BIL_3752_PACK,CRM_2130_PACK,0.860393,0.922736,0.927192,0.014362
BIL_3787_PACK,CRM_2111_PACK,0.85564,0.920765,0.923649,0.013626
BIL_3983_PACK,CRM_1577_PACK,0.853871,0.920815,0.921538,0.013599
BIL_3930_PACK,CRM_1664_PACK,0.851939,0.923175,0.916948,0.012655
BIL_3839_PACK,CRM_2143_PACK,0.850889,0.92124,0.917643,0.015029
BIL_3977_PACK,CRM_1613_PACK,0.849913,0.913696,0.924099,0.014058
BIL_3782_PACK,CRM_2132_PACK,0.843914,0.916557,0.914148,0.01218
BIL_3950_PACK,CRM_1591_PACK,0.842234,0.908931,0.919858,0.011982
BIL_3794_PACK,CRM_2113_PACK,0.836322,0.916771,0.905037,0.012921
BIL_3796_PACK,CRM_2099_PACK,0.836262,0.904935,0.916803,0.013017
BIL_3821_PACK,CRM_2083_PACK,0.836024,0.915161,0.906262,0.013716
BIL_3932_PACK,CRM_1559_PACK,0.835359,0.906113,0.914516,0.013231
BIL_3801_PACK,CRM_2148_PACK,0.832922,0.912123,0.905593,0.011924
BIL_4012_PACK,CRM_1584_PACK,0.830946,0.905442,0.909906,0.011902
BIL_4048_PACK,CRM_1619_PACK,0.827119,0.906642,0.904122,0.011518
BIL_4024_PACK,CRM_1644_PACK,0.822647,0.900896,0.9045,0.01067
BIL_3824_PACK,CRM_2141_PACK,0.819991,0.907489,0.894788,0.011054
BIL_3958_PACK,CRM_1534_PACK,0.819433,0.89767,0.903864,0.011598
BIL_3797_PACK,CRM_2112_PACK,0.813442,0.895636,0.89862,0.011209
BIL_3949_PACK,CRM_1565_PACK,0.805052,0.887546,0.896497,0.010051
BIL_3985_PACK,CRM_1675_PACK,0.803154,0.886581,0.895125,0.009411
BIL_3963_PACK,CRM_1683_PACK,0.799448,0.884929,0.892197,0.010393
BIL_3791_PACK,CRM_2155_PACK,0.790196,0.876087,0.889625,0.009667
BIL_4106_PACK,CRM_1587_PACK,0.786982,0.88613,0.875524,0.008915
BIL_4067_PACK,CRM_1609_PACK,0.769231,0.870647,0.868486,0.0086
BIL_3778_PACK,CRM_2128_PACK,0.766921,0.866215,0.869969,0.008616
BIL_3777_PACK,CRM_2103_PACK,0.758923,0.862941,0.862941,0.008018
BIL_4021_PACK,CRM_1602_PACK,0.754918,0.859795,0.860897,0.008323
BIL_3925_PACK,CRM_1678_PACK,0.748907,0.861351,0.851562,0.007512
BIL_4040_PACK,CRM_1630_PACK,0.74748,0.847619,0.863519,0.008248
BIL_3776_PACK,CRM_2146_PACK,0.74626,0.855281,0.85411,0.007789
BIL_3831_PACK,CRM_2140_PACK,0.746032,0.853304,0.85579,0.007325
BIL_3786_PACK,CRM_2094_PACK,0.745784,0.860851,0.848011,0.007512
BIL_4184_PACK,CRM_1643_PACK,0.738095,0.849897,0.848734,0.007794
BIL_3952_PACK,CRM_1598_PACK,0.73504,0.931989,0.776702,0.018731
BIL_3755_PACK,CRM_2109_PACK,0.734028,0.849678,0.843575,0.006685
BIL_4171_PACK,CRM_1579_PACK,0.730793,0.855889,0.833333,0.00749
BIL_4006_PACK,CRM_1646_PACK,0.730633,0.841244,0.847486,0.006471
BIL_4016_PACK,CRM_1662_PACK,0.725377,0.83665,0.845059,0.00637
BIL_4111_PACK,CRM_1689_PACK,0.722752,0.836751,0.841396,0.006727
BIL_3979_PACK,CRM_1560_PACK,0.718134,0.847944,0.824284,0.007074
BIL_4001_PACK,CRM_1519_PACK,0.715328,0.835012,0.833076,0.006903
BIL_4066_PACK,CRM_1601_PACK,0.711983,0.826688,0.836903,0.006477
BIL_3968_PACK,CRM_1623_PACK,0.711852,0.831315,0.832035,0.006162
BIL_3939_PACK,CRM_1568_PACK,0.705062,0.819966,0.834201,0.006146
BIL_4065_PACK,CRM_1601_PACK,0.702853,0.821806,0.829228,0.006498
BIL_4042_PACK,CRM_1592_PACK,0.700799,0.821976,0.826199,0.006231
BIL_4005_PACK,CRM_1635_PACK,0.699848,0.826009,0.820856,0.005986
BIL_4015_PACK,CRM_1640_PACK,0.699843,0.819266,0.827618,0.005756
BIL_3784_PACK,CRM_2116_PACK,0.699422,0.818951,0.82735,0.006242
BIL_3815_PACK,CRM_2118_PACK,0.697234,0.824441,0.818803,0.006242
BIL_3995_PACK,CRM_1638_PACK,0.691208,0.822979,0.811923,0.006354
BIL_3822_PACK,CRM_2097_PACK,0.684211,0.805603,0.819516,0.006178
BIL_3841_PACK,CRM_2115_PACK,0.67194,0.80139,0.806194,0.00534
BIL_3969_PACK,CRM_1576_PACK,0.665852,0.798631,0.800196,0.005447
BIL_3769_PACK,CRM_2107_PACK,0.665008,0.79249,0.805221,0.005314
BIL_4089_PACK,CRM_1710_PACK,0.663606,0.781711,0.814549,0.005207
BIL_3973_PACK,CRM_1631_PACK,0.659432,0.796371,0.793173,0.005314
BIL_3804_PACK,CRM_2154_PACK,0.652663,0.798898,0.780969,0.005943
BIL_4084_PACK,CRM_1676_PACK,0.65154,0.781341,0.796829,0.005383
BIL_4079_PACK,CRM_1629_PACK,0.649693,0.78473,0.790598,0.004994
BIL_4068_PACK,CRM_1671_PACK,0.64589,0.789183,0.780568,0.004887
BIL_3966_PACK,CRM_1671_PACK,0.6405,0.792494,0.769561,0.004978
BIL_3772_PACK,CRM_2126_PACK,0.640034,0.783386,0.777662,0.005111
BIL_3799_PACK,CRM_2135_PACK,0.639037,0.784464,0.775135,0.004935
BIL_4051_PACK,CRM_1669_PACK,0.637333,0.784464,0.772629,0.004951
BIL_3756_PACK,CRM_2138_PACK,0.633841,0.785794,0.766234,0.00493
BIL_4097_PACK,CRM_1571_PACK,0.633737,0.779817,0.77185,0.0047
BIL_4050_PACK,CRM_1671_PACK,0.629859,0.786976,0.759318,0.00501
BIL_4041_PACK,CRM_1567_PACK,0.617126,0.761847,0.764634,0.004375
BIL_3980_PACK,CRM_1708_PACK,0.61418,0.750281,0.771991,0.004609
BIL_3809_PACK,CRM_2120_PACK,0.61309,0.753846,0.766546,0.004433
BIL_4039_PACK,CRM_1690_PACK,0.612488,0.753659,0.765799,0.004305
BIL_3781_PACK,CRM_2161_PACK,0.612154,0.756071,0.762806,0.004791
BIL_4056_PACK,CRM_1658_PACK,0.61181,0.754177,0.764208,0.004412
BIL_3805_PACK,CRM_2139_PACK,0.60671,0.763189,0.747417,0.004647
BIL_4052_PACK,CRM_1639_PACK,0.584416,0.739437,0.735981,0.004567
BIL_4082_PACK,CRM_1665_PACK,0.58413,0.722222,0.753391,0.004327
BIL_3789_PACK,CRM_2137_PACK,0.579556,0.728485,0.739237,0.004337
BIL_3788_PACK,CRM_2153_PACK,0.574735,0.741294,0.718938,0.004423
BIL_4055_PACK,CRM_1548_PACK,0.574144,0.730351,0.728589,0.004423
BIL_3924_PACK,CRM_1627_PACK,0.564398,0.712021,0.731343,0.003932
BIL_3773_PACK,CRM_2117_PACK,0.557054,0.716956,0.714096,0.004012
BIL_4038_PACK,CRM_1614_PACK,0.556805,0.704125,0.726872,0.003633
BIL_4032_PACK,CRM_1550_PACK,0.555429,0.702312,0.726457,0.003569
BIL_3759_PACK,CRM_2169_PACK,0.555195,0.710526,0.717483,0.003815
BIL_4062_PACK,CRM_1645_PACK,0.552954,0.708571,0.715729,0.003697
BIL_4063_PACK,CRM_1581_PACK,0.551042,0.702523,0.71875,0.003927
BIL_4022_PACK,CRM_1655_PACK,0.55102,0.700288,0.721068,0.003596
BIL_4000_PACK,CRM_1686_PACK,0.543632,0.713622,0.695324,0.003537
BIL_4037_PACK,CRM_1551_PACK,0.543573,0.705799,0.702817,0.003788
BIL_3991_PACK,CRM_1686_PACK,0.540984,0.71517,0.689552,0.003574
BIL_4061_PACK,CRM_1645_PACK,0.54057,0.704286,0.699291,0.003761
BIL_4060_PACK,CRM_1705_PACK,0.540217,0.707977,0.695105,0.003815
BIL_4002_PACK,CRM_1561_PACK,0.539891,0.701705,0.700709,0.003761
BIL_3833_PACK,CRM_2127_PACK,0.537713,0.689548,0.70947,0.003324
BIL_4033_PACK,CRM_1701_PACK,0.534279,0.697531,0.695385,0.003468
BIL_4109_PACK,CRM_1637_PACK,0.533587,0.708754,0.683442,0.003286
BIL_3994_PACK,CRM_1642_PACK,0.530481,0.695652,0.690808,0.003831
BIL_4054_PACK,CRM_1550_PACK,0.529989,0.702312,0.683544,0.003793
BIL_4132_PACK,CRM_1618_PACK,0.525943,0.693624,0.6851,0.003473
BIL_4049_PACK,CRM_1687_PACK,0.525843,0.677279,0.701649,0.003558
BIL_4059_PACK,CRM_1633_PACK,0.521028,0.697966,0.6727,0.003537
BIL_4031_PACK,CRM_1607_PACK,0.513636,0.677661,0.679699,0.003548
BIL_3779_PACK,CRM_2173_PACK,0.509872,0.692429,0.659159,0.003553
BIL_4013_PACK,CRM_1612_PACK,0.509069,0.686786,0.662992,0.003388
BIL_4126_PACK,CRM_1604_PACK,0.509067,0.667233,0.682292,0.003073
BIL_4034_PACK,CRM_1719_PACK,0.508393,0.675159,0.673016,0.003361
BIL_3798_PACK,CRM_2142_PACK,0.503695,0.655449,0.685092,0.003185
BIL_3790_PACK,CRM_2144_PACK,0.503686,0.659164,0.681063,0.003212
BIL_3793_PACK,CRM_2158_PACK,0.500582,0.66358,0.670827,0.00342
BIL_4009_PACK,CRM_1626_PACK,0.490887,0.663383,0.653722,0.003297
BIL_4014_PACK,CRM_1704_PACK,0.487469,0.648333,0.662692,0.003132
BIL_4053_PACK,CRM_1734_PACK,0.483791,0.656514,0.647746,0.003196
BIL_3992_PACK,CRM_1680_PACK,0.48301,0.671164,0.63275,0.003356
BIL_4100_PACK,CRM_1674_PACK,0.481529,0.650602,0.649485,0.003105
BIL_3820_PACK,CRM_2147_PACK,0.475578,0.633562,0.656028,0.003009
BIL_4108_PACK,CRM_1604_PACK,0.469679,0.670628,0.61051,0.003452
BIL_3941_PACK,CRM_1647_PACK,0.466667,0.64076,0.632027,0.003132
BIL_4088_PACK,CRM_1531_PACK,0.465181,0.638623,0.63138,0.002822
BIL_3936_PACK,CRM_1666_PACK,0.462131,0.634921,0.629371,0.003052
BIL_4072_PACK,CRM_1702_PACK,0.457737,0.635379,0.620811,0.003025
BIL_3851_PACK,CRM_2157_PACK,0.456461,0.616698,0.637255,0.002721
BIL_3829_PACK,CRM_2110_PACK,0.45275,0.636905,0.610266,0.002806
BIL_4131_PACK,CRM_1679_PACK,0.450832,0.646421,0.598394,0.002657
BIL_4122_PACK,CRM_1741_PACK,0.435556,0.601227,0.6125,0.002561
BIL_4027_PACK,CRM_1754_PACK,0.432117,0.602851,0.604082,0.002614
BIL_4200_PACK,CRM_1652_PACK,0.426667,0.572565,0.626087,0.002454
BIL_3832_PACK,CRM_2119_PACK,0.425,0.607143,0.586207,0.002785
BIL_3817_PACK,CRM_2149_PACK,0.422819,0.609284,0.58011,0.002897
BIL_4081_PACK,CRM_1754_PACK,0.420827,0.600815,0.584158,0.002694
BIL_4117_PACK,CRM_1611_PACK,0.419034,0.602041,0.579568,0.002716
BIL_3974_PACK,CRM_1709_PACK,0.415603,0.61945,0.558095,0.002801
BIL_4028_PACK,CRM_1754_PACK,0.415254,0.598778,0.575342,0.002726
BIL_4029_PACK,CRM_1754_PACK,0.412011,0.600815,0.567308,0.002774
BIL_4071_PACK,CRM_1562_PACK,0.411175,0.563851,0.602941,0.002539
BIL_3849_PACK,CRM_2122_PACK,0.401189,0.570825,0.574468,0.002507
BIL_4035_PACK,CRM_1691_PACK,0.396307,0.5625,0.572895,0.002598
BIL_3811_PACK,CRM_2124_PACK,0.395994,0.582766,0.552688,0.002481
BIL_3972_PACK,CRM_1682_PACK,0.39,0.577167,0.546,0.002667
BIL_4077_PACK,CRM_1726_PACK,0.379822,0.544681,0.556522,0.002454
BIL_4074_PACK,CRM_1818_PACK,0.379161,0.557447,0.542443,0.002577
BIL_4182_PACK,CRM_1779_PACK,0.378539,0.566964,0.532495,0.002545
BIL_4140_PACK,CRM_1699_PACK,0.376812,0.532787,0.562771,0.002465
BIL_4058_PACK,CRM_1842_PACK,0.370016,0.555024,0.526077,0.002353
BIL_4073_PACK,CRM_1620_PACK,0.369384,0.532374,0.546798,0.002166
BIL_4114_PACK,CRM_1845_PACK,0.365815,0.554479,0.5181,0.002358
BIL_4288_PACK,CRM_1836_PACK,0.365777,0.530752,0.540603,0.002299
BIL_4144_PACK,CRM_1798_PACK,0.358896,0.549296,0.508696,0.002454
BIL_4112_PACK,CRM_1667_PACK,0.357035,0.540046,0.513043,0.002454
BIL_4043_PACK,CRM_1692_PACK,0.332808,0.492991,0.505995,0.002225
BIL_3938_PACK,CRM_1720_PACK,0.329352,0.494872,0.496144,0.002075
BIL_4183_PACK,CRM_1712_PACK,0.328333,0.497475,0.491272,0.002139
BIL_4113_PACK,CRM_1776_PACK,0.321131,0.469586,0.503916,0.002043
BIL_3806_PACK,CRM_2156_PACK,0.320475,0.481069,0.489796,0.002353
BIL_3816_PACK,CRM_2174_PACK,0.318182,0.465558,0.501279,0.002086
BIL_3810_PACK,CRM_2166_PACK,0.315044,0.475936,0.482385,0.001969
BIL_4155_PACK,CRM_1790_PACK,0.310832,0.456221,0.493766,0.002139
BIL_4166_PACK,CRM_1775_PACK,0.310105,0.5,0.449495,0.002113
BIL_3947_PACK,CRM_1730_PACK,0.307179,0.471795,0.468193,0.002097
BIL_3951_PACK,CRM_1785_PACK,0.307018,0.471698,0.467914,0.001995
BIL_3850_PACK,CRM_2178_PACK,0.305864,0.487374,0.450935,0.002283
BIL_3835_PACK,CRM_2163_PACK,0.303571,0.467033,0.464481,0.001953
BIL_4086_PACK,CRM_1777_PACK,0.303293,0.464191,0.466667,0.002001
BIL_3976_PACK,CRM_1722_PACK,0.301294,0.468391,0.457865,0.001899
BIL_3828_PACK,CRM_2167_PACK,0.299674,0.463476,0.458853,0.002139
BIL_4267_PACK,CRM_1826_PACK,0.297209,0.450249,0.466495,0.00207
BIL_4017_PACK,CRM_1695_PACK,0.29703,0.447761,0.46875,0.002049
BIL_3937_PACK,CRM_1688_PACK,0.295775,0.448,0.465374,0.001926
BIL_3827_PACK,CRM_2125_PACK,0.290113,0.449749,0.449749,0.002123
BIL_3836_PACK,CRM_2167_PACK,0.289951,0.443325,0.455959,0.002059
BIL_4162_PACK,CRM_1600_PACK,0.288225,0.42268,0.475362,0.001841
BIL_4153_PACK,CRM_1844_PACK,0.283993,0.417722,0.470085,0.001873
BIL_4181_PACK,CRM_1816_PACK,0.283784,0.465374,0.421053,0.002129
BIL_4278_PACK,CRM_1772_PACK,0.283019,0.444744,0.437666,0.002011
BIL_4124_PACK,CRM_1865_PACK,0.27668,0.428135,0.438871,0.001702
BIL_3823_PACK,CRM_2098_PACK,0.276667,0.413965,0.454795,0.001947
BIL_4240_PACK,CRM_1848_PACK,0.27598,0.420779,0.445055,0.001942
BIL_4143_PACK,CRM_1791_PACK,0.274165,0.417112,0.444444,0.001873
BIL_4151_PACK,CRM_1843_PACK,0.27383,0.438889,0.421333,0.002001
BIL_3844_PACK,CRM_2136_PACK,0.271186,0.428571,0.424779,0.001809
BIL_4175_PACK,CRM_1685_PACK,0.269643,0.418283,0.431429,0.001867
BIL_4205_PACK,CRM_1597_PACK,0.268657,0.403361,0.44582,0.001723
BIL_4174_PACK,CRM_1685_PACK,0.267035,0.401662,0.443425,0.001745
BIL_3807_PACK,CRM_2168_PACK,0.263333,0.432877,0.402036,0.002097
BIL_3970_PACK,CRM_1706_PACK,0.261986,0.408,0.422652,0.001931
BIL_4125_PACK,CRM_1760_PACK,0.259067,0.432277,0.39267,0.002038
BIL_4070_PACK,CRM_1758_PACK,0.257253,0.42492,0.394659,0.001798
BIL_4285_PACK,CRM_1694_PACK,0.250943,0.397015,0.405488,0.00175
BIL_3837_PACK,CRM_2133_PACK,0.248619,0.390173,0.406627,0.001771
BIL_3826_PACK,CRM_2152_PACK,0.248188,0.411411,0.384831,0.001899
BIL_4163_PACK,CRM_1797_PACK,0.246269,0.419048,0.373938,0.001883
BIL_3819_PACK,CRM_2193_PACK,0.24552,0.376374,0.413897,0.001766
BIL_4187_PACK,CRM_1663_PACK,0.243028,0.378882,0.403974,0.001611
BIL_3795_PACK,CRM_2180_PACK,0.242315,0.420063,0.36413,0.001963
BIL_4023_PACK,CRM_1650_PACK,0.234991,0.390313,0.371274,0.001969
BIL_4173_PACK,CRM_1672_PACK,0.23133,0.396875,0.356742,0.001899
BIL_4152_PACK,CRM_1740_PACK,0.230769,0.384375,0.366071,0.001793
BIL_4172_PACK,CRM_1673_PACK,0.223404,0.376119,0.35493,0.001894
BIL_4095_PACK,CRM_1735_PACK,0.221014,0.347578,0.377709,0.001723
BIL_4236_PACK,CRM_1739_PACK,0.219723,0.371345,0.349862,0.001937
BIL_4139_PACK,CRM_1727_PACK,0.214669,0.338983,0.369231,0.001734
BIL_4255_PACK,CRM_1849_PACK,0.212245,0.339869,0.361111,0.001536
BIL_4093_PACK,CRM_1765_PACK,0.21118,0.331169,0.368231,0.001478
BIL_3912_PACK,CRM_1700_PACK,0.210019,0.362126,0.333333,0.001745
BIL_3982_PACK,CRM_1773_PACK,0.207721,0.344512,0.343465,0.001755
BIL_4177_PACK,CRM_1769_PACK,0.206564,0.324242,0.362712,0.001574
BIL_3840_PACK,CRM_2201_PACK,0.204981,0.342949,0.337539,0.001691
BIL_3872_PACK,CRM_2212_PACK,0.204842,0.347003,0.333333,0.001761
BIL_4145_PACK,CRM_1770_PACK,0.201439,0.336336,0.334328,0.001787
BIL_4286_PACK,CRM_1809_PACK,0.201183,0.329032,0.341137,0.001595
BIL_4207_PACK,CRM_1738_PACK,0.198925,0.341538,0.322674,0.001835
BIL_3813_PACK,CRM_2177_PACK,0.198261,0.327586,0.334311,0.001819
BIL_4136_PACK,CRM_1824_PACK,0.191579,0.318182,0.325,0.001494
BIL_3848_PACK,CRM_2171_PACK,0.191532,0.325342,0.317726,0.001595
BIL_4110_PACK,CRM_1721_PACK,0.190476,0.325733,0.314465,0.001697
BIL_4087_PACK,CRM_1799_PACK,0.189621,0.32872,0.309446,0.001638
BIL_3825_PACK,CRM_2170_PACK,0.189084,0.332192,0.305031,0.001697
BIL_4238_PACK,CRM_1799_PACK,0.188,0.32526,0.308197,0.001627
BIL_4008_PACK,CRM_1657_PACK,0.18609,0.327815,0.300912,0.001755
BIL_3780_PACK,CRM_2105_PACK,0.185259,0.307947,0.317406,0.001563
BIL_4026_PACK,CRM_1832_PACK,0.185185,0.301205,0.324675,0.001643
BIL_4141_PACK,CRM_1698_PACK,0.184358,0.305556,0.317308,0.001665
BIL_3830_PACK,CRM_2185_PACK,0.182353,0.304918,0.312081,0.00159
BIL_3940_PACK,CRM_1568_PACK,0.178947,0.261092,0.362559,0.004503
BIL_3838_PACK,CRM_2151_PACK,0.177215,0.317152,0.28655,0.001825
BIL_3834_PACK,CRM_2179_PACK,0.177106,0.303704,0.298182,0.001467
BIL_4119_PACK,CRM_1697_PACK,0.173387,0.295533,0.295533,0.001552
BIL_4135_PACK,CRM_1825_PACK,0.167969,0.316176,0.263804,0.001739
BIL_4226_PACK,CRM_1763_PACK,0.167715,0.310078,0.267559,0.001595
BIL_4251_PACK,CRM_1875_PACK,0.163755,0.290698,0.272727,0.001467
BIL_4250_PACK,CRM_1875_PACK,0.162528,0.27907,0.280156,0.001371
BIL_3993_PACK,CRM_1781_PACK,0.161426,0.278986,0.276978,0.001483
BIL_4137_PACK,CRM_1621_PACK,0.159193,0.279528,0.269962,0.001403
BIL_3812_PACK,CRM_2190_PACK,0.15735,0.268551,0.275362,0.001472
BIL_4142_PACK,CRM_1759_PACK,0.152439,0.271739,0.257732,0.001552
BIL_4160_PACK,CRM_1803_PACK,0.151394,0.253333,0.273381,0.001483
BIL_3846_PACK,CRM_2160_PACK,0.14898,0.271375,0.248299,0.001568
BIL_4101_PACK,CRM_1725_PACK,0.14876,0.26087,0.257143,0.001494
BIL_3986_PACK,CRM_1817_PACK,0.14557,0.261364,0.247312,0.001488
BIL_4156_PACK,CRM_1820_PACK,0.145098,0.268116,0.24026,0.001643
BIL_4123_PACK,CRM_1827_PACK,0.144628,0.245614,0.260223,0.001435
BIL_4091_PACK,CRM_1724_PACK,0.144231,0.259516,0.245098,0.001633
BIL_4210_PACK,CRM_1732_PACK,0.143791,0.258824,0.244444,0.00144
BIL_4209_PACK,CRM_1732_PACK,0.141328,0.258824,0.23741,0.001483
BIL_4085_PACK,CRM_1778_PACK,0.139485,0.234657,0.255906,0.001355
BIL_4157_PACK,CRM_1656_PACK,0.135802,0.25,0.229167,0.001536
BIL_3990_PACK,CRM_1778_PACK,0.135246,0.238267,0.238267,0.001478
BIL_4167_PACK,CRM_1761_PACK,0.13278,0.228571,0.240602,0.001419
BIL_4147_PACK,CRM_1677_PACK,0.132321,0.235521,0.231939,0.001403
BIL_3792_PACK,CRM_2129_PACK,0.130261,0.225694,0.235507,0.001472
BIL_3847_PACK,CRM_2219_PACK,0.128049,0.221831,0.232472,0.001446
BIL_4161_PACK,CRM_1804_PACK,0.125253,0.234848,0.211604,0.001563
BIL_4168_PACK,CRM_1876_PACK,0.125253,0.221429,0.223827,0.001478
BIL_4176_PACK,CRM_1624_PACK,0.124711,0.217742,0.225941,0.001275
BIL_4234_PACK,CRM_1749_PACK,0.12449,0.217082,0.225926,0.00144
BIL_3858_PACK,CRM_2186_PACK,0.12362,0.224,0.216216,0.001382
BIL_3860_PACK,CRM_2108_PACK,0.123596,0.213178,0.227273,0.001291
BIL_3999_PACK,CRM_1742_PACK,0.122449,0.22314,0.213439,0.00135
BIL_4208_PACK,CRM_1794_PACK,0.119675,0.20922,0.218519,0.00144
BIL_4115_PACK,CRM_1748_PACK,0.119205,0.212598,0.213439,0.00135
BIL_4275_PACK,CRM_1884_PACK,0.119101,0.207843,0.218107,0.001296
BIL_4307_PACK,CRM_1753_PACK,0.116228,0.195572,0.222689,0.00127
BIL_4189_PACK,CRM_1660_PACK,0.115942,0.217899,0.198582,0.001504
BIL_4201_PACK,CRM_1651_PACK,0.114286,0.188552,0.2249,0.001328
BIL_3842_PACK,CRM_2182_PACK,0.11039,0.191729,0.206478,0.001318
BIL_3863_PACK,CRM_2150_PACK,0.10757,0.188153,0.200743,0.001435
BIL_4098_PACK,CRM_1693_PACK,0.107422,0.189655,0.198556,0.001478
BIL_4178_PACK,CRM_1752_PACK,0.106383,0.195312,0.189394,0.001408
BIL_3855_PACK,CRM_2197_PACK,0.106029,0.184116,0.2,0.00136
BIL_4011_PACK,CRM_1812_PACK,0.105708,0.181159,0.202429,0.001318
BIL_4120_PACK,CRM_1696_PACK,0.105691,0.189781,0.192593,0.00144
BIL_3946_PACK,CRM_1731_PACK,0.104019,0.183333,0.193833,0.001211
BIL_4215_PACK,CRM_1793_PACK,0.100228,0.183333,0.18107,0.001296
BIL_4104_PACK,CRM_1813_PACK,0.099379,0.183206,0.178439,0.001435
BIL_4289_PACK,CRM_1788_PACK,0.097285,0.174797,0.179916,0.001275
BIL_3854_PACK,CRM_2159_PACK,0.097065,0.178423,0.17551,0.001307
BIL_3880_PACK,CRM_2192_PACK,0.092275,0.167315,0.170635,0.001344
BIL_3845_PACK,CRM_2220_PACK,0.090261,0.161017,0.170404,0.00119
BIL_4196_PACK,CRM_1805_PACK,0.089686,0.147059,0.186916,0.001142
BIL_4206_PACK,CRM_1713_PACK,0.087983,0.158915,0.164659,0.001328
BIL_4212_PACK,CRM_1764_PACK,0.087558,0.172727,0.150794,0.001344
BIL_4165_PACK,CRM_1815_PACK,0.087156,0.165939,0.155102,0.001307
BIL_4254_PACK,CRM_1783_PACK,0.087146,0.163265,0.15748,0.001355
BIL_4080_PACK,CRM_1858_PACK,0.086093,0.173333,0.146067,0.001424
BIL_4198_PACK,CRM_1806_PACK,0.086022,0.153257,0.163934,0.001302
BIL_4297_PACK,CRM_1771_PACK,0.085779,0.157025,0.158996,0.001275
BIL_4118_PACK,CRM_1746_PACK,0.084633,0.151394,0.161017,0.001259
BIL_4230_PACK,CRM_1707_PACK,0.084507,0.16092,0.151079,0.001483
BIL_4195_PACK,CRM_1806_PACK,0.084016,0.157088,0.152985,0.00143
BIL_4197_PACK,CRM_1808_PACK,0.083521,0.149798,0.158798,0.001243
BIL_4188_PACK,CRM_1811_PACK,0.08026,0.155462,0.142308,0.001387
BIL_3945_PACK,CRM_1731_PACK,0.079498,0.158333,0.137681,0.001472
BIL_3861_PACK,CRM_2191_PACK,0.079121,0.146341,0.146939,0.001307
BIL_4099_PACK,CRM_1833_PACK,0.077647,0.144737,0.143478,0.001227
BIL_4262_PACK,CRM_1786_PACK,0.075107,0.135135,0.144628,0.001291
BIL_3783_PACK,CRM_2238_PACK,0.074246,0.137931,0.138528,0.001232
BIL_4253_PACK,CRM_1749_PACK,0.073996,0.124555,0.154185,0.001211
BIL_4134_PACK,CRM_1883_PACK,0.073593,0.14346,0.131274,0.001382
BIL_3888_PACK,CRM_2208_PACK,0.072961,0.126866,0.146552,0.001238
BIL_4179_PACK,CRM_1744_PACK,0.072727,0.126482,0.146119,0.001168
BIL_4158_PACK,CRM_1861_PACK,0.071588,0.125984,0.142222,0.0012
BIL_3984_PACK,CRM_1767_PACK,0.071584,0.134694,0.13253,0.001328
BIL_3867_PACK,CRM_2221_PACK,0.071274,0.132,0.134146,0.001312
BIL_4138_PACK,CRM_1825_PACK,0.069474,0.121324,0.139831,0.001259
BIL_4180_PACK,CRM_1728_PACK,0.068889,0.130802,0.127049,0.001302
BIL_4159_PACK,CRM_1854_PACK,0.068282,0.131356,0.124498,0.001328
BIL_4003_PACK,CRM_1622_PACK,0.067416,0.128205,0.124481,0.001286
BIL_3862_PACK,CRM_2207_PACK,0.066532,0.134694,0.116197,0.001515
BIL_3892_PACK,CRM_2204_PACK,0.066362,0.121339,0.127753,0.001211
BIL_3907_PACK,CRM_2236_PACK,0.066015,0.122727,0.125,0.001152
BIL_3814_PACK,CRM_2198_PACK,0.064378,0.121457,0.120482,0.001328
BIL_4090_PACK,CRM_1717_PACK,0.062035,0.108696,0.126263,0.001056
BIL_3887_PACK,CRM_2229_PACK,0.061321,0.114035,0.117117,0.001184
BIL_4318_PACK,CRM_1716_PACK,0.060185,0.110638,0.116592,0.00119
BIL_4290_PACK,CRM_1835_PACK,0.05977,0.111111,0.114537,0.001211
BIL_4204_PACK,CRM_1711_PACK,0.058427,0.108333,0.112554,0.001232
BIL_4227_PACK,CRM_1762_PACK,0.058333,0.106464,0.114286,0.001307
BIL_4169_PACK,CRM_1862_PACK,0.057737,0.113636,0.105042,0.00127
BIL_4333_PACK,CRM_1900_PACK,0.057692,0.114894,0.103846,0.001387
BIL_4220_PACK,CRM_1961_PACK,0.057692,0.113744,0.104803,0.001222
BIL_4248_PACK,CRM_1795_PACK,0.057269,0.107438,0.109244,0.00127
BIL_4259_PACK,CRM_1868_PACK,0.056818,0.117371,0.099206,0.001344
BIL_4221_PACK,CRM_1962_PACK,0.055838,0.100457,0.111675,0.001051
BIL_4191_PACK,CRM_1743_PACK,0.055556,0.113043,0.098485,0.001408
BIL_3878_PACK,CRM_2230_PACK,0.054762,0.105505,0.102222,0.0012
BIL_4242_PACK,CRM_1850_PACK,0.054422,0.103004,0.103448,0.001238
BIL_3874_PACK,CRM_2184_PACK,0.054422,0.097166,0.110092,0.001163
BIL_4346_PACK,CRM_2072_PACK,0.053933,0.100418,0.104348,0.001227
BIL_4365_PACK,CRM_2267_PACK,0.053864,0.104072,0.100437,0.001222
BIL_4303_PACK,CRM_1835_PACK,0.053215,0.102564,0.099585,0.001286
BIL_4257_PACK,CRM_1864_PACK,0.052632,0.100437,0.099567,0.001232
BIL_4233_PACK,CRM_1733_PACK,0.051454,0.099138,0.096639,0.00127
BIL_3868_PACK,CRM_2191_PACK,0.051111,0.093496,0.101322,0.001211
BIL_4133_PACK,CRM_1901_PACK,0.051095,0.096774,0.097674,0.001147
BIL_3978_PACK,CRM_1847_PACK,0.050847,0.099057,0.094595,0.001184
BIL_3886_PACK,CRM_2176_PACK,0.050549,0.09465,0.097872,0.001254
BIL_4231_PACK,CRM_1905_PACK,0.050481,0.09633,0.09589,0.001168
BIL_4244_PACK,CRM_1917_PACK,0.049661,0.092437,0.096916,0.001211
BIL_4218_PACK,CRM_1713_PACK,0.049145,0.089147,0.098712,0.001243
BIL_3875_PACK,CRM_2196_PACK,0.048889,0.096916,0.089796,0.001307
BIL_4170_PACK,CRM_1649_PACK,0.048832,0.095041,0.09127,0.001344
BIL_4222_PACK,CRM_1659_PACK,0.04878,0.101382,0.085938,0.001366
BIL_4213_PACK,CRM_1747_PACK,0.048352,0.090909,0.093617,0.001254
BIL_4317_PACK,CRM_1736_PACK,0.048352,0.088,0.096916,0.001211
BIL_4007_PACK,CRM_1821_PACK,0.04814,0.090164,0.093617,0.001254
BIL_4154_PACK,CRM_1877_PACK,0.047191,0.092511,0.087866,0.001275
BIL_3803_PACK,CRM_2106_PACK,0.046633,0.051513,0.329882,0.003606
BIL_4308_PACK,CRM_1753_PACK,0.046371,0.084871,0.092742,0.001323
BIL_4202_PACK,CRM_1756_PACK,0.045852,0.08642,0.088983,0.001259
BIL_4241_PACK,CRM_1850_PACK,0.045767,0.085837,0.089286,0.001195
BIL_4069_PACK,CRM_1766_PACK,0.045558,0.083333,0.091324,0.001168
BIL_4018_PACK,CRM_1714_PACK,0.044968,0.085366,0.086777,0.001291
BIL_4192_PACK,CRM_1885_PACK,0.044118,0.087805,0.081448,0.001179
BIL_3987_PACK,CRM_1636_PACK,0.044084,0.087558,0.081545,0.001243
BIL_3905_PACK,CRM_2222_PACK,0.043956,0.078431,0.090909,0.001174
BIL_4237_PACK,CRM_1800_PACK,0.043379,0.085973,0.080508,0.001259
BIL_3859_PACK,CRM_2181_PACK,0.043197,0.085106,0.080645,0.001323
BIL_4274_PACK,CRM_1703_PACK,0.043147,0.080569,0.085,0.001067
BIL_4130_PACK,CRM_1893_PACK,0.042827,0.080321,0.084034,0.00127
BIL_3871_PACK,CRM_2224_PACK,0.042644,0.080645,0.082988,0.001286
BIL_3900_PACK,CRM_2187_PACK,0.042254,0.086957,0.075949,0.001264
BIL_3870_PACK,CRM_2238_PACK,0.042056,0.077586,0.084112,0.001142
BIL_4203_PACK,CRM_1756_PACK,0.04157,0.074074,0.086538,0.00111
BIL_3881_PACK,CRM_2203_PACK,0.041565,0.075893,0.084158,0.001078
BIL_3864_PACK,CRM_2224_PACK,0.041485,0.076613,0.082969,0.001222
BIL_4228_PACK,CRM_1946_PACK,0.041068,0.07722,0.080645,0.001323
BIL_3893_PACK,CRM_2242_PACK,0.040909,0.075314,0.082192,0.001168
BIL_3895_PACK,CRM_2244_PACK,0.040724,0.074689,0.082192,0.001168
BIL_4277_PACK,CRM_1908_PACK,0.04067,0.081731,0.07489,0.001211
BIL_3808_PACK,CRM_2195_PACK,0.040089,0.082949,0.072,0.001334
BIL_4083_PACK,CRM_1840_PACK,0.039906,0.074236,0.079439,0.001142
BIL_4311_PACK,CRM_2066_PACK,0.039749,0.080508,0.072797,0.001392
BIL_4314_PACK,CRM_1780_PACK,0.039352,0.080952,0.07113,0.001275
BIL_3843_PACK,CRM_2216_PACK,0.038549,0.077273,0.071429,0.00127
BIL_4116_PACK,CRM_2188_PACK,0.038288,0.07234,0.075221,0.001206
BIL_3879_PACK,CRM_2194_PACK,0.038031,0.075893,0.070833,0.00128
BIL_4127_PACK,CRM_1787_PACK,0.037825,0.065574,0.082051,0.00104
BIL_4225_PACK,CRM_1824_PACK,0.037422,0.062937,0.084507,0.001136
BIL_4164_PACK,CRM_1810_PACK,0.037296,0.069869,0.074074,0.001152
BIL_4366_PACK,CRM_2302_PACK,0.035635,0.071429,0.06639,0.001286
BIL_4245_PACK,CRM_1926_PACK,0.035545,0.074257,0.06383,0.001254
BIL_4094_PACK,CRM_1890_PACK,0.034642,0.063291,0.07109,0.001126
BIL_3901_PACK,CRM_2206_PACK,0.034632,0.067797,0.066116,0.001291
BIL_4216_PACK,CRM_1888_PACK,0.033766,0.065657,0.065,0.001067
BIL_4010_PACK,CRM_1737_PACK,0.033254,0.063636,0.065116,0.001147
BIL_3911_PACK,CRM_2248_PACK,0.032828,0.065,0.062201,0.001115
BIL_3882_PACK,CRM_2218_PACK,0.032581,0.057778,0.069519,0.000998
BIL_3909_PACK,CRM_2248_PACK,0.031863,0.065,0.058824,0.001179
BIL_4454_PACK,CRM_2365_PACK,0.03163,0.059633,0.063107,0.001099
BIL_4121_PACK,CRM_2068_PACK,0.031603,0.06278,0.059829,0.001248
BIL_4323_PACK,CRM_1853_PACK,0.031175,0.062802,0.058296,0.00119
BIL_4194_PACK,CRM_1834_PACK,0.031111,0.059829,0.06087,0.001227
BIL_4249_PACK,CRM_1953_PACK,0.030806,0.0625,0.057269,0.001211
BIL_4357_PACK,CRM_2322_PACK,0.030516,0.056277,0.0625,0.00111
BIL_4279_PACK,CRM_1933_PACK,0.030374,0.064677,0.054167,0.00128
BIL_4128_PACK,CRM_2348_PACK,0.02968,0.052846,0.063415,0.001094
BIL_4223_PACK,CRM_1906_PACK,0.029412,0.058511,0.055838,0.001051
BIL_4299_PACK,CRM_1911_PACK,0.029268,0.061856,0.052632,0.001216
BIL_4456_PACK,CRM_2189_PACK,0.028796,0.06044,0.052133,0.001126
BIL_4229_PACK,CRM_1880_PACK,0.028571,0.054299,0.056872,0.001126
BIL_4266_PACK,CRM_1961_PACK,0.028497,0.052133,0.05914,0.000992
BIL_4443_PACK,CRM_1908_PACK,0.028369,0.057692,0.052863,0.001211
BIL_4339_PACK,CRM_1896_PACK,0.028103,0.05,0.060302,0.001062
BIL_4271_PACK,CRM_1893_PACK,0.028017,0.052209,0.057018,0.001216
BIL_4246_PACK,CRM_1873_PACK,0.027972,0.056075,0.052863,0.001211
BIL_4341_PACK,CRM_2276_PACK,0.027907,0.054795,0.053812,0.00119
BIL_3897_PACK,CRM_2191_PACK,0.027897,0.052846,0.055794,0.001243
BIL_3913_PACK,CRM_2256_PACK,0.027837,0.053498,0.054852,0.001264
BIL_4281_PACK,CRM_2224_PACK,0.027586,0.048387,0.060302,0.001062
BIL_3853_PACK,CRM_2184_PACK,0.027397,0.048583,0.059113,0.001083
BIL_4260_PACK,CRM_1787_PACK,0.027088,0.04918,0.056872,0.001126
BIL_4309_PACK,CRM_1634_PACK,0.027027,0.055814,0.049793,0.001286
BIL_4283_PACK,CRM_2255_PACK,0.026961,0.051163,0.053922,0.001088
BIL_4247_PACK,CRM_1756_PACK,0.026786,0.049383,0.0553,0.001158
BIL_4449_PACK,CRM_2316_PACK,0.026699,0.054455,0.049774,0.001179
BIL_4337_PACK,CRM_2108_PACK,0.026201,0.046512,0.056604,0.001131
BIL_4282_PACK,CRM_1964_PACK,0.025943,0.055276,0.04661,0.001259
BIL_4506_PACK,CRM_2362_PACK,0.025882,0.052133,0.048889,0.0012
BIL_4320_PACK,CRM_1885_PACK,0.025773,0.04878,0.051813,0.00103
BIL_4447_PACK,CRM_1879_PACK,0.025581,0.048035,0.051887,0.001131
BIL_4374_PACK,CRM_1900_PACK,0.025522,0.046809,0.05314,0.001104
BIL_4325_PACK,CRM_1933_PACK,0.02551,0.049751,0.049751,0.001072
BIL_4377_PACK,CRM_1892_PACK,0.025229,0.04955,0.048889,0.0012
BIL_4367_PACK,CRM_2263_PACK,0.025189,0.049751,0.048544,0.001099
BIL_4437_PACK,CRM_1953_PACK,0.024938,0.048077,0.049261,0.001083
BIL_4384_PACK,CRM_1959_PACK,0.024938,0.046296,0.051282,0.00104
BIL_4379_PACK,CRM_2329_PACK,0.024938,0.049751,0.047619,0.00112
BIL_4199_PACK,CRM_2224_PACK,0.024887,0.044355,0.053659,0.001094
BIL_3883_PACK,CRM_2246_PACK,0.024876,0.046083,0.051282,0.00104
BIL_4420_PACK,CRM_1766_PACK,0.024775,0.045833,0.051163,0.001147
BIL_4356_PACK,CRM_2235_PACK,0.024752,0.050251,0.046512,0.001147
BIL_4315_PACK,CRM_2289_PACK,0.024752,0.051282,0.045662,0.001168
BIL_4400_PACK,CRM_2304_PACK,0.02457,0.047619,0.048309,0.001104
BIL_4386_PACK,CRM_2372_PACK,0.02451,0.044248,0.052083,0.001024
BIL_4334_PACK,CRM_1949_PACK,0.02445,0.046512,0.04902,0.001088
BIL_4418_PACK,CRM_1870_PACK,0.02439,0.046296,0.04902,0.001088
BIL_4340_PACK,CRM_2325_PACK,0.024336,0.052632,0.043307,0.001355
BIL_4391_PACK,CRM_1881_PACK,0.024324,0.048649,0.046392,0.001035
BIL_4273_PACK,CRM_2268_PACK,0.024272,0.046083,0.04878,0.001094
BIL_4416_PACK,CRM_2069_PACK,0.024229,0.048458,0.046218,0.00127
BIL_4190_PACK,CRM_2244_PACK,0.024229,0.045643,0.049107,0.001195
BIL_4298_PACK,CRM_1766_PACK,0.02407,0.045833,0.048246,0.001216
BIL_4302_PACK,CRM_2304_PACK,0.024038,0.047619,0.046296,0.001152
BIL_3967_PACK,CRM_1969_PACK,0.023936,0.046392,0.04712,0.001019
BIL_4373_PACK,CRM_2371_PACK,0.023923,0.04902,0.044643,0.001195
BIL_4446_PACK,CRM_2273_PACK,0.023923,0.047619,0.045872,0.001163
BIL_4369_PACK,CRM_2377_PACK,0.023866,0.048077,0.045249,0.001179
BIL_4287_PACK,CRM_2251_PACK,0.02381,0.048309,0.044843,0.00119
BIL_4396_PACK,CRM_1897_PACK,0.023697,0.040984,0.053191,0.001003
BIL_4193_PACK,CRM_2378_PACK,0.023641,0.042373,0.050761,0.001051
BIL_4348_PACK,CRM_2175_PACK,0.023609,0.035,0.067633,0.001104
BIL_3891_PACK,CRM_2183_PACK,0.023529,0.049505,0.042918,0.001243
BIL_3873_PACK,CRM_2263_PACK,0.023438,0.044776,0.046875,0.001024
BIL_4440_PACK,CRM_2289_PACK,0.023438,0.046154,0.045455,0.001056
BIL_3800_PACK,CRM_2254_PACK,0.023419,0.045872,0.045662,0.001168
BIL_4404_PACK,CRM_2207_PACK,0.023404,0.044898,0.04661,0.001259
BIL_3910_PACK,CRM_2190_PACK,0.023404,0.038869,0.055556,0.001056
BIL_4252_PACK,CRM_1952_PACK,0.023364,0.048077,0.043478,0.001227
BIL_4264_PACK,CRM_2164_PACK,0.023305,0.045455,0.045643,0.001286
BIL_4383_PACK,CRM_1871_PACK,0.023256,0.05,0.041667,0.00128
BIL_3918_PACK,CRM_2325_PACK,0.023202,0.047847,0.043103,0.001238
BIL_3890_PACK,CRM_2293_PACK,0.023148,0.044643,0.045872,0.001163
BIL_4335_PACK,CRM_1768_PACK,0.023136,0.046632,0.043902,0.001094
BIL_4448_PACK,CRM_2223_PACK,0.023018,0.046632,0.043478,0.001104
BIL_3917_PACK,CRM_2290_PACK,0.022959,0.047872,0.042254,0.001136
BIL_4306_PACK,CRM_2231_PACK,0.022883,0.04329,0.046296,0.001152
BIL_4451_PACK,CRM_2065_PACK,0.022883,0.043103,0.046512,0.001147
BIL_4332_PACK,CRM_2247_PACK,0.022883,0.044248,0.045249,0.001179
BIL_4263_PACK,CRM_1903_PACK,0.022779,0.04386,0.045249,0.001179
BIL_3889_PACK,CRM_2239_PACK,0.022779,0.044843,0.044248,0.001206
BIL_3908_PACK,CRM_2358_PACK,0.022779,0.044643,0.044444,0.0012
BIL_4351_PACK,CRM_1761_PACK,0.022774,0.039286,0.051402,0.001142
BIL_4432_PACK,CRM_2330_PACK,0.022727,0.04386,0.045045,0.001184
BIL_4256_PACK,CRM_1794_PACK,0.022727,0.039007,0.051643,0.001136
BIL_4392_PACK,CRM_2374_PACK,0.022613,0.045,0.043478,0.001104
BIL_4393_PACK,CRM_2272_PACK,0.022613,0.043478,0.045,0.001067
BIL_4461_PACK,CRM_2198_PACK,0.022523,0.040486,0.048309,0.001104
BIL_4375_PACK,CRM_2349_PACK,0.0225,0.039648,0.049451,0.000971
BIL_3903_PACK,CRM_1774_PACK,0.022472,0.043103,0.044843,0.00119
BIL_4439_PACK,CRM_1870_PACK,0.022444,0.041667,0.046392,0.001035
BIL_4272_PACK,CRM_1886_PACK,0.022444,0.043062,0.044776,0.001072
BIL_4381_PACK,CRM_1966_PACK,0.022333,0.044776,0.042654,0.001126
BIL_4261_PACK,CRM_2176_PACK,0.022321,0.041152,0.046512,0.001147
BIL_4359_PACK,CRM_1912_PACK,0.022272,0.042194,0.045045,0.001184
BIL_4361_PACK,CRM_2191_PACK,0.022173,0.04065,0.046512,0.001147
BIL_4426_PACK,CRM_1953_PACK,0.022167,0.043269,0.043478,0.001104
BIL_4363_PACK,CRM_1795_PACK,0.022124,0.041322,0.045455,0.001174
BIL_4510_PACK,CRM_1891_PACK,0.022124,0.044444,0.042194,0.001264
BIL_4268_PACK,CRM_1815_PACK,0.022124,0.043668,0.042918,0.001243
BIL_4313_PACK,CRM_1767_PACK,0.022026,0.040816,0.045662,0.001168
BIL_4464_PACK,CRM_2194_PACK,0.022005,0.040179,0.046392,0.001035
BIL_4457_PACK,CRM_1759_PACK,0.022,0.039855,0.046809,0.001254
BIL_4239_PACK,CRM_2382_PACK,0.021978,0.040161,0.046296,0.001152
BIL_4096_PACK,CRM_1894_PACK,0.021951,0.045685,0.040541,0.001184
BIL_4414_PACK,CRM_2383_PACK,0.021951,0.043062,0.042857,0.00112
BIL_4413_PACK,CRM_1829_PACK,0.021792,0.043689,0.041667,0.001152
BIL_4343_PACK,CRM_2251_PACK,0.021792,0.043478,0.04186,0.001147
BIL_4336_PACK,CRM_2323_PACK,0.021739,0.043716,0.041451,0.00103
BIL_4422_PACK,CRM_1870_PACK,0.021739,0.041667,0.043478,0.001104
BIL_3885_PACK,CRM_1901_PACK,0.021739,0.041475,0.043689,0.001099
BIL_4442_PACK,CRM_2257_PACK,0.021739,0.04329,0.041841,0.001275
BIL_4354_PACK,CRM_2288_PACK,0.021739,0.044643,0.04065,0.001312
BIL_3865_PACK,CRM_1795_PACK,0.021692,0.041322,0.043668,0.001222
BIL_4327_PACK,CRM_2294_PACK,0.021635,0.045,0.04,0.0012
BIL_4344_PACK,CRM_1956_PACK,0.021583,0.043478,0.041096,0.001168
BIL_4452_PACK,CRM_2322_PACK,0.021583,0.038961,0.046154,0.00104
BIL_4321_PACK,CRM_2096_PACK,0.021583,0.039474,0.045455,0.001056
BIL_4292_PACK,CRM_1732_PACK,0.021505,0.039216,0.045455,0.001174
BIL_4403_PACK,CRM_2209_PACK,0.021505,0.044199,0.040201,0.001062
BIL_4465_PACK,CRM_2187_PACK,0.02148,0.043478,0.040724,0.001179
BIL_4435_PACK,CRM_2382_PACK,0.021459,0.040161,0.044053,0.001211
BIL_4428_PACK,CRM_2192_PACK,0.021413,0.038911,0.045455,0.001174
BIL_4371_PACK,CRM_1872_PACK,0.021378,0.039648,0.044335,0.001083
BIL_4405_PACK,CRM_2288_PACK,0.021378,0.040179,0.043689,0.001099
BIL_4349_PACK,CRM_1763_PACK,0.021368,0.03876,0.045455,0.001174
BIL_4329_PACK,CRM_1877_PACK,0.021327,0.039648,0.044118,0.001088
BIL_4409_PACK,CRM_2215_PACK,0.021327,0.041284,0.042254,0.001136
BIL_4280_PACK,CRM_2336_PACK,0.021327,0.041096,0.042453,0.001131
BIL_4406_PACK,CRM_2279_PACK,0.021277,0.046632,0.037657,0.001275
BIL_4217_PACK,CRM_2273_PACK,0.021277,0.042857,0.040541,0.001184
BIL_4296_PACK,CRM_2291_PACK,0.021226,0.041667,0.041475,0.001158
BIL_4397_PACK,CRM_2209_PACK,0.02122,0.044199,0.039216,0.001088
BIL_3915_PACK,CRM_2129_PACK,0.021186,0.034722,0.051546,0.001035
BIL_4430_PACK,CRM_2067_PACK,0.021176,0.040179,0.042857,0.00112
BIL_4243_PACK,CRM_2326_PACK,0.021164,0.038462,0.044944,0.00095
BIL_4410_PACK,CRM_2363_PACK,0.021127,0.038627,0.044554,0.001078
BIL_4389_PACK,CRM_1870_PACK,0.021077,0.041667,0.040909,0.001174
BIL_4399_PACK,CRM_2349_PACK,0.021028,0.039648,0.042857,0.00112
BIL_4370_PACK,CRM_2299_PACK,0.02093,0.041667,0.040359,0.00119
BIL_3916_PACK,CRM_1876_PACK,0.020921,0.035714,0.048077,0.00111
BIL_4450_PACK,CRM_1736_PACK,0.020921,0.04,0.042017,0.00127
BIL_4312_PACK,CRM_2271_PACK,0.020882,0.042857,0.03913,0.001227
BIL_4415_PACK,CRM_1711_PACK,0.020882,0.0375,0.045,0.001067
BIL_4394_PACK,CRM_1825_PACK,0.020877,0.036765,0.046083,0.001158
BIL_4284_PACK,CRM_1800_PACK,0.020833,0.040724,0.040909,0.001174
BIL_3902_PACK,CRM_2268_PACK,0.020833,0.041475,0.040179,0.001195
BIL_3877_PACK,CRM_2165_PACK,0.020833,0.039648,0.042056,0.001142
BIL_4508_PACK,CRM_2131_PACK,0.020785,0.039301,0.042254,0.001136
BIL_4462_PACK,CRM_2244_PACK,0.020737,0.037344,0.044554,0.001078
BIL_4295_PACK,CRM_1801_PACK,0.020595,0.038627,0.042254,0.001136
BIL_4232_PACK,CRM_2344_PACK,0.020548,0.038793,0.04186,0.001147
BIL_4463_PACK,CRM_2199_PACK,0.020513,0.041451,0.039024,0.001094
BIL_4407_PACK,CRM_1931_PACK,0.02046,0.041026,0.039216,0.001088
BIL_4224_PACK,CRM_2363_PACK,0.020455,0.038627,0.041667,0.001152
BIL_4458_PACK,CRM_2220_PACK,0.020455,0.038136,0.042254,0.001136
BIL_4417_PACK,CRM_2229_PACK,0.020455,0.039474,0.040724,0.001179
BIL_4368_PACK,CRM_2194_PACK,0.020408,0.040179,0.039823,0.001206
BIL_3866_PACK,CRM_1782_PACK,0.020408,0.040404,0.039604,0.001078
BIL_3802_PACK,CRM_2218_PACK,0.020408,0.04,0.04,0.0012
BIL_4445_PACK,CRM_2177_PACK,0.02037,0.031609,0.054187,0.001083
BIL_3876_PACK,CRM_2241_PACK,0.020362,0.038961,0.040909,0.001174
BIL_4219_PACK,CRM_2348_PACK,0.020316,0.036585,0.043689,0.001099
BIL_4412_PACK,CRM_1857_PACK,0.020305,0.039604,0.04,0.001067
BIL_4504_PACK,CRM_2181_PACK,0.02027,0.038298,0.041284,0.001163
BIL_4211_PACK,CRM_2238_PACK,0.02027,0.038793,0.040724,0.001179
BIL_4427_PACK,CRM_1747_PACK,0.02027,0.03719,0.042654,0.001126
BIL_4433_PACK,CRM_2313_PACK,0.020253,0.040816,0.038647,0.001104
BIL_4092_PACK,CRM_1917_PACK,0.020225,0.037815,0.041667,0.001152
BIL_4424_PACK,CRM_1756_PACK,0.020225,0.037037,0.042654,0.001126
BIL_4185_PACK,CRM_1820_PACK,0.020225,0.032609,0.050562,0.00095
BIL_4466_PACK,CRM_1714_PACK,0.020225,0.036585,0.043269,0.00111
BIL_4467_PACK,CRM_2315_PACK,0.020202,0.039409,0.039801,0.001072
BIL_4305_PACK,CRM_2209_PACK,0.020202,0.044199,0.035874,0.00119
BIL_4419_PACK,CRM_1890_PACK,0.020179,0.037975,0.041284,0.001163
BIL_4235_PACK,CRM_2367_PACK,0.020179,0.042654,0.036885,0.001302
BIL_3919_PACK,CRM_2311_PACK,0.020151,0.040404,0.038647,0.001104
BIL_4362_PACK,CRM_2066_PACK,0.020134,0.038136,0.040909,0.001174
BIL_4270_PACK,CRM_2208_PACK,0.020121,0.037313,0.041841,0.001275
BIL_4276_PACK,CRM_1636_PACK,0.020101,0.036866,0.042328,0.001008
BIL_4328_PACK,CRM_2342_PACK,0.020089,0.040179,0.038627,0.001243
BIL_4291_PACK,CRM_1876_PACK,0.02008,0.035714,0.04386,0.001216
BIL_4444_PACK,CRM_2349_PACK,0.020045,0.039648,0.038961,0.001232
BIL_4455_PACK,CRM_2256_PACK,0.02,0.037037,0.041667,0.001152
BIL_4326_PACK,CRM_2275_PACK,0.02,0.039216,0.039216,0.001088
BIL_4453_PACK,CRM_1850_PACK,0.019956,0.038627,0.039648,0.001211
BIL_4338_PACK,CRM_2190_PACK,0.01992,0.035336,0.043668,0.001222
BIL_4385_PACK,CRM_2292_PACK,0.019851,0.034783,0.044199,0.000966
BIL_4324_PACK,CRM_1889_PACK,0.019851,0.04,0.037915,0.001126
BIL_3894_PACK,CRM_2345_PACK,0.019824,0.039648,0.038136,0.001259
BIL_4468_PACK,CRM_2367_PACK,0.019802,0.037915,0.039801,0.001072
BIL_4388_PACK,CRM_2371_PACK,0.019802,0.039216,0.038462,0.00111
BIL_4186_PACK,CRM_1752_PACK,0.01978,0.035156,0.043269,0.00111
BIL_4350_PACK,CRM_2373_PACK,0.019753,0.041451,0.036364,0.001174
BIL_4258_PACK,CRM_1814_PACK,0.019753,0.037736,0.039801,0.001072
BIL_4460_PACK,CRM_2218_PACK,0.019753,0.035556,0.042553,0.001003
BIL_4304_PACK,CRM_1729_PACK,0.019685,0.035461,0.042373,0.001259
BIL_4330_PACK,CRM_2361_PACK,0.019656,0.034043,0.044444,0.00096
BIL_4509_PACK,CRM_2213_PACK,0.019656,0.039024,0.038095,0.00112
BIL_4301_PACK,CRM_1767_PACK,0.019651,0.036735,0.040541,0.001184
BIL_4423_PACK,CRM_1714_PACK,0.019608,0.036585,0.040541,0.001184
BIL_4387_PACK,CRM_1862_PACK,0.019608,0.036364,0.040816,0.001046
BIL_4293_PACK,CRM_1829_PACK,0.01956,0.038835,0.037915,0.001126
BIL_4345_PACK,CRM_2248_PACK,0.01956,0.04,0.036866,0.001158
BIL_4402_PACK,CRM_2192_PACK,0.019523,0.035019,0.042254,0.001136
BIL_3904_PACK,CRM_1660_PACK,0.019438,0.035019,0.04186,0.001147
BIL_4441_PACK,CRM_1747_PACK,0.019438,0.03719,0.03913,0.001227
BIL_4149_PACK,CRM_1759_PACK,0.019397,0.032609,0.045685,0.001051
BIL_4380_PACK,CRM_2190_PACK,0.01938,0.035336,0.041152,0.001296
BIL_4372_PACK,CRM_2253_PACK,0.01937,0.037209,0.038835,0.001099
BIL_4347_PACK,CRM_1841_PACK,0.01937,0.034043,0.043011,0.000992
BIL_3914_PACK,CRM_1964_PACK,0.019231,0.040201,0.035556,0.0012
BIL_4316_PACK,CRM_1879_PACK,0.019231,0.034934,0.041026,0.00104
BIL_4146_PACK,CRM_1859_PACK,0.019231,0.03653,0.039024,0.001094
BIL_4378_PACK,CRM_1860_PACK,0.019185,0.041237,0.034632,0.001232
BIL_4390_PACK,CRM_2368_PACK,0.019185,0.037209,0.038095,0.00112
BIL_4401_PACK,CRM_2291_PACK,0.019139,0.037037,0.038095,0.00112
BIL_4376_PACK,CRM_1892_PACK,0.019093,0.036036,0.039024,0.001094
BIL_4425_PACK,CRM_1869_PACK,0.019074,0.037838,0.037037,0.001008
BIL_4429_PACK,CRM_2354_PACK,0.019002,0.034483,0.040609,0.001051
BIL_3896_PACK,CRM_1961_PACK,0.018957,0.037915,0.03653,0.001168
BIL_4358_PACK,CRM_2200_PACK,0.018957,0.034335,0.040609,0.001051
BIL_4411_PACK,CRM_2296_PACK,0.018868,0.038278,0.035874,0.00119
BIL_4507_PACK,CRM_2394_PACK,0.018824,0.036697,0.037209,0.001147
BIL_4353_PACK,CRM_1873_PACK,0.018779,0.037383,0.036364,0.001174
BIL_4300_PACK,CRM_1721_PACK,0.018762,0.032573,0.042373,0.001259
BIL_4265_PACK,CRM_1893_PACK,0.01875,0.036145,0.0375,0.00128
BIL_4436_PACK,CRM_1930_PACK,0.018735,0.038647,0.035088,0.001216
BIL_4408_PACK,CRM_2164_PACK,0.018692,0.033058,0.041237,0.001035
BIL_4382_PACK,CRM_1792_PACK,0.018648,0.03653,0.036697,0.001163
BIL_4421_PACK,CRM_1621_PACK,0.018561,0.031496,0.043243,0.000987
BIL_4214_PACK,CRM_2348_PACK,0.018433,0.03252,0.040816,0.001046
BIL_4398_PACK,CRM_2131_PACK,0.018349,0.034934,0.037209,0.001147
BIL_4030_PACK,CRM_1890_PACK,0.018307,0.033755,0.038462,0.00111
BIL_3906_PACK,CRM_1782_PACK,0.018229,0.035354,0.036269,0.00103
BIL_3818_PACK,CRM_1909_PACK,0.018182,0.034483,0.037037,0.001152
BIL_4459_PACK,CRM_1717_PACK,0.018182,0.034783,0.036697,0.001163
BIL_4294_PACK,CRM_2065_PACK,0.0181,0.034483,0.036697,0.001163
BIL_4342_PACK,CRM_2183_PACK,0.018088,0.034653,0.036458,0.001024
BIL_3856_PACK,CRM_2371_PACK,0.017949,0.034314,0.036269,0.00103
BIL_4431_PACK,CRM_2370_PACK,0.017857,0.034934,0.035242,0.001211
BIL_4360_PACK,CRM_1962_PACK,0.017677,0.031963,0.038043,0.000982
BIL_4355_PACK,CRM_2297_PACK,0.017199,0.033175,0.034483,0.001083
