crm_pack,customers,customers_kept,billing_unchanged,n_rows,n_kept,rate_kept
CRM_1529_PACK,1507,261,12,97476,90561,0.0029
CRM_1533_PACK,890,168,6,97640,90715,0.0019
CRM_1542_PACK,465,88,8,97642,90709,0.001
CRM_1537_PACK,442,62,10,136347,127107,0.0005
CRM_1538_PACK,410,68,2,72770,67641,0.001
CRM_1536_PACK,401,66,8,55777,51703,0.0013
CRM_2087_PACK,376,87,7,78241,72827,0.0012
CRM_1553_PACK,315,147,122,64726,60153,0.0024
CRM_1532_PACK,304,67,10,96462,89568,0.0007
CRM_2088_PACK,242,64,3,75370,70158,0.0009
CRM_1541_PACK,236,43,6,97284,90390,0.0005
CRM_2076_PACK,202,64,5,80312,74753,0.0009
CRM_1539_PACK,201,28,5,55791,51699,0.0005
CRM_2077_PACK,194,72,3,79329,73837,0.001
CRM_1621_PACK,172,14,0,254,74,0.1892
CRM_1816_PACK,167,16,1,361,171,0.0936
CRM_1575_PACK,156,39,1,24732,22840,0.0017
CRM_1564_PACK,137,25,1,12719,11534,0.0022
CRM_1649_PACK,128,6,1,242,37,0.1622
CRM_1707_PACK,128,5,0,261,51,0.098
CRM_1738_PACK,127,15,0,325,125,0.12
CRM_1555_PACK,126,15,0,26812,24834,0.0006
CRM_1849_PACK,126,14,0,306,115,0.1217
CRM_1773_PACK,126,10,1,328,126,0.0794
CRM_1765_PACK,121,16,2,308,113,0.1416
CRM_1527_PACK,121,26,4,52696,48939,0.0005
CRM_1786_PACK,121,10,1,259,52,0.1923
CRM_1748_PACK,121,8,0,254,65,0.1231
CRM_2093_PACK,120,30,0,46457,43071,0.0007
CRM_1680_PACK,118,19,4,593,391,0.0486
CRM_1692_PACK,117,21,0,428,223,0.0942
CRM_2112_PACK,115,20,0,2108,1795,0.0111
CRM_1798_PACK,114,24,0,426,256,0.0938
CRM_1640_PACK,114,18,0,1090,872,0.0206
CRM_1612_PACK,114,25,4,613,445,0.0562
CRM_1709_PACK,113,24,4,473,303,0.0792
CRM_1667_PACK,112,18,0,437,256,0.0703
CRM_1708_PACK,112,19,0,889,664,0.0286
CRM_1594_PACK,112,17,0,23659,21928,0.0008
CRM_1639_PACK,112,18,1,852,622,0.0289
CRM_1650_PACK,112,11,0,351,143,0.0769
CRM_2149_PACK,112,19,1,517,323,0.0588
CRM_1584_PACK,111,15,3,2242,1912,0.0078
CRM_1629_PACK,111,19,3,943,728,0.0261
CRM_1547_PACK,111,16,0,7784,7113,0.0022
CRM_1623_PACK,111,19,2,1156,927,0.0205
CRM_1690_PACK,111,14,0,820,612,0.0229
CRM_1700_PACK,111,10,0,301,101,0.099
CRM_1827_PACK,111,9,0,285,85,0.1059
CRM_1813_PACK,111,11,0,262,70,0.1571
CRM_2152_PACK,111,10,0,333,145,0.069
CRM_1720_PACK,111,19,0,390,214,0.0888
CRM_1735_PACK,110,12,0,351,132,0.0909
CRM_2079_PACK,110,26,1,52182,48514,0.0005
CRM_1588_PACK,109,20,0,3953,3513,0.0057
CRM_1625_PACK,109,18,1,4511,3991,0.0045
CRM_1648_PACK,109,17,1,4487,4027,0.0042
CRM_2163_PACK,109,9,0,364,173,0.052
CRM_1552_PACK,109,29,0,5578,5025,0.0058
CRM_1758_PACK,109,12,3,313,131,0.0916
CRM_1845_PACK,108,10,1,413,231,0.0433
CRM_1683_PACK,108,10,0,1964,1655,0.006
CRM_1702_PACK,107,15,0,554,366,0.041
CRM_1662_PACK,107,19,4,1206,968,0.0196
CRM_1812_PACK,107,10,0,276,65,0.1538
CRM_1585_PACK,107,24,0,4406,3898,0.0062
CRM_1726_PACK,106,13,0,470,265,0.0491
CRM_2146_PACK,106,17,2,1458,1199,0.0142
CRM_1682_PACK,106,18,0,473,286,0.0629
CRM_1626_PACK,106,21,1,609,423,0.0496
CRM_1608_PACK,105,29,0,3434,3039,0.0095
CRM_1704_PACK,105,10,2,600,399,0.0251
CRM_1752_PACK,104,6,0,256,65,0.0923
CRM_1777_PACK,104,14,1,377,190,0.0737
CRM_1619_PACK,104,25,0,2153,1862,0.0134
CRM_1740_PACK,103,13,0,320,134,0.097
CRM_1865_PACK,103,13,2,327,146,0.089
CRM_2080_PACK,102,19,2,21424,19770,0.001
CRM_1820_PACK,102,10,0,276,95,0.1053
CRM_1742_PACK,101,11,0,242,69,0.1594
CRM_1739_PACK,101,11,2,342,132,0.0833
CRM_1785_PACK,101,8,0,371,170,0.0471
CRM_1769_PACK,100,7,2,330,117,0.0598
CRM_2212_PACK,98,2,0,317,120,0.0167
CRM_1569_PACK,96,43,25,929,721,0.0596
CRM_1524_PACK,96,16,0,9062,8282,0.0019
CRM_1776_PACK,96,9,1,411,206,0.0437
CRM_1674_PACK,95,10,0,581,383,0.0261
CRM_1606_PACK,95,10,1,21861,20245,0.0005
CRM_2091_PACK,95,27,0,52189,48534,0.0006
CRM_1525_PACK,94,19,1,3463,3048,0.0062
CRM_2173_PACK,94,19,0,634,438,0.0434
CRM_1657_PACK,93,8,1,302,116,0.069
CRM_1659_PACK,93,4,1,217,35,0.1143
CRM_2118_PACK,93,18,1,1162,936,0.0192
CRM_2154_PACK,93,18,2,1089,851,0.0212
CRM_2081_PACK,93,27,0,17562,16216,0.0017
CRM_1534_PACK,92,13,1,2189,1886,0.0069
CRM_1721_PACK,91,8,0,307,101,0.0792
CRM_1664_PACK,91,16,2,2356,2041,0.0078
CRM_1747_PACK,91,7,0,242,31,0.2258
CRM_2104_PACK,89,12,1,18286,16923,0.0007
CRM_1557_PACK,89,15,0,6417,5856,0.0026
CRM_1711_PACK,89,7,0,240,47,0.1489
CRM_1624_PACK,89,9,0,248,68,0.1324
CRM_2179_PACK,89,11,0,270,86,0.1279
CRM_1586_PACK,88,20,0,19793,18262,0.0011
CRM_1578_PACK,88,14,1,3781,3346,0.0042
CRM_1556_PACK,87,16,2,20017,18534,0.0009
CRM_2078_PACK,87,22,1,45117,41899,0.0005
CRM_2083_PACK,87,16,1,2546,2195,0.0073
CRM_1663_PACK,87,5,0,322,124,0.0403
CRM_2157_PACK,87,13,1,527,336,0.0387
CRM_2203_PACK,87,8,1,224,34,0.2353
CRM_2085_PACK,86,19,0,8590,7843,0.0024
CRM_1753_PACK,86,4,1,271,60,0.0667
CRM_2197_PACK,85,7,0,277,68,0.1029
CRM_2134_PACK,85,17,0,3311,2919,0.0058
CRM_2150_PACK,85,7,0,287,69,0.1014
CRM_2135_PACK,84,12,0,914,706,0.017
CRM_2092_PACK,84,14,1,18880,17417,0.0008
CRM_1730_PACK,83,8,0,390,201,0.0398
CRM_2236_PACK,83,8,0,220,42,0.1905
CRM_2206_PACK,83,7,0,236,32,0.2188
CRM_1596_PACK,83,17,1,14280,13143,0.0013
CRM_1597_PACK,83,8,0,357,156,0.0513
CRM_2082_PACK,83,24,0,7754,7093,0.0034
CRM_2089_PACK,82,18,1,27236,25287,0.0007
CRM_2117_PACK,81,10,0,749,525,0.019
CRM_2109_PACK,81,12,0,1244,1029,0.0117
CRM_1864_PACK,81,3,0,229,41,0.0732
CRM_2090_PACK,81,17,6,10643,9739,0.0017
CRM_1571_PACK,81,11,0,872,658,0.0167
CRM_1598_PACK,80,20,10,2926,2580,0.0078
CRM_2098_PACK,80,7,0,401,185,0.0378
CRM_2174_PACK,80,12,1,421,227,0.0529
CRM_2193_PACK,80,10,0,364,152,0.0658
CRM_2196_PACK,80,6,1,227,33,0.1818
CRM_2267_PACK,80,6,0,221,38,0.1579
CRM_1842_PACK,80,15,0,418,254,0.0591
CRM_1710_PACK,80,13,1,1017,768,0.0169
CRM_2158_PACK,79,15,0,648,440,0.0341
CRM_1602_PACK,79,11,0,1562,1279,0.0086
CRM_2139_PACK,78,21,2,853,652,0.0322
CRM_2111_PACK,78,12,0,2562,2236,0.0054
CRM_2140_PACK,78,16,3,1377,1124,0.0142
CRM_2102_PACK,78,19,0,3096,2743,0.0069
CRM_2115_PACK,77,19,0,1007,788,0.0241
CRM_2126_PACK,77,12,1,951,735,0.0163
CRM_2121_PACK,77,8,1,3727,3323,0.0024
CRM_2113_PACK,77,18,0,2391,2059,0.0087
CRM_1570_PACK,76,7,0,13264,12217,0.0006
CRM_1868_PACK,75,7,0,213,39,0.1795
CRM_2244_PACK,75,9,1,241,44,0.2045
CRM_1582_PACK,75,14,0,9502,8734,0.0016
CRM_1573_PACK,74,15,0,5494,4985,0.003
CRM_1583_PACK,74,22,0,14290,13050,0.0017
CRM_1946_PACK,74,7,0,259,41,0.1707
CRM_1890_PACK,74,5,0,237,32,0.1562
CRM_1877_PACK,74,4,0,227,42,0.0952
CRM_1655_PACK,74,14,0,694,481,0.0291
CRM_1908_PACK,73,2,0,208,29,0.069
CRM_1693_PACK,73,7,0,290,76,0.0921
CRM_1558_PACK,73,10,0,6289,5637,0.0018
CRM_1676_PACK,73,9,1,1029,761,0.0118
CRM_1617_PACK,72,8,0,9181,8394,0.001
CRM_1554_PACK,72,15,0,5128,4600,0.0033
CRM_1609_PACK,72,16,0,1608,1344,0.0119
CRM_1590_PACK,71,13,0,6610,5980,0.0022
CRM_1903_PACK,71,1,0,228,33,0.0303
CRM_1540_PACK,70,11,0,9224,8425,0.0013
CRM_1698_PACK,70,12,9,324,128,0.0938
CRM_2130_PACK,69,15,0,2705,2327,0.0064
CRM_2110_PACK,69,12,0,504,331,0.0363
CRM_1767_PACK,69,4,0,245,41,0.0976
CRM_2194_PACK,68,3,0,224,34,0.0882
CRM_1795_PACK,68,3,0,242,44,0.0682
CRM_2156_PACK,68,6,0,449,242,0.0248
CRM_1656_PACK,68,3,0,264,77,0.039
CRM_2180_PACK,68,5,0,319,140,0.0357
CRM_2128_PACK,68,14,6,1622,1368,0.0102
CRM_2205_PACK,67,7,0,223,48,0.1458
CRM_1653_PACK,67,12,0,5258,4784,0.0025
CRM_1630_PACK,67,10,0,1575,1290,0.0078
CRM_1727_PACK,66,4,0,354,130,0.0308
CRM_2095_PACK,66,13,0,7143,6477,0.002
CRM_2106_PACK,66,11,0,4329,3872,0.0028
CRM_2184_PACK,66,2,0,247,32,0.0625
CRM_1566_PACK,65,7,0,3824,3376,0.0021
CRM_2155_PACK,65,14,0,1840,1551,0.009
CRM_1595_PACK,65,10,0,7603,6898,0.0014
CRM_1528_PACK,64,11,0,13129,11957,0.0009
CRM_2123_PACK,64,15,0,2784,2452,0.0061
CRM_1695_PACK,64,7,0,402,205,0.0341
CRM_1643_PACK,62,7,0,1459,1195,0.0059
CRM_2238_PACK,62,4,0,232,47,0.0851
CRM_1593_PACK,61,14,1,3546,3186,0.0044
CRM_2097_PACK,60,8,0,1178,912,0.0088
CRM_1911_PACK,60,3,0,194,34,0.0882
CRM_1627_PACK,60,6,0,757,530,0.0113
CRM_1577_PACK,60,7,0,2551,2200,0.0032
CRM_1607_PACK,60,4,0,667,451,0.0089
CRM_1697_PACK,60,6,0,291,97,0.0619
CRM_2161_PACK,59,6,0,906,666,0.009
CRM_2151_PACK,59,1,0,309,107,0.0093
CRM_1638_PACK,59,5,0,1175,921,0.0054
CRM_1658_PACK,59,7,0,838,620,0.0113
CRM_2137_PACK,59,15,0,825,605,0.0248
CRM_2219_PACK,59,4,1,284,77,0.0519
CRM_1810_PACK,58,6,0,229,36,0.1667
CRM_2148_PACK,58,5,0,2219,1950,0.0026
CRM_1665_PACK,58,8,0,846,609,0.0131
CRM_1825_PACK,58,0,1,272,82,0.0
CRM_1701_PACK,56,6,0,648,446,0.0135
CRM_2101_PACK,56,10,0,6129,5597,0.0018
CRM_2182_PACK,55,1,0,266,64,0.0156
CRM_2124_PACK,55,8,0,441,269,0.0297
CRM_1559_PACK,55,7,1,2503,2168,0.0032
CRM_2147_PACK,54,9,0,584,386,0.0233
CRM_1641_PACK,53,10,0,3160,2770,0.0036
CRM_1603_PACK,53,13,1,7030,6353,0.002
CRM_1884_PACK,53,5,0,255,65,0.0769
CRM_1548_PACK,53,6,0,827,591,0.0102
CRM_2168_PACK,53,4,0,365,159,0.0252
CRM_1519_PACK,51,4,0,1291,1058,0.0038
CRM_1678_PACK,51,10,1,1392,1151,0.0087
CRM_2138_PACK,51,3,0,901,684,0.0044
CRM_2120_PACK,51,4,0,845,628,0.0064
CRM_1600_PACK,50,3,0,388,186,0.0161
CRM_1613_PACK,50,4,0,2665,2292,0.0017
CRM_1821_PACK,49,2,0,244,39,0.0513
CRM_2190_PACK,49,6,0,283,99,0.0606
CRM_1781_PACK,49,3,0,276,89,0.0337
CRM_1944_PACK,49,1,0,216,31,0.0323
CRM_1895_PACK,49,4,0,235,30,0.1333
CRM_1654_PACK,49,7,0,3838,3413,0.0021
CRM_1715_PACK,49,13,0,2973,2612,0.005
CRM_2169_PACK,49,1,0,722,507,0.002
CRM_2127_PACK,48,7,1,641,418,0.0167
CRM_2108_PACK,48,2,0,258,66,0.0303
CRM_1746_PACK,48,1,0,251,58,0.0172
CRM_1734_PACK,48,3,0,591,398,0.0075
CRM_2142_PACK,47,4,0,624,406,0.0099
CRM_1768_PACK,47,2,1,193,27,0.0741
CRM_1882_PACK,47,1,0,228,25,0.04
CRM_1563_PACK,46,6,0,8322,7602,0.0008
CRM_1888_PACK,46,4,0,198,32,0.125
CRM_1887_PACK,46,2,0,220,28,0.0714
CRM_1635_PACK,46,6,0,1115,886,0.0068
CRM_1618_PACK,46,9,0,643,446,0.0202
CRM_1743_PACK,46,0,0,230,41,0.0
CRM_1822_PACK,46,4,0,229,26,0.1538
CRM_2160_PACK,46,1,1,269,82,0.0122
CRM_2186_PACK,46,4,0,250,77,0.0519
CRM_1589_PACK,45,5,0,7697,7021,0.0007
CRM_1670_PACK,45,3,0,938,718,0.0042
CRM_1832_PACK,45,2,0,332,119,0.0168
CRM_2159_PACK,45,3,0,241,57,0.0526
CRM_1906_PACK,45,3,0,188,29,0.1034
CRM_1790_PACK,44,0,0,434,221,0.0
CRM_2153_PACK,44,4,0,804,583,0.0069
CRM_1949_PACK,44,0,0,215,20,0.0
CRM_2356_PACK,44,0,0,207,17,0.0
CRM_1622_PACK,44,1,0,234,45,0.0222
CRM_2114_PACK,44,4,0,7856,7164,0.0006
CRM_1912_PACK,44,1,0,237,30,0.0333
CRM_1637_PACK,44,5,0,594,410,0.0122
CRM_1560_PACK,44,6,0,1289,1026,0.0058
CRM_1896_PACK,43,1,0,240,43,0.0233
CRM_1699_PACK,43,1,0,488,273,0.0037
CRM_2141_PACK,43,10,0,2043,1757,0.0057
CRM_1737_PACK,43,1,0,220,24,0.0417
CRM_1819_PACK,43,1,1,233,26,0.0385
CRM_1775_PACK,43,5,0,356,183,0.0273
CRM_1591_PACK,43,3,0,2273,1975,0.0015
CRM_2221_PACK,43,3,1,250,41,0.0732
CRM_1673_PACK,42,2,0,335,140,0.0143
CRM_1858_PACK,42,1,0,225,50,0.02
CRM_1530_PACK,42,6,0,8794,8045,0.0007
CRM_2265_PACK,42,0,0,223,28,0.0
CRM_2116_PACK,42,7,0,1182,923,0.0076
CRM_2067_PACK,42,1,0,224,25,0.04
CRM_2143_PACK,42,6,0,2806,2458,0.0024
CRM_2105_PACK,42,5,3,302,108,0.0463
CRM_1833_PACK,41,0,0,228,50,0.0
CRM_1579_PACK,41,6,0,1367,1124,0.0053
CRM_2252_PACK,41,2,0,224,23,0.087
CRM_2164_PACK,41,3,0,242,28,0.1071
CRM_2369_PACK,41,1,0,214,18,0.0556
CRM_2285_PACK,40,2,1,225,26,0.0769
CRM_1723_PACK,40,1,0,682,452,0.0022
CRM_1794_PACK,40,0,0,282,72,0.0
CRM_1760_PACK,40,2,0,347,89,0.0225
CRM_1815_PACK,40,0,0,229,53,0.0
CRM_1848_PACK,39,4,0,385,196,0.0204
CRM_2131_PACK,39,0,0,229,26,0.0
CRM_1917_PACK,39,1,0,238,36,0.0278
CRM_2255_PACK,39,2,0,215,27,0.0741
CRM_1543_PACK,39,5,0,3909,3486,0.0014
CRM_1867_PACK,39,1,1,231,33,0.0303
CRM_1852_PACK,39,0,0,209,21,0.0
CRM_1687_PACK,39,4,0,691,468,0.0085
CRM_1835_PACK,39,2,0,234,39,0.0513
CRM_2084_PACK,39,4,0,3259,2865,0.0014
CRM_1891_PACK,38,1,0,225,24,0.0417
CRM_1854_PACK,38,1,0,236,46,0.0217
CRM_1803_PACK,38,1,0,300,85,0.0118
CRM_1526_PACK,37,3,0,2769,2375,0.0013
CRM_2301_PACK,37,0,0,243,33,0.0
CRM_1644_PACK,37,7,0,2008,1718,0.0041
CRM_2257_PACK,37,0,0,231,31,0.0
CRM_2100_PACK,37,9,1,7493,6788,0.0013
CRM_1953_PACK,37,1,0,208,30,0.0333
CRM_2187_PACK,37,0,0,207,32,0.0
CRM_1616_PACK,37,3,0,3076,2697,0.0011
CRM_2122_PACK,37,4,0,473,296,0.0135
CRM_2132_PACK,37,0,0,2277,1990,0.0
CRM_2208_PACK,36,2,0,268,52,0.0385
CRM_1718_PACK,36,1,0,283,83,0.012
CRM_2176_PACK,36,0,0,243,40,0.0
CRM_2181_PACK,36,3,0,235,43,0.0698
CRM_2283_PACK,36,1,0,212,26,0.0385
CRM_1899_PACK,36,1,0,214,36,0.0278
CRM_2183_PACK,36,4,0,202,36,0.1111
CRM_2216_PACK,36,0,0,220,42,0.0
CRM_2188_PACK,36,4,0,235,30,0.1333
CRM_1900_PACK,36,0,0,235,35,0.0
CRM_2258_PACK,36,2,0,217,21,0.0952
CRM_1841_PACK,36,1,0,235,57,0.0175
CRM_1713_PACK,35,1,0,258,40,0.025
CRM_1686_PACK,35,2,0,646,452,0.0044
CRM_2292_PACK,35,3,0,230,29,0.1034
CRM_1878_PACK,35,1,0,239,20,0.05
CRM_1522_PACK,35,3,0,2712,2363,0.0013
CRM_2175_PACK,35,2,1,400,198,0.0101
CRM_1724_PACK,35,1,0,289,85,0.0118
CRM_2218_PACK,35,3,0,225,28,0.1071
CRM_1759_PACK,35,0,0,276,84,0.0
CRM_2204_PACK,35,1,0,239,49,0.0204
CRM_1764_PACK,35,1,0,220,51,0.0196
CRM_1844_PACK,35,5,1,395,124,0.0403
CRM_1932_PACK,35,0,0,206,22,0.0
CRM_2359_PACK,34,1,0,216,22,0.0455
CRM_1809_PACK,34,0,0,310,108,0.0
CRM_1706_PACK,34,2,0,375,184,0.0109
CRM_1761_PACK,34,0,0,280,76,0.0
CRM_1660_PACK,34,0,1,257,71,0.0
CRM_1651_PACK,34,2,0,297,81,0.0247
CRM_1905_PACK,34,4,0,218,44,0.0909
CRM_2167_PACK,34,3,0,397,193,0.0155
CRM_2256_PACK,34,0,0,243,32,0.0
CRM_2246_PACK,34,1,0,217,21,0.0476
CRM_1549_PACK,34,4,0,8564,7821,0.0005
CRM_1757_PACK,34,1,0,227,36,0.0278
CRM_2353_PACK,34,1,0,226,16,0.0625
CRM_1728_PACK,33,2,0,237,60,0.0333
CRM_1647_PACK,33,9,5,579,394,0.0228
CRM_1666_PACK,33,3,0,567,364,0.0082
CRM_1855_PACK,33,0,0,194,22,0.0
CRM_2354_PACK,33,1,0,232,18,0.0556
CRM_2177_PACK,33,2,0,348,124,0.0161
CRM_2361_PACK,33,1,0,235,27,0.037
CRM_1834_PACK,33,0,0,234,28,0.0
CRM_1840_PACK,33,1,0,229,39,0.0256
CRM_1646_PACK,33,9,1,1222,975,0.0092
CRM_1671_PACK,33,2,0,906,711,0.0028
CRM_2195_PACK,33,2,1,217,34,0.0588
CRM_1892_PACK,33,2,0,222,26,0.0769
CRM_1712_PACK,32,3,0,396,216,0.0139
CRM_1719_PACK,32,2,1,628,418,0.0048
CRM_1725_PACK,32,1,0,276,86,0.0116
CRM_2315_PACK,32,2,0,203,26,0.0769
CRM_1805_PACK,32,1,0,272,19,0.0526
CRM_1749_PACK,32,1,0,281,47,0.0213
CRM_1828_PACK,32,0,0,334,113,0.0
CRM_2240_PACK,32,2,1,228,25,0.08
CRM_1561_PACK,32,1,0,704,483,0.0021
CRM_1866_PACK,32,1,0,222,19,0.0526
CRM_1862_PACK,32,0,0,220,36,0.0
CRM_1523_PACK,31,5,0,2696,2363,0.0021
CRM_2229_PACK,31,3,0,228,26,0.1154
CRM_2227_PACK,31,1,0,220,21,0.0476
CRM_2371_PACK,31,0,0,204,24,0.0
CRM_1592_PACK,31,1,0,1174,939,0.0011
CRM_1766_PACK,31,0,0,240,33,0.0
CRM_1736_PACK,31,2,0,250,40,0.05
CRM_1652_PACK,31,6,0,503,307,0.0195
CRM_2232_PACK,31,1,0,236,26,0.0385
CRM_1714_PACK,31,0,0,246,41,0.0
CRM_1807_PACK,31,0,0,255,16,0.0
CRM_2302_PACK,31,0,0,224,34,0.0
CRM_2069_PACK,31,1,0,227,33,0.0303
CRM_2191_PACK,31,2,0,246,30,0.0667
CRM_1901_PACK,31,1,0,217,38,0.0263
CRM_1675_PACK,31,3,0,1781,1490,0.002
CRM_1688_PACK,31,5,0,375,200,0.025
CRM_2378_PACK,31,1,0,236,33,0.0303
CRM_1926_PACK,31,1,0,202,27,0.037
CRM_1691_PACK,31,6,2,496,300,0.02
CRM_2395_PACK,30,1,0,215,28,0.0357
CRM_1599_PACK,30,2,0,1231,989,0.002
CRM_2358_PACK,30,0,0,224,21,0.0
CRM_2336_PACK,30,2,0,219,25,0.08
CRM_2178_PACK,30,3,1,396,233,0.0129
CRM_1894_PACK,30,3,0,197,34,0.0882
CRM_1696_PACK,30,1,0,274,59,0.0169
CRM_2198_PACK,30,2,0,247,47,0.0426
CRM_1731_PACK,30,0,0,240,62,0.0
CRM_2129_PACK,30,0,0,288,75,0.0
CRM_1763_PACK,30,0,0,258,81,0.0
CRM_2281_PACK,30,0,0,230,22,0.0
CRM_1716_PACK,30,3,0,235,45,0.0667
CRM_1729_PACK,30,3,0,282,52,0.0577
CRM_2068_PACK,30,0,0,223,20,0.0
CRM_2383_PACK,30,0,0,209,27,0.0
CRM_2366_PACK,30,1,0,205,22,0.0455
CRM_1546_PACK,29,1,0,702,480,0.0021
CRM_2073_PACK,29,0,0,217,21,0.0
CRM_1876_PACK,29,0,0,280,68,0.0
CRM_2379_PACK,29,1,0,200,24,0.0417
CRM_2367_PACK,29,0,0,211,25,0.0
CRM_1771_PACK,29,0,0,242,58,0.0
CRM_2099_PACK,29,6,0,2472,2133,0.0028
CRM_2248_PACK,29,0,0,200,34,0.0
CRM_2385_PACK,29,0,1,210,15,0.0
CRM_1669_PACK,29,3,0,914,705,0.0043
CRM_1962_PACK,29,0,0,219,38,0.0
CRM_1836_PACK,29,2,0,439,250,0.008
CRM_1963_PACK,29,0,0,247,28,0.0
CRM_2288_PACK,29,0,0,224,24,0.0
CRM_2284_PACK,29,2,0,216,24,0.0833
CRM_1817_PACK,29,2,0,264,78,0.0256
CRM_1956_PACK,29,2,0,207,18,0.1111
CRM_2357_PACK,29,1,1,182,16,0.0625
CRM_1857_PACK,29,1,0,202,27,0.037
CRM_2226_PACK,29,2,0,234,26,0.0769
CRM_2345_PACK,28,1,0,227,24,0.0417
CRM_2322_PACK,28,0,0,231,22,0.0
CRM_2330_PACK,28,1,0,228,24,0.0417
CRM_2070_PACK,28,0,0,211,20,0.0
CRM_2381_PACK,28,1,0,217,20,0.05
CRM_1880_PACK,28,1,0,221,32,0.0312
CRM_1783_PACK,28,1,0,245,58,0.0172
CRM_1774_PACK,28,0,0,232,26,0.0
CRM_2305_PACK,28,1,0,244,30,0.0333
CRM_1634_PACK,28,1,0,215,21,0.0476
CRM_2266_PACK,28,1,0,198,18,0.0556
CRM_2269_PACK,28,2,0,202,17,0.1176
CRM_2166_PACK,28,1,0,374,174,0.0057
CRM_2259_PACK,28,2,1,229,29,0.069
CRM_2251_PACK,28,0,0,207,26,0.0
CRM_1856_PACK,28,1,0,207,29,0.0345
CRM_1850_PACK,28,0,0,233,39,0.0
CRM_1847_PACK,28,0,0,212,36,0.0
CRM_1889_PACK,28,0,0,200,28,0.0
CRM_1818_PACK,28,3,0,470,275,0.0109
CRM_1824_PACK,28,1,0,286,55,0.0182
CRM_1826_PACK,27,1,0,402,196,0.0051
CRM_1703_PACK,27,0,0,211,34,0.0
CRM_1705_PACK,27,5,0,702,487,0.0103
CRM_2144_PACK,27,0,0,622,422,0.0
CRM_2096_PACK,27,0,0,228,20,0.0
CRM_1806_PACK,27,0,0,261,31,0.0
CRM_2363_PACK,27,0,0,233,26,0.0
CRM_2377_PACK,27,1,0,208,27,0.037
CRM_1779_PACK,27,3,0,448,265,0.0113
CRM_1814_PACK,27,0,0,212,26,0.0
CRM_2299_PACK,27,0,0,216,24,0.0
CRM_2304_PACK,27,0,0,210,20,0.0
CRM_2220_PACK,27,1,0,236,50,0.02
CRM_2192_PACK,27,0,0,257,72,0.0
CRM_2270_PACK,27,0,0,201,26,0.0
CRM_2274_PACK,27,0,0,220,21,0.0
CRM_1567_PACK,27,6,1,823,628,0.0096
CRM_1587_PACK,27,3,0,1651,1397,0.0021
CRM_2333_PACK,27,1,0,211,17,0.0588
CRM_1689_PACK,27,3,0,1268,1033,0.0029
CRM_2332_PACK,27,0,0,192,23,0.0
CRM_2337_PACK,27,1,0,204,25,0.04
CRM_2201_PACK,27,0,0,312,110,0.0
CRM_2253_PACK,27,0,0,215,24,0.0
CRM_1620_PACK,27,4,0,417,243,0.0165
CRM_2211_PACK,27,1,0,215,21,0.0476
CRM_2271_PACK,26,1,0,210,18,0.0556
CRM_2273_PACK,26,0,0,210,21,0.0
CRM_2241_PACK,26,0,0,231,24,0.0
CRM_1863_PACK,26,0,0,233,45,0.0
CRM_2071_PACK,26,2,1,220,30,0.0667
CRM_1799_PACK,26,0,0,289,108,0.0
CRM_1770_PACK,26,2,0,333,121,0.0165
CRM_1811_PACK,26,1,0,238,50,0.02
CRM_1782_PACK,26,0,0,198,19,0.0
CRM_2351_PACK,26,0,0,216,23,0.0
CRM_2347_PACK,26,0,1,213,21,0.0
CRM_2382_PACK,26,0,0,249,32,0.0
CRM_1614_PACK,26,3,0,703,495,0.0061
CRM_1610_PACK,26,2,0,490,310,0.0065
CRM_1601_PACK,26,2,0,1229,996,0.002
CRM_2372_PACK,26,0,0,226,29,0.0
CRM_1846_PACK,26,2,0,229,32,0.0625
CRM_1745_PACK,26,1,0,514,305,0.0033
CRM_1633_PACK,26,6,0,639,420,0.0143
CRM_1632_PACK,26,0,0,206,22,0.0
CRM_1964_PACK,26,0,0,199,28,0.0
CRM_1909_PACK,26,1,0,232,22,0.0455
CRM_1733_PACK,26,1,0,232,44,0.0227
CRM_1941_PACK,26,2,2,215,33,0.0606
CRM_2061_PACK,26,1,0,225,19,0.0526
CRM_2325_PACK,26,0,0,209,17,0.0
CRM_1732_PACK,26,2,0,255,80,0.025
CRM_1762_PACK,26,6,6,263,58,0.1034
CRM_2214_PACK,25,0,0,213,21,0.0
CRM_1631_PACK,25,4,0,992,773,0.0052
CRM_1545_PACK,25,2,0,3809,3420,0.0006
CRM_1872_PACK,25,0,0,227,25,0.0
CRM_1800_PACK,25,0,0,221,31,0.0
CRM_2103_PACK,25,3,0,1503,1242,0.0024
CRM_1861_PACK,25,0,0,254,48,0.0
CRM_1853_PACK,25,2,0,207,22,0.0909
CRM_2231_PACK,25,0,0,231,34,0.0
CRM_2233_PACK,25,2,0,235,22,0.0909
CRM_2335_PACK,25,0,0,220,17,0.0
CRM_1741_PACK,25,1,0,489,312,0.0032
CRM_2290_PACK,25,2,0,188,24,0.0833
CRM_2316_PACK,25,0,0,202,27,0.0
CRM_2065_PACK,25,2,0,232,31,0.0645
CRM_2136_PACK,25,2,0,336,154,0.013
CRM_1952_PACK,25,2,1,208,28,0.0714
CRM_2338_PACK,25,0,0,218,20,0.0
CRM_2309_PACK,25,0,0,201,21,0.0
CRM_1793_PACK,25,0,0,240,57,0.0
CRM_2380_PACK,25,1,0,202,18,0.0556
CRM_1565_PACK,24,2,0,1903,1604,0.0012
CRM_2344_PACK,24,1,0,232,25,0.04
CRM_1859_PACK,24,2,0,219,23,0.087
CRM_1860_PACK,24,0,0,194,25,0.0
CRM_2224_PACK,24,0,0,248,31,0.0
CRM_2297_PACK,24,0,0,211,20,0.0
CRM_2107_PACK,24,7,3,1012,807,0.0087
CRM_2307_PACK,24,1,0,227,29,0.0345
CRM_1787_PACK,24,1,0,244,32,0.0312
CRM_2365_PACK,24,0,0,218,24,0.0
CRM_2072_PACK,24,0,0,239,37,0.0
CRM_1885_PACK,24,1,0,205,32,0.0312
CRM_2308_PACK,24,1,0,216,26,0.0385
CRM_1843_PACK,24,1,0,360,96,0.0104
CRM_1893_PACK,23,0,0,249,42,0.0
CRM_1604_PACK,23,0,0,589,391,0.0
CRM_2388_PACK,23,2,0,196,27,0.0741
CRM_1780_PACK,23,0,0,210,38,0.0
CRM_1869_PACK,23,0,0,185,19,0.0
CRM_2133_PACK,23,3,0,346,151,0.0199
CRM_2320_PACK,23,0,0,186,20,0.0
CRM_1744_PACK,23,2,0,253,60,0.0333
CRM_2343_PACK,23,1,0,215,14,0.0714
CRM_1717_PACK,23,2,0,230,52,0.0385
CRM_1694_PACK,23,1,0,335,144,0.0069
CRM_1668_PACK,23,3,0,919,709,0.0042
CRM_1605_PACK,23,2,0,620,393,0.0051
CRM_1615_PACK,23,2,0,714,493,0.0041
CRM_2249_PACK,23,0,0,219,17,0.0
CRM_1886_PACK,23,0,0,209,23,0.0
CRM_2296_PACK,23,0,0,209,24,0.0
CRM_1550_PACK,22,0,0,692,484,0.0
CRM_2199_PACK,22,1,0,193,27,0.037
CRM_2394_PACK,22,0,0,218,22,0.0
CRM_2235_PACK,22,0,0,199,18,0.0
CRM_2355_PACK,22,1,0,229,17,0.0588
CRM_1562_PACK,22,1,0,509,307,0.0033
CRM_1873_PACK,22,0,0,214,26,0.0
CRM_1804_PACK,22,1,0,264,63,0.0159
CRM_2074_PACK,22,0,0,204,30,0.0
CRM_2387_PACK,22,0,0,229,23,0.0
CRM_2075_PACK,22,2,0,202,28,0.0714
CRM_1792_PACK,22,0,0,219,25,0.0
CRM_1791_PACK,22,1,0,374,171,0.0058
CRM_1881_PACK,22,0,0,185,19,0.0
CRM_1672_PACK,22,0,0,320,132,0.0
CRM_1722_PACK,22,1,0,348,153,0.0065
CRM_2327_PACK,22,2,0,209,24,0.0833
CRM_2319_PACK,22,0,0,248,37,0.0
CRM_2289_PACK,22,1,0,195,25,0.04
CRM_2340_PACK,22,0,0,199,15,0.0
CRM_2165_PACK,22,0,0,227,27,0.0
CRM_1685_PACK,22,1,0,361,159,0.0063
CRM_2298_PACK,21,0,0,230,17,0.0
CRM_2303_PACK,21,1,0,197,26,0.0385
CRM_1751_PACK,21,0,0,238,49,0.0
CRM_2086_PACK,21,2,0,3101,2725,0.0007
CRM_1830_PACK,21,0,0,206,24,0.0
CRM_2392_PACK,21,1,0,211,32,0.0312
CRM_1875_PACK,21,2,0,258,85,0.0235
CRM_2389_PACK,21,1,0,223,22,0.0455
CRM_2342_PACK,21,0,0,224,29,0.0
CRM_1904_PACK,21,0,0,217,21,0.0
CRM_2346_PACK,21,0,0,201,21,0.0
CRM_1933_PACK,21,1,0,201,32,0.0312
CRM_1961_PACK,21,0,0,211,35,0.0
CRM_1831_PACK,21,1,0,258,28,0.0357
CRM_2293_PACK,21,0,0,224,24,0.0
CRM_2276_PACK,21,0,0,219,29,0.0
CRM_2225_PACK,21,0,0,224,25,0.0
CRM_2250_PACK,21,0,0,201,21,0.0
CRM_2207_PACK,21,2,0,245,34,0.0588
CRM_2234_PACK,21,0,0,208,17,0.0
CRM_2374_PACK,21,0,0,200,19,0.0
CRM_2376_PACK,21,0,0,233,14,0.0
CRM_1521_PACK,21,1,0,2722,2370,0.0004
CRM_2370_PACK,21,0,0,229,24,0.0
CRM_1531_PACK,20,0,0,523,339,0.0
CRM_2373_PACK,20,0,0,193,21,0.0
CRM_2364_PACK,20,0,0,207,22,0.0
CRM_2362_PACK,20,0,0,211,23,0.0
CRM_2215_PACK,20,0,0,218,26,0.0
CRM_2228_PACK,20,0,0,198,34,0.0
CRM_2185_PACK,20,0,0,305,95,0.0
CRM_2145_PACK,20,0,0,227,26,0.0
CRM_2223_PACK,20,3,0,193,31,0.0968
CRM_2063_PACK,20,0,0,203,16,0.0
CRM_1907_PACK,20,1,0,189,27,0.037
CRM_2339_PACK,20,0,0,217,22,0.0
CRM_2331_PACK,20,1,0,218,24,0.0417
CRM_1930_PACK,20,1,0,207,23,0.0435
CRM_1951_PACK,20,1,0,188,20,0.05
CRM_1823_PACK,20,1,0,220,34,0.0294
CRM_1839_PACK,20,0,0,181,13,0.0
CRM_1959_PACK,20,0,0,216,25,0.0
CRM_1784_PACK,20,1,0,273,83,0.012
CRM_2323_PACK,20,1,0,183,14,0.0714
CRM_1797_PACK,20,3,0,315,138,0.0217
CRM_2125_PACK,20,0,0,398,209,0.0
CRM_1789_PACK,19,0,0,196,25,0.0
CRM_1754_PACK,19,0,0,491,312,0.0
CRM_1788_PACK,19,0,0,246,53,0.0
CRM_1611_PACK,19,3,0,490,309,0.0097
CRM_2247_PACK,19,0,0,226,29,0.0
CRM_2375_PACK,19,0,0,230,19,0.0
CRM_2239_PACK,19,0,0,223,17,0.0
CRM_2391_PACK,19,0,0,206,17,0.0
CRM_1636_PACK,19,0,0,217,35,0.0
CRM_2280_PACK,19,0,0,221,21,0.0
CRM_2277_PACK,19,0,0,195,24,0.0
CRM_2282_PACK,19,0,0,215,14,0.0
CRM_2314_PACK,19,0,0,206,29,0.0
CRM_2348_PACK,19,0,0,246,22,0.0
CRM_1874_PACK,19,1,0,277,93,0.0108
CRM_2066_PACK,19,0,0,236,32,0.0
CRM_2237_PACK,19,0,0,210,29,0.0
CRM_2213_PACK,19,1,0,205,21,0.0476
CRM_2171_PACK,18,0,0,292,108,0.0
CRM_1796_PACK,18,0,0,200,21,0.0
CRM_2279_PACK,18,0,0,193,21,0.0
CRM_2278_PACK,18,0,0,216,19,0.0
CRM_1750_PACK,18,0,0,206,20,0.0
CRM_1801_PACK,18,0,0,233,38,0.0
CRM_1551_PACK,18,2,0,707,495,0.004
CRM_1943_PACK,18,2,0,233,28,0.0714
CRM_2300_PACK,18,0,0,176,25,0.0
CRM_2360_PACK,18,1,0,222,30,0.0333
CRM_2222_PACK,18,0,1,255,37,0.0
CRM_1642_PACK,17,1,0,713,492,0.002
CRM_2209_PACK,17,0,0,181,21,0.0
CRM_1645_PACK,17,1,0,700,487,0.0021
CRM_1897_PACK,17,0,0,244,24,0.0
CRM_1879_PACK,17,0,0,229,22,0.0
CRM_2326_PACK,17,0,0,208,19,0.0
CRM_1968_PACK,17,0,0,214,24,0.0
CRM_2317_PACK,17,2,0,205,30,0.0667
CRM_2324_PACK,17,0,0,189,19,0.0
CRM_2200_PACK,17,1,0,233,38,0.0263
CRM_2268_PACK,17,1,0,217,26,0.0385
CRM_2368_PACK,17,0,0,215,23,0.0
CRM_2230_PACK,17,0,0,218,24,0.0
CRM_2294_PACK,17,0,0,200,20,0.0
CRM_1778_PACK,17,3,0,277,70,0.0429
CRM_1802_PACK,16,0,0,238,48,0.0
CRM_2321_PACK,16,0,0,205,19,0.0
CRM_2349_PACK,16,0,0,227,23,0.0
CRM_1883_PACK,16,2,0,237,44,0.0455
CRM_1684_PACK,16,1,0,367,151,0.0066
CRM_2272_PACK,16,0,0,207,22,0.0
CRM_1581_PACK,16,1,0,753,520,0.0019
CRM_1568_PACK,16,2,0,1172,936,0.0021
CRM_2275_PACK,16,0,0,204,20,0.0
CRM_2291_PACK,16,0,0,216,28,0.0
CRM_1772_PACK,16,1,0,371,171,0.0058
CRM_2329_PACK,16,1,0,201,19,0.0526
CRM_2170_PACK,16,2,0,292,102,0.0196
CRM_2352_PACK,15,0,0,180,21,0.0
CRM_2210_PACK,15,1,0,206,24,0.0417
CRM_2311_PACK,15,1,0,198,20,0.05
CRM_2263_PACK,15,0,0,201,22,0.0
CRM_2254_PACK,15,1,0,218,25,0.04
CRM_2287_PACK,15,0,0,177,30,0.0
CRM_1677_PACK,15,2,0,259,44,0.0455
CRM_1902_PACK,15,0,0,204,15,0.0
CRM_2189_PACK,14,0,0,182,16,0.0
CRM_1931_PACK,14,0,0,195,17,0.0
CRM_1808_PACK,14,0,0,247,27,0.0
CRM_2064_PACK,14,0,0,203,19,0.0
CRM_1910_PACK,14,0,0,215,17,0.0
CRM_2341_PACK,14,1,0,208,13,0.0769
CRM_1756_PACK,14,0,0,243,29,0.0
CRM_2245_PACK,13,1,0,210,15,0.0667
CRM_1966_PACK,13,0,0,201,23,0.0
CRM_1829_PACK,13,0,0,206,19,0.0
CRM_2062_PACK,13,0,0,210,16,0.0
CRM_1755_PACK,13,0,0,514,313,0.0
CRM_2094_PACK,13,2,2,1387,1156,0.0017
CRM_2119_PACK,13,2,2,504,321,0.0062
CRM_1679_PACK,13,0,0,461,311,0.0
CRM_1954_PACK,13,0,0,214,23,0.0
CRM_1969_PACK,12,0,0,194,18,0.0
CRM_1870_PACK,12,0,0,216,13,0.0
CRM_2306_PACK,12,1,0,207,22,0.0455
CRM_1661_PACK,12,0,0,915,698,0.0
CRM_2243_PACK,12,0,0,209,16,0.0
CRM_2313_PACK,12,1,0,196,22,0.0455
CRM_2242_PACK,11,0,0,239,37,0.0
CRM_1851_PACK,11,0,0,208,20,0.0
CRM_2328_PACK,10,1,1,184,16,0.0625
CRM_1576_PACK,10,2,0,1023,789,0.0025
CRM_2262_PACK,9,0,0,184,22,0.0
CRM_2286_PACK,9,0,0,205,12,0.0
CRM_2312_PACK,9,1,0,193,13,0.0769
CRM_1950_PACK,9,1,0,217,25,0.04
CRM_1871_PACK,6,0,0,200,11,0.0
