crm_pack,suspected_customers,high_confidence,customers_with_pack,suspected_rate,test_customers_with_pack,test_flagged_as_top_pack,rank_by_rate,rank_by_count
CRM_1621_PACK,177,176,254,0.6969,114,3,1,4
CRM_1773_PACK,160,145,328,0.4878,207,0,2,9
CRM_1816_PACK,174,168,361,0.482,234,0,3,5
CRM_1738_PACK,153,140,325,0.4708,153,1,4,11
CRM_1700_PACK,139,127,301,0.4618,138,1,5,48
CRM_1765_PACK,142,134,308,0.461,191,1,6,34
CRM_1721_PACK,132,116,307,0.43,140,0,7,61
CRM_2179_PACK,116,99,270,0.4296,131,0,8,105
CRM_1663_PACK,138,111,322,0.4286,151,0,9,53
CRM_1740_PACK,137,120,320,0.4281,145,1,10,54
CRM_1865_PACK,140,124,327,0.4281,192,0,10,43
CRM_1650_PACK,150,136,351,0.4274,127,0,12,16
CRM_1735_PACK,149,137,351,0.4245,194,0,13,19
CRM_1769_PACK,140,122,330,0.4242,177,0,14,43
CRM_2212_PACK,133,109,317,0.4196,133,0,15,60
CRM_1739_PACK,140,126,342,0.4094,172,0,16,43
CRM_1758_PACK,127,116,313,0.4058,178,0,17,74
CRM_2152_PACK,135,123,333,0.4054,206,1,18,58
CRM_1720_PACK,151,131,390,0.3872,282,0,19,14
CRM_1785_PACK,142,123,371,0.3827,272,0,20,34
CRM_1692_PACK,163,142,428,0.3808,370,2,21,8
CRM_1776_PACK,149,123,411,0.3625,322,0,22,19
CRM_2163_PACK,131,121,364,0.3599,200,0,23,62
CRM_1727_PACK,124,92,354,0.3503,174,0,24,81
CRM_2193_PACK,127,107,364,0.3489,203,0,25,74
CRM_1777_PACK,131,125,377,0.3475,217,0,26,62
CRM_1798_PACK,147,132,426,0.3451,307,2,27,25
CRM_1597_PACK,123,103,357,0.3445,210,0,28,84
CRM_1845_PACK,139,125,413,0.3366,227,0,29,48
CRM_1667_PACK,140,127,437,0.3204,342,1,30,43
CRM_2174_PACK,134,116,421,0.3183,227,0,31,59
CRM_2098_PACK,123,106,401,0.3067,252,3,32,84
CRM_1698_PACK,98,68,324,0.3025,171,0,33,127
CRM_1726_PACK,142,129,470,0.3021,352,0,34,34
CRM_2180_PACK,94,79,319,0.2947,84,0,35,138
CRM_1682_PACK,139,127,473,0.2939,441,0,36,48
CRM_1709_PACK,136,127,473,0.2875,388,1,37,56
CRM_1842_PACK,120,102,418,0.2871,406,1,38,95
CRM_2160_PACK,76,59,269,0.2825,109,0,39,193
CRM_2221_PACK,70,55,250,0.28,40,0,40,222
CRM_2168_PACK,102,76,365,0.2795,113,0,41,122
CRM_1763_PACK,72,47,258,0.2791,136,0,42,210
CRM_2149_PACK,144,127,517,0.2785,393,3,43,31
CRM_1730_PACK,101,77,390,0.259,273,0,44,124
CRM_1702_PACK,143,132,554,0.2581,544,0,45,32
CRM_1790_PACK,111,74,434,0.2558,190,0,46,112
CRM_1778_PACK,70,40,277,0.2527,52,0,47,222
CRM_1770_PACK,83,49,333,0.2492,51,0,48,170
CRM_1704_PACK,149,123,600,0.2483,567,0,49,19
CRM_1875_PACK,64,38,258,0.2481,87,0,50,244
CRM_1612_PACK,148,133,613,0.2414,558,0,51,24
CRM_1826_PACK,97,69,402,0.2413,206,0,52,128
CRM_2157_PACK,127,103,527,0.241,229,1,53,74
CRM_2133_PACK,83,52,346,0.2399,183,0,54,170
CRM_1680_PACK,142,135,593,0.2395,529,0,55,34
CRM_1600_PACK,91,68,388,0.2345,191,0,56,147
CRM_2105_PACK,70,48,302,0.2318,20,0,57,222
CRM_2151_PACK,71,57,309,0.2298,82,0,58,215
CRM_1695_PACK,92,62,402,0.2289,233,0,59,141
CRM_1775_PACK,80,53,356,0.2247,255,0,60,178
CRM_1674_PACK,130,111,581,0.2238,454,1,61,65
CRM_1809_PACK,69,42,310,0.2226,29,0,62,229
CRM_2177_PACK,74,44,348,0.2126,135,0,63,199
CRM_1688_PACK,78,57,375,0.208,203,0,64,187
CRM_1699_PACK,99,71,488,0.2029,418,0,65,126
CRM_2171_PACK,58,39,292,0.1986,121,0,66,271
CRM_1673_PACK,66,46,335,0.197,106,0,67,240
CRM_1797_PACK,62,39,315,0.1968,127,0,68,254
CRM_1818_PACK,92,61,470,0.1957,292,0,69,141
CRM_1791_PACK,73,48,374,0.1952,146,0,70,203
CRM_1772_PACK,72,45,371,0.1941,202,0,71,210
CRM_1685_PACK,69,44,361,0.1911,186,0,72,229
CRM_2110_PACK,96,86,504,0.1905,298,0,73,129
CRM_2122_PACK,88,73,473,0.186,297,0,74,156
CRM_2206_PACK,43,38,236,0.1822,15,0,75,308
CRM_1712_PACK,72,52,396,0.1818,136,0,76,210
CRM_2236_PACK,40,34,220,0.1818,13,0,76,314
CRM_1649_PACK,44,39,242,0.1818,38,0,76,305
CRM_2167_PACK,71,48,397,0.1788,46,0,79,215
CRM_1620_PACK,74,55,417,0.1775,233,1,80,199
CRM_1639_PACK,150,134,852,0.1761,939,0,81,16
CRM_1694_PACK,59,39,335,0.1761,5,0,81,268
CRM_1690_PACK,143,132,820,0.1744,887,2,83,32
CRM_1691_PACK,86,49,496,0.1734,48,0,84,162
CRM_1779_PACK,77,46,448,0.1719,184,0,85,189
CRM_2178_PACK,68,43,396,0.1717,190,0,86,237
CRM_2170_PACK,50,35,292,0.1712,121,0,87,294
CRM_2185_PACK,52,35,305,0.1705,20,0,88,287
CRM_1652_PACK,85,55,503,0.169,226,1,89,164
CRM_1708_PACK,149,136,889,0.1676,960,3,90,19
CRM_1849_PACK,51,44,306,0.1667,114,0,91,291
CRM_2203_PACK,37,33,224,0.1652,11,0,92,319
CRM_1707_PACK,43,39,261,0.1648,57,0,93,308
CRM_1562_PACK,83,52,509,0.1631,272,0,94,170
CRM_1706_PACK,61,44,375,0.1627,95,0,95,257
CRM_2173_PACK,103,91,634,0.1625,440,0,96,121
CRM_1655_PACK,112,96,694,0.1614,529,1,97,110
CRM_1742_PACK,39,33,242,0.1612,71,1,98,315
CRM_1813_PACK,42,39,262,0.1603,58,0,99,310
CRM_1629_PACK,151,136,943,0.1601,1003,2,100,14
CRM_1820_PACK,44,38,276,0.1594,92,0,101,305
CRM_2175_PACK,63,45,400,0.1575,39,0,102,248
CRM_2201_PACK,49,36,312,0.1571,114,0,103,298
CRM_1672_PACK,50,37,320,0.1562,106,0,104,294
CRM_1626_PACK,95,80,609,0.156,564,0,105,134
CRM_2156_PACK,70,45,449,0.1559,114,0,106,222
CRM_1748_PACK,38,35,254,0.1496,82,0,107,317
CRM_2136_PACK,50,28,336,0.1488,74,0,108,294
CRM_1836_PACK,65,43,439,0.1481,9,0,109,243
CRM_1684_PACK,53,34,367,0.1444,185,0,110,285
CRM_1786_PACK,37,33,259,0.1429,53,0,111,319
CRM_2158_PACK,92,69,648,0.142,276,2,112,141
CRM_1571_PACK,122,101,872,0.1399,675,1,113,89
CRM_1666_PACK,79,57,567,0.1393,116,0,114,183
CRM_2166_PACK,52,28,374,0.139,41,0,115,287
CRM_1722_PACK,48,32,348,0.1379,255,0,116,300
CRM_1827_PACK,38,33,285,0.1333,81,0,117,317
CRM_1640_PACK,145,133,1090,0.133,1276,1,118,29
CRM_1647_PACK,76,46,579,0.1313,480,0,119,193
CRM_2135_PACK,120,100,914,0.1313,691,0,119,95
CRM_1679_PACK,60,32,461,0.1302,376,0,121,262
CRM_1659_PACK,28,25,217,0.129,18,0,122,328
CRM_2244_PACK,31,27,241,0.1286,17,0,123,322
CRM_2196_PACK,29,25,227,0.1278,20,0,124,325
CRM_2124_PACK,56,40,441,0.127,246,0,125,275
CRM_1710_PACK,129,101,1017,0.1268,476,0,126,70
CRM_2139_PACK,108,91,853,0.1266,866,0,127,117
CRM_1623_PACK,146,126,1156,0.1263,1390,2,128,27
CRM_1687_PACK,86,64,691,0.1245,722,1,129,162
CRM_1745_PACK,64,36,514,0.1245,397,0,129,244
CRM_1812_PACK,34,29,276,0.1232,64,0,131,321
CRM_2126_PACK,117,95,951,0.123,832,0,132,102
CRM_1611_PACK,60,38,490,0.1224,397,0,133,262
CRM_1890_PACK,29,23,237,0.1224,18,0,133,325
CRM_1752_PACK,31,29,256,0.1211,66,0,135,322
CRM_2127_PACK,77,48,641,0.1201,553,0,136,189
CRM_2117_PACK,88,74,749,0.1175,145,0,137,156
CRM_1701_PACK,76,52,648,0.1173,551,0,138,193
CRM_2137_PACK,96,68,825,0.1164,323,0,139,129
CRM_1548_PACK,96,59,827,0.1161,747,0,140,129
CRM_2154_PACK,126,107,1089,0.1157,742,0,141,78
CRM_1662_PACK,139,125,1206,0.1153,1342,0,142,48
CRM_1754_PACK,56,32,491,0.1141,397,0,143,275
CRM_2147_PACK,66,42,584,0.113,297,0,144,240
CRM_2197_PACK,31,29,277,0.1119,79,0,145,322
CRM_2118_PACK,130,115,1162,0.1119,737,1,145,65
CRM_1607_PACK,73,52,667,0.1094,342,0,147,203
CRM_1618_PACK,70,54,643,0.1089,572,1,148,222
CRM_1723_PACK,74,53,682,0.1085,70,0,149,199
CRM_1755_PACK,55,34,514,0.107,397,0,150,281
CRM_1546_PACK,74,46,702,0.1054,560,0,151,199
CRM_2115_PACK,106,91,1007,0.1053,773,0,152,118
CRM_1741_PACK,51,33,489,0.1043,397,0,153,291
CRM_1610_PACK,51,36,490,0.1041,397,1,154,291
CRM_1614_PACK,73,44,703,0.1038,672,0,155,203
CRM_1605_PACK,64,33,620,0.1032,345,0,156,244
CRM_1877_PACK,23,22,227,0.1013,32,0,157,334
CRM_1637_PACK,60,36,594,0.101,511,0,158,262
CRM_2150_PACK,29,27,287,0.101,110,0,158,325
CRM_2142_PACK,63,48,624,0.101,363,0,158,248
CRM_1658_PACK,84,61,838,0.1002,634,0,161,166
CRM_1665_PACK,84,57,846,0.0993,765,0,162,166
CRM_1747_PACK,24,21,242,0.0992,34,0,163,330
CRM_1868_PACK,21,20,213,0.0986,25,0,164,336
CRM_1615_PACK,70,43,714,0.098,672,0,165,222
CRM_1561_PACK,69,51,704,0.098,653,0,165,229
CRM_1911_PACK,19,17,194,0.0979,17,0,167,344
CRM_1567_PACK,80,54,823,0.0972,789,0,168,178
CRM_1581_PACK,73,46,753,0.0969,742,0,169,203
CRM_1624_PACK,24,21,248,0.0968,75,0,170,330
CRM_1627_PACK,73,48,757,0.0964,446,1,171,203
CRM_1686_PACK,61,44,646,0.0944,70,0,172,257
CRM_2205_PACK,21,20,223,0.0942,52,11,173,336
CRM_1531_PACK,49,29,523,0.0937,398,0,174,298
CRM_1693_PACK,27,24,290,0.0931,59,0,175,329
CRM_2120_PACK,78,60,845,0.0923,188,0,176,187
CRM_1864_PACK,21,19,229,0.0917,15,0,177,336
CRM_2238_PACK,21,21,232,0.0905,45,0,178,336
CRM_1734_PACK,53,37,591,0.0897,59,0,179,285
CRM_1550_PACK,62,41,692,0.0896,560,0,180,254
CRM_1753_PACK,24,20,271,0.0886,77,0,181,330
CRM_1676_PACK,91,70,1029,0.0884,877,1,182,147
CRM_1604_PACK,52,29,589,0.0883,345,0,183,287
CRM_1705_PACK,62,42,702,0.0883,672,0,183,254
CRM_1633_PACK,56,33,639,0.0876,643,0,185,275
CRM_1719_PACK,55,37,628,0.0876,223,0,185,281
CRM_1711_PACK,21,18,240,0.0875,38,0,187,336
CRM_1795_PACK,21,15,242,0.0868,30,0,188,336
CRM_2188_PACK,20,17,235,0.0851,15,0,189,342
CRM_2119_PACK,42,24,504,0.0833,192,0,190,310
CRM_1602_PACK,130,110,1562,0.0832,1661,0,191,65
CRM_2169_PACK,60,40,722,0.0831,320,0,192,262
CRM_2140_PACK,113,95,1377,0.0821,1442,1,193,109
CRM_2219_PACK,23,21,284,0.081,66,0,194,334
CRM_1638_PACK,94,63,1175,0.08,775,0,195,138
CRM_1657_PACK,24,18,302,0.0795,133,0,196,330
CRM_1643_PACK,116,84,1459,0.0795,1820,0,196,105
CRM_2161_PACK,71,50,906,0.0784,477,0,198,215
CRM_1767_PACK,19,19,245,0.0776,56,0,199,344
CRM_1630_PACK,122,90,1575,0.0775,1550,0,200,89
CRM_1683_PACK,152,134,1964,0.0774,2339,0,201,13
CRM_2267_PACK,17,16,221,0.0769,14,0,202,351
CRM_1908_PACK,16,16,208,0.0769,19,0,202,355
CRM_1671_PACK,69,40,906,0.0762,736,0,204,229
CRM_1670_PACK,71,49,938,0.0757,750,0,205,215
CRM_1858_PACK,17,15,225,0.0756,40,0,206,351
CRM_2182_PACK,20,15,266,0.0752,60,0,207,342
CRM_1601_PACK,92,57,1229,0.0749,1367,2,208,141
CRM_1599_PACK,92,56,1231,0.0747,1367,0,209,141
CRM_1810_PACK,17,12,229,0.0742,19,0,210,351
CRM_2109_PACK,92,75,1244,0.074,657,0,211,141
CRM_2184_PACK,18,14,247,0.0729,37,0,212,349
CRM_1642_PACK,52,27,713,0.0729,436,0,212,287
CRM_1631_PACK,72,48,992,0.0726,311,0,214,210
CRM_2356_PACK,15,12,207,0.0725,2,0,215,361
CRM_2153_PACK,58,39,804,0.0721,369,0,216,271
CRM_2194_PACK,16,16,224,0.0714,23,1,217,355
CRM_1903_PACK,16,12,228,0.0702,20,0,218,355
CRM_2146_PACK,102,89,1458,0.07,1334,0,219,122
CRM_1825_PACK,19,16,272,0.0699,100,0,220,344
CRM_1592_PACK,82,56,1174,0.0698,689,0,221,176
CRM_2183_PACK,14,13,202,0.0693,11,0,222,364
CRM_1669_PACK,63,37,914,0.0689,735,0,223,248
CRM_1609_PACK,110,90,1608,0.0684,1906,0,224,113
CRM_1656_PACK,18,17,264,0.0682,115,0,225,349
CRM_1895_PACK,16,15,235,0.0681,5,0,226,355
CRM_2097_PACK,80,55,1178,0.0679,586,0,227,178
CRM_1551_PACK,48,28,707,0.0679,672,0,227,300
CRM_2187_PACK,14,13,207,0.0676,22,0,229,364
CRM_2190_PACK,19,16,283,0.0671,42,0,230,344
CRM_1534_PACK,146,124,2189,0.0667,536,0,231,27
CRM_1668_PACK,61,32,919,0.0664,735,0,232,257
CRM_2159_PACK,16,16,241,0.0664,45,0,232,355
CRM_1619_PACK,142,120,2153,0.066,2533,0,234,34
CRM_2144_PACK,41,24,622,0.0659,211,0,235,312
CRM_1645_PACK,46,26,700,0.0657,672,0,236,304
CRM_1946_PACK,17,16,259,0.0656,27,0,237,351
CRM_2369_PACK,14,13,214,0.0654,2,0,238,364
CRM_1697_PACK,19,18,291,0.0653,129,0,239,344
CRM_2116_PACK,75,53,1182,0.0635,317,0,240,198
CRM_1584_PACK,142,125,2242,0.0633,2472,0,241,34
CRM_1576_PACK,64,35,1023,0.0626,343,0,242,244
CRM_1768_PACK,12,11,193,0.0622,15,0,243,375
CRM_1519_PACK,80,51,1291,0.062,841,0,244,178
CRM_2108_PACK,16,14,258,0.062,82,0,244,355
CRM_1855_PACK,12,12,194,0.0619,6,0,246,375
CRM_2301_PACK,15,14,243,0.0617,4,0,247,361
CRM_2112_PACK,129,112,2108,0.0612,494,0,248,70
CRM_2255_PACK,13,12,215,0.0605,1,0,249,369
CRM_1635_PACK,66,47,1115,0.0592,1134,0,250,240
CRM_1579_PACK,80,55,1367,0.0585,1491,0,251,178
CRM_2285_PACK,13,13,225,0.0578,1,0,252,369
CRM_2234_PACK,12,12,208,0.0577,17,0,253,375
CRM_2176_PACK,14,13,243,0.0576,23,0,254,364
CRM_1821_PACK,14,12,244,0.0574,35,0,255,364
CRM_1678_PACK,77,55,1392,0.0553,1533,0,256,189
CRM_2204_PACK,13,13,239,0.0544,14,0,257,369
CRM_2107_PACK,55,35,1012,0.0543,456,0,258,281
CRM_1781_PACK,15,13,276,0.0543,66,0,258,361
CRM_1568_PACK,63,42,1172,0.0538,901,0,260,248
CRM_2138_PACK,48,31,901,0.0533,330,0,261,300
CRM_2218_PACK,12,10,225,0.0533,17,0,261,375
CRM_1882_PACK,12,9,228,0.0526,2,0,263,375
CRM_1833_PACK,12,12,228,0.0526,48,0,263,375
CRM_1664_PACK,123,113,2356,0.0522,2605,0,265,84
CRM_2186_PACK,13,12,250,0.052,55,0,266,369
CRM_1622_PACK,12,12,234,0.0513,15,0,267,375
CRM_1884_PACK,13,11,255,0.051,55,0,268,369
CRM_1944_PACK,11,9,216,0.0509,5,0,269,387
CRM_1660_PACK,13,11,257,0.0506,66,0,270,369
CRM_1878_PACK,12,12,239,0.0502,3,0,271,375
CRM_1839_PACK,9,9,181,0.0497,1,0,272,403
CRM_2164_PACK,12,9,242,0.0496,6,0,273,375
CRM_1932_PACK,10,10,206,0.0485,2,0,274,389
CRM_1746_PACK,12,10,251,0.0478,42,0,275,375
CRM_1569_PACK,44,17,929,0.0474,606,0,276,305
CRM_1689_PACK,59,41,1268,0.0465,833,0,277,268
CRM_2359_PACK,10,10,216,0.0463,1,0,278,389
CRM_2246_PACK,10,9,217,0.0461,11,0,279,389
CRM_1646_PACK,56,31,1222,0.0458,1307,0,280,275
CRM_1894_PACK,9,8,197,0.0457,6,0,281,403
CRM_1762_PACK,12,6,263,0.0456,70,0,282,375
CRM_1888_PACK,9,8,198,0.0455,15,0,283,403
CRM_1764_PACK,10,8,220,0.0455,24,0,283,389
CRM_1737_PACK,10,9,220,0.0455,22,0,283,389
CRM_1560_PACK,58,36,1289,0.045,1183,0,286,271
CRM_2252_PACK,10,9,224,0.0446,0,0,287,389
CRM_1644_PACK,88,55,2008,0.0438,467,0,288,156
CRM_1822_PACK,10,10,229,0.0437,12,0,289,389
CRM_1815_PACK,10,9,229,0.0437,63,0,289,389
CRM_1598_PACK,128,108,2926,0.0437,2545,1,289,73
CRM_1743_PACK,10,9,230,0.0435,3,0,292,389
CRM_2296_PACK,9,9,209,0.0431,4,0,293,403
CRM_2333_PACK,9,9,211,0.0427,1,0,294,403
CRM_1834_PACK,10,9,234,0.0427,16,0,294,389
CRM_1587_PACK,70,44,1651,0.0424,1504,0,296,222
CRM_1912_PACK,10,10,237,0.0422,4,0,297,389
CRM_2113_PACK,101,85,2391,0.0422,1644,0,297,124
CRM_1949_PACK,9,8,215,0.0419,1,0,299,403
CRM_1634_PACK,9,7,215,0.0419,13,0,299,403
CRM_1565_PACK,79,49,1903,0.0415,1259,0,301,183
CRM_2216_PACK,9,7,220,0.0409,28,0,302,403
CRM_2083_PACK,104,81,2546,0.0408,676,0,303,120
CRM_2191_PACK,10,9,246,0.0407,32,0,304,389
CRM_2266_PACK,8,8,198,0.0404,3,0,305,421
CRM_1782_PACK,8,8,198,0.0404,21,0,305,421
CRM_2130_PACK,109,89,2705,0.0403,1579,0,307,115
CRM_1889_PACK,8,7,200,0.04,11,0,308,421
CRM_2309_PACK,8,7,201,0.0398,1,0,309,421
CRM_2316_PACK,8,7,202,0.0396,3,0,310,421
CRM_1588_PACK,156,135,3953,0.0395,4862,0,311,10
CRM_1761_PACK,11,10,280,0.0393,19,0,312,387
CRM_1867_PACK,9,8,231,0.039,1,0,313,403
CRM_1713_PACK,10,9,258,0.0388,29,0,314,389
CRM_1591_PACK,88,57,2273,0.0387,1519,0,315,156
CRM_1675_PACK,69,42,1781,0.0387,733,0,315,229
CRM_1715_PACK,115,81,2973,0.0387,2994,0,315,108
CRM_1856_PACK,8,8,207,0.0386,11,0,318,421
CRM_2363_PACK,9,8,233,0.0386,0,0,318,403
CRM_2226_PACK,9,7,234,0.0385,4,0,320,403
CRM_1559_PACK,96,66,2503,0.0384,1854,0,321,129
CRM_2383_PACK,8,7,209,0.0383,1,0,322,421
CRM_2361_PACK,9,6,235,0.0383,1,0,322,403
CRM_2273_PACK,8,8,210,0.0381,4,0,324,421
CRM_2385_PACK,8,7,210,0.0381,0,0,324,421
CRM_2102_PACK,117,101,3096,0.0378,1497,0,326,102
CRM_1881_PACK,7,7,185,0.0378,4,0,326,451
CRM_2283_PACK,8,8,212,0.0377,6,0,328,421
CRM_1814_PACK,8,7,212,0.0377,11,0,328,421
CRM_1766_PACK,9,9,240,0.0375,18,0,330,403
CRM_1731_PACK,9,8,240,0.0375,34,0,330,403
CRM_1896_PACK,9,8,240,0.0375,24,0,330,403
CRM_1899_PACK,8,6,214,0.0374,11,0,333,421
CRM_1578_PACK,141,112,3781,0.0373,5002,0,334,41
CRM_2395_PACK,8,7,215,0.0372,1,0,335,421
CRM_1771_PACK,9,8,242,0.0372,8,0,335,403
CRM_2128_PACK,60,41,1622,0.037,397,0,337,262
CRM_2351_PACK,8,7,216,0.037,1,0,337,421
CRM_2381_PACK,8,8,217,0.0369,1,0,339,421
CRM_2305_PACK,9,9,244,0.0369,3,0,339,403
CRM_2215_PACK,8,8,218,0.0367,4,0,341,421
CRM_1887_PACK,8,6,220,0.0364,3,0,342,421
CRM_1759_PACK,10,8,276,0.0362,78,0,343,389
CRM_1800_PACK,8,6,221,0.0362,18,0,343,421
CRM_2094_PACK,50,31,1387,0.036,659,1,345,294
CRM_2068_PACK,8,8,223,0.0359,11,0,346,421
CRM_1931_PACK,7,7,195,0.0359,2,0,346,451
CRM_2388_PACK,7,7,196,0.0357,1,0,348,451
CRM_1891_PACK,8,8,225,0.0356,0,0,349,421
CRM_1608_PACK,122,102,3434,0.0355,4458,0,350,89
CRM_2240_PACK,8,8,228,0.0351,4,0,351,421
CRM_2131_PACK,8,7,229,0.0349,10,0,352,421
CRM_2292_PACK,8,8,230,0.0348,0,0,353,421
CRM_2270_PACK,7,6,201,0.0348,5,0,353,451
CRM_2380_PACK,7,6,202,0.0347,1,0,355,451
CRM_1857_PACK,7,7,202,0.0347,2,0,355,451
CRM_2148_PACK,77,45,2219,0.0347,29,0,355,189
CRM_1926_PACK,7,7,202,0.0347,13,0,355,451
CRM_1909_PACK,8,8,232,0.0345,10,0,359,421
CRM_2337_PACK,7,7,204,0.0343,2,0,360,451
CRM_1577_PACK,87,67,2551,0.0341,1593,0,361,160
CRM_1841_PACK,8,5,235,0.034,53,0,362,421
CRM_1854_PACK,8,6,236,0.0339,31,0,363,421
CRM_1585_PACK,149,132,4406,0.0338,4310,2,364,19
CRM_1593_PACK,119,97,3546,0.0336,4120,0,365,101
CRM_1525_PACK,116,92,3463,0.0335,4533,0,366,105
CRM_1852_PACK,7,7,209,0.0335,4,0,366,451
CRM_2362_PACK,7,6,211,0.0332,1,0,368,451
CRM_2357_PACK,6,6,182,0.033,1,0,369,491
CRM_1648_PACK,147,132,4487,0.0328,4320,0,370,25
CRM_2253_PACK,7,7,215,0.0326,5,0,371,451
CRM_2284_PACK,7,5,216,0.0324,0,0,372,451
CRM_2073_PACK,7,6,217,0.0323,6,0,373,451
CRM_1901_PACK,7,6,217,0.0323,32,0,373,451
CRM_1625_PACK,145,124,4511,0.0321,4747,0,375,29
CRM_2155_PACK,59,43,1840,0.0321,362,0,375,268
CRM_1906_PACK,6,6,188,0.0319,7,0,377,491
CRM_2103_PACK,48,36,1503,0.0319,248,0,377,300
CRM_1880_PACK,7,5,221,0.0317,17,0,379,451
CRM_1892_PACK,7,7,222,0.0315,3,0,380,451
CRM_2265_PACK,7,6,223,0.0314,6,0,381,451
CRM_2342_PACK,7,6,224,0.0312,1,0,382,451
CRM_2302_PACK,7,6,224,0.0312,9,0,382,451
CRM_2069_PACK,7,7,227,0.0308,9,0,384,451
CRM_2111_PACK,79,68,2562,0.0308,1013,0,384,183
CRM_2096_PACK,7,6,228,0.0307,6,0,386,451
CRM_2330_PACK,7,5,228,0.0307,2,0,386,451
CRM_2355_PACK,7,6,229,0.0306,0,0,388,451
CRM_2259_PACK,7,6,229,0.0306,11,0,388,451
CRM_1566_PACK,117,93,3824,0.0306,2407,0,388,102
CRM_1844_PACK,12,12,395,0.0304,80,0,391,375
CRM_2298_PACK,7,5,230,0.0304,3,0,391,451
CRM_1733_PACK,7,5,232,0.0302,31,0,393,451
CRM_1526_PACK,83,56,2769,0.03,2238,0,394,170
CRM_1819_PACK,7,7,233,0.03,10,0,394,451
CRM_2379_PACK,6,5,200,0.03,1,0,394,491
CRM_1850_PACK,7,6,233,0.03,15,0,394,451
CRM_2132_PACK,68,49,2277,0.0299,96,0,398,237
CRM_1835_PACK,7,6,234,0.0299,48,0,398,451
CRM_2141_PACK,61,40,2043,0.0299,1184,0,398,257
CRM_2181_PACK,7,6,235,0.0298,18,0,401,451
CRM_2232_PACK,7,5,236,0.0297,4,0,402,451
CRM_2378_PACK,7,7,236,0.0297,1,0,402,451
CRM_2315_PACK,6,6,203,0.0296,0,0,404,491
CRM_2371_PACK,6,5,204,0.0294,1,0,405,491
CRM_1696_PACK,8,7,274,0.0292,54,0,406,421
CRM_2256_PACK,7,6,243,0.0288,7,0,407,451
CRM_2134_PACK,95,79,3311,0.0287,1525,0,408,134
CRM_1876_PACK,8,6,280,0.0286,13,0,409,421
CRM_2304_PACK,6,6,210,0.0286,1,0,409,491
CRM_1714_PACK,7,6,246,0.0285,28,0,411,451
CRM_1794_PACK,8,6,282,0.0284,59,0,412,421
CRM_2297_PACK,6,5,211,0.0284,0,0,412,491
CRM_2070_PACK,6,5,211,0.0284,8,0,412,491
CRM_1703_PACK,6,6,211,0.0284,28,0,412,491
CRM_1616_PACK,87,48,3076,0.0283,2646,0,416,160
CRM_2214_PACK,6,5,213,0.0282,5,0,417,491
CRM_1736_PACK,7,7,250,0.028,32,0,418,451
CRM_1959_PACK,6,6,216,0.0278,2,0,419,491
CRM_2129_PACK,8,8,288,0.0278,68,0,419,421
CRM_2258_PACK,6,6,217,0.0276,2,0,421,491
CRM_2189_PACK,5,5,182,0.0275,1,0,422,529
CRM_2365_PACK,6,5,218,0.0275,0,0,422,491
CRM_1905_PACK,6,5,218,0.0275,21,0,422,491
CRM_2230_PACK,6,5,218,0.0275,10,0,422,491
CRM_2336_PACK,6,6,219,0.0274,2,0,426,491
CRM_1613_PACK,73,48,2665,0.0274,1152,0,426,203
CRM_1962_PACK,6,5,219,0.0274,28,0,426,491
CRM_1823_PACK,6,5,220,0.0273,11,0,429,491
CRM_1862_PACK,6,6,220,0.0273,13,0,429,491
CRM_2071_PACK,6,6,220,0.0273,6,0,429,491
CRM_1832_PACK,9,9,332,0.0271,111,0,432,403
CRM_1552_PACK,150,131,5578,0.0269,6482,0,433,16
CRM_2067_PACK,6,5,224,0.0268,2,0,434,491
CRM_1641_PACK,84,55,3160,0.0266,1975,0,435,166
CRM_1951_PACK,5,5,188,0.0266,1,0,435,529
CRM_1907_PACK,5,5,189,0.0265,10,0,437,529
CRM_1872_PACK,6,6,227,0.0264,4,0,438,491
CRM_2145_PACK,6,5,227,0.0264,0,0,438,491
CRM_1522_PACK,71,50,2712,0.0262,2238,0,440,215
CRM_2281_PACK,6,5,230,0.0261,5,0,441,491
CRM_2208_PACK,7,7,268,0.0261,0,0,441,451
CRM_2143_PACK,73,43,2806,0.026,637,0,443,203
CRM_2065_PACK,6,4,232,0.0259,6,0,444,491
CRM_2344_PACK,6,6,232,0.0259,0,0,444,491
CRM_2123_PACK,72,52,2784,0.0259,1287,1,444,210
CRM_2354_PACK,6,6,232,0.0259,1,0,444,491
CRM_1860_PACK,5,4,194,0.0258,2,0,448,529
CRM_1784_PACK,7,6,273,0.0256,90,0,449,451
CRM_1900_PACK,6,5,235,0.0255,8,0,450,491
CRM_1728_PACK,6,5,237,0.0253,47,0,451,491
CRM_2228_PACK,5,4,198,0.0253,2,0,451,529
CRM_2235_PACK,5,4,199,0.0251,11,0,453,529
CRM_1793_PACK,6,6,240,0.025,4,0,454,491
CRM_1796_PACK,5,3,200,0.025,3,0,454,529
CRM_1749_PACK,7,6,281,0.0249,11,0,456,451
CRM_1554_PACK,127,98,5128,0.0248,6212,0,457,74
CRM_2074_PACK,5,5,204,0.0245,8,0,458,529
CRM_1885_PACK,5,4,205,0.0244,11,0,459,529
CRM_2366_PACK,5,5,205,0.0244,0,0,459,529
CRM_2286_PACK,5,4,205,0.0244,4,0,459,529
CRM_2319_PACK,6,6,248,0.0242,2,0,462,491
CRM_1799_PACK,7,5,289,0.0242,138,0,462,451
CRM_1853_PACK,5,5,207,0.0242,9,0,462,529
CRM_1953_PACK,5,3,208,0.024,21,0,465,529
CRM_2237_PACK,5,4,210,0.0238,6,0,466,529
CRM_2245_PACK,5,5,210,0.0238,2,0,466,529
CRM_1961_PACK,5,5,211,0.0237,28,0,468,529
CRM_1573_PACK,130,103,5494,0.0237,4955,0,468,65
CRM_2367_PACK,5,5,211,0.0237,0,0,468,529
CRM_1523_PACK,63,39,2696,0.0234,2224,0,471,248
CRM_1941_PACK,5,5,215,0.0233,4,0,472,529
CRM_2192_PACK,6,5,257,0.0233,32,0,472,491
CRM_2282_PACK,5,5,215,0.0233,0,0,472,529
CRM_2211_PACK,5,5,215,0.0233,5,0,472,529
CRM_1654_PACK,89,68,3838,0.0232,2911,2,476,152
CRM_1677_PACK,6,6,259,0.0232,20,0,476,491
CRM_2299_PACK,5,5,216,0.0231,3,0,478,529
CRM_2308_PACK,5,5,216,0.0231,1,0,478,529
CRM_1543_PACK,90,62,3909,0.023,2871,1,480,150
CRM_2339_PACK,5,5,217,0.023,1,0,480,529
CRM_1859_PACK,5,3,219,0.0228,14,0,482,529
CRM_2249_PACK,5,4,219,0.0228,3,0,482,529
CRM_1653_PACK,120,96,5258,0.0228,4057,0,482,95
CRM_2227_PACK,5,5,220,0.0227,1,0,485,529
CRM_2099_PACK,56,35,2472,0.0227,1309,0,485,275
CRM_2274_PACK,5,3,220,0.0227,2,0,485,529
CRM_2335_PACK,5,4,220,0.0227,1,0,485,529
CRM_2287_PACK,4,2,177,0.0226,6,0,489,577
CRM_2389_PACK,5,5,223,0.0224,1,0,490,529
CRM_2239_PACK,5,4,223,0.0224,11,0,490,529
CRM_2225_PACK,5,5,224,0.0223,6,0,492,529
CRM_2288_PACK,5,5,224,0.0223,4,0,492,529
CRM_2352_PACK,4,3,180,0.0222,2,0,494,577
CRM_2372_PACK,5,4,226,0.0221,1,0,495,529
CRM_2165_PACK,5,4,227,0.022,29,0,496,529
CRM_1521_PACK,60,37,2722,0.022,2238,0,496,262
CRM_2229_PACK,5,5,228,0.0219,10,0,498,529
CRM_2328_PACK,4,4,184,0.0217,2,0,499,577
CRM_1725_PACK,6,4,276,0.0217,70,0,499,491
CRM_1774_PACK,5,3,232,0.0216,6,0,501,529
CRM_1869_PACK,4,4,185,0.0216,13,0,501,577
CRM_2257_PACK,5,1,231,0.0216,4,0,501,529
CRM_2320_PACK,4,3,186,0.0215,1,0,504,577
CRM_1716_PACK,5,4,235,0.0213,7,0,505,529
CRM_2121_PACK,79,65,3727,0.0212,544,0,506,183
CRM_2220_PACK,5,5,236,0.0212,39,0,506,529
CRM_1718_PACK,6,4,283,0.0212,52,0,506,491
CRM_1751_PACK,5,3,238,0.021,43,0,509,529
CRM_2084_PACK,68,44,3259,0.0209,1282,0,510,237
CRM_2332_PACK,4,4,192,0.0208,1,0,511,577
CRM_2277_PACK,4,4,195,0.0205,1,0,512,577
CRM_1783_PACK,5,4,245,0.0204,35,0,513,529
CRM_1789_PACK,4,3,196,0.0204,4,0,513,577
CRM_2348_PACK,5,5,246,0.0203,0,0,515,529
CRM_1808_PACK,5,4,247,0.0202,54,0,516,529
CRM_1963_PACK,5,5,247,0.0202,6,0,516,529
CRM_1651_PACK,6,5,297,0.0202,94,0,516,491
CRM_1964_PACK,4,3,199,0.0201,7,0,519,577
CRM_2340_PACK,4,4,199,0.0201,3,0,519,577
CRM_1803_PACK,6,6,300,0.02,106,0,521,491
CRM_2250_PACK,4,4,201,0.0199,7,0,522,577
CRM_2263_PACK,4,3,201,0.0199,4,0,522,577
CRM_2346_PACK,4,4,201,0.0199,1,0,522,577
CRM_2075_PACK,4,3,202,0.0198,6,0,525,577
CRM_2269_PACK,4,3,202,0.0198,3,0,525,577
CRM_1557_PACK,125,99,6417,0.0195,6526,0,527,79
CRM_1750_PACK,4,3,206,0.0194,4,0,528,577
CRM_2210_PACK,4,4,206,0.0194,5,0,528,577
CRM_1956_PACK,4,3,207,0.0193,3,0,530,577
CRM_1952_PACK,4,2,208,0.0192,20,0,531,577
CRM_2377_PACK,4,4,208,0.0192,0,0,531,577
CRM_2326_PACK,4,3,208,0.0192,0,0,531,577
CRM_2327_PACK,4,4,209,0.0191,6,0,534,577
CRM_2271_PACK,4,4,210,0.019,6,0,535,577
CRM_1780_PACK,4,3,210,0.019,21,0,535,577
CRM_1817_PACK,5,4,264,0.0189,27,0,537,529
CRM_1847_PACK,4,3,212,0.0189,6,0,537,577
CRM_1873_PACK,4,4,214,0.0187,2,0,539,577
CRM_2343_PACK,4,4,215,0.0186,1,0,540,577
CRM_2278_PACK,4,2,216,0.0185,1,0,541,577
CRM_1590_PACK,122,102,6610,0.0185,5966,0,541,89
CRM_1904_PACK,4,4,217,0.0184,0,0,543,577
CRM_2268_PACK,4,4,217,0.0184,1,0,543,577
CRM_2195_PACK,4,3,217,0.0184,23,0,543,577
CRM_1805_PACK,5,5,272,0.0184,54,0,543,529
CRM_1792_PACK,4,3,219,0.0183,2,0,547,577
CRM_2338_PACK,4,4,218,0.0183,2,0,547,577
CRM_1603_PACK,129,94,7030,0.0183,5338,1,547,70
CRM_2276_PACK,4,2,219,0.0183,6,0,547,577
CRM_1848_PACK,7,5,385,0.0182,88,0,551,451
CRM_1545_PACK,69,45,3809,0.0181,3060,0,552,229
CRM_2086_PACK,56,35,3101,0.0181,1097,0,552,275
CRM_1866_PACK,4,3,222,0.018,0,0,554,577
CRM_1547_PACK,140,128,7784,0.018,10204,0,554,43
CRM_2293_PACK,4,4,224,0.0179,0,0,556,577
CRM_2353_PACK,4,3,226,0.0177,1,0,557,577
CRM_2307_PACK,4,4,227,0.0176,3,0,558,577
CRM_1840_PACK,4,3,229,0.0175,22,0,559,577
CRM_2375_PACK,4,4,230,0.0174,1,0,560,577
CRM_1717_PACK,4,4,230,0.0174,38,0,560,577
CRM_1724_PACK,5,5,289,0.0173,68,0,562,529
CRM_1760_PACK,6,6,347,0.0173,67,0,562,491
CRM_1863_PACK,4,4,233,0.0172,47,0,564,577
CRM_2200_PACK,4,4,233,0.0172,23,0,564,577
CRM_1801_PACK,4,4,233,0.0172,19,0,564,577
CRM_2233_PACK,4,4,235,0.017,3,0,567,577
CRM_2300_PACK,3,2,176,0.017,4,0,567,634
CRM_1883_PACK,4,3,237,0.0169,47,0,569,577
CRM_2095_PACK,121,93,7143,0.0169,1637,0,569,93
CRM_2066_PACK,4,3,236,0.0169,2,0,569,577
CRM_1756_PACK,4,3,243,0.0165,31,0,572,577
CRM_2106_PACK,71,56,4329,0.0164,1787,0,573,215
CRM_2207_PACK,4,4,245,0.0163,29,0,574,577
CRM_2198_PACK,4,4,247,0.0162,28,0,575,577
CRM_2224_PACK,4,3,248,0.0161,11,0,576,577
CRM_1744_PACK,4,4,253,0.0158,33,0,577,577
CRM_1861_PACK,4,1,254,0.0157,47,0,578,577
CRM_1807_PACK,4,4,255,0.0157,53,0,578,577
CRM_2082_PACK,121,100,7754,0.0156,4401,0,580,93
CRM_2279_PACK,3,3,193,0.0155,0,0,581,634
CRM_2373_PACK,3,3,193,0.0155,1,0,581,634
CRM_2199_PACK,3,3,193,0.0155,5,0,581,634
CRM_1969_PACK,3,3,194,0.0155,4,0,581,634
CRM_2313_PACK,3,2,196,0.0153,3,0,585,634
CRM_2311_PACK,3,3,198,0.0152,1,0,586,634
CRM_1804_PACK,4,3,264,0.0152,79,0,586,577
CRM_1558_PACK,95,71,6289,0.0151,4720,0,588,134
CRM_2248_PACK,3,2,200,0.015,1,0,589,634
CRM_1828_PACK,5,5,334,0.015,138,0,589,529
CRM_2294_PACK,3,3,200,0.015,2,0,589,634
CRM_2374_PACK,3,3,200,0.015,0,0,589,634
CRM_1966_PACK,3,3,201,0.0149,6,0,593,634
CRM_2063_PACK,3,3,203,0.0148,9,0,594,634
CRM_2275_PACK,3,3,204,0.0147,3,0,595,634
CRM_2391_PACK,3,3,206,0.0146,0,0,596,634
CRM_2314_PACK,3,2,206,0.0146,1,0,596,634
CRM_1829_PACK,3,2,206,0.0146,2,0,596,634
CRM_1930_PACK,3,3,207,0.0145,2,0,599,634
CRM_2325_PACK,3,2,209,0.0144,0,0,600,634
CRM_1564_PACK,182,163,12719,0.0143,10251,0,601,2
CRM_2062_PACK,3,3,210,0.0143,2,0,601,634
CRM_2347_PACK,3,3,213,0.0141,1,0,603,634
CRM_1910_PACK,3,3,215,0.014,5,0,604,634
CRM_1954_PACK,3,3,214,0.014,2,0,604,634
CRM_1824_PACK,4,2,286,0.014,46,0,604,577
CRM_2394_PACK,3,3,218,0.0138,1,0,607,634
CRM_2254_PACK,3,3,218,0.0138,8,0,607,634
CRM_1524_PACK,124,100,9062,0.0137,8044,0,609,81
CRM_2101_PACK,83,65,6129,0.0135,1382,0,610,170
CRM_2360_PACK,3,2,222,0.0135,2,0,610,634
CRM_2061_PACK,3,3,225,0.0133,6,0,612,634
CRM_1757_PACK,3,1,227,0.0132,31,0,613,634
CRM_2387_PACK,3,3,229,0.0131,0,0,614,634
CRM_1846_PACK,3,3,229,0.0131,17,0,614,634
CRM_2231_PACK,3,3,231,0.013,10,0,616,634
CRM_2322_PACK,3,3,231,0.013,1,0,616,634
CRM_2376_PACK,3,3,233,0.0129,1,0,618,634
CRM_1943_PACK,3,3,233,0.0129,6,0,618,634
CRM_1582_PACK,120,95,9502,0.0126,7717,3,620,95
CRM_1917_PACK,3,3,238,0.0126,20,0,620,634
CRM_2072_PACK,3,2,239,0.0126,3,0,620,634
CRM_1811_PACK,3,3,238,0.0126,46,0,620,634
CRM_1787_PACK,3,3,244,0.0123,18,0,624,634
CRM_1897_PACK,3,3,244,0.0123,2,0,624,634
CRM_2085_PACK,106,89,8590,0.0123,3657,0,624,118
CRM_1788_PACK,3,3,246,0.0122,4,0,627,634
CRM_2222_PACK,3,3,255,0.0118,1,0,628,634
CRM_1540_PACK,109,77,9224,0.0118,8248,0,628,115
CRM_1732_PACK,3,2,255,0.0118,90,0,628,634
CRM_1595_PACK,89,69,7603,0.0117,6170,0,631,152
CRM_1589_PACK,89,68,7697,0.0116,6151,0,632,152
CRM_1831_PACK,3,2,258,0.0116,6,0,632,634
CRM_2100_PACK,84,54,7493,0.0112,2635,0,634,166
CRM_2209_PACK,2,2,181,0.011,1,0,635,678
CRM_2323_PACK,2,2,183,0.0109,1,0,636,678
CRM_2262_PACK,2,2,184,0.0109,8,0,636,678
CRM_1563_PACK,90,59,8322,0.0108,6927,0,638,150
CRM_1874_PACK,3,3,277,0.0108,88,0,638,634
CRM_2324_PACK,2,2,189,0.0106,1,0,640,678
CRM_1570_PACK,139,104,13264,0.0105,5872,1,641,48
CRM_2312_PACK,2,2,193,0.0104,1,0,642,678
CRM_1617_PACK,95,69,9181,0.0103,2,0,643,134
CRM_2303_PACK,2,2,197,0.0102,1,0,644,678
CRM_2125_PACK,4,4,398,0.0101,183,0,645,577
CRM_2329_PACK,2,1,201,0.01,1,0,646,678
CRM_2064_PACK,2,2,203,0.0099,5,0,647,678
CRM_2317_PACK,2,2,205,0.0098,6,0,648,678
CRM_2213_PACK,2,2,205,0.0098,14,0,648,678
CRM_2251_PACK,2,1,207,0.0097,5,0,650,678
CRM_2364_PACK,2,2,207,0.0097,2,0,650,678
CRM_1549_PACK,83,54,8564,0.0097,7320,0,650,170
CRM_1830_PACK,2,2,206,0.0097,5,0,650,678
CRM_1886_PACK,2,2,209,0.0096,9,0,654,678
CRM_2392_PACK,2,1,211,0.0095,0,0,655,678
CRM_2291_PACK,2,1,216,0.0093,3,0,656,678
CRM_1950_PACK,2,1,217,0.0092,11,0,657,678
CRM_1530_PACK,81,61,8794,0.0092,7541,0,657,177
CRM_2331_PACK,2,2,218,0.0092,2,0,657,678
CRM_1636_PACK,2,2,217,0.0092,15,0,657,678
CRM_1583_PACK,130,103,14290,0.0091,14163,0,661,65
CRM_2114_PACK,69,49,7856,0.0088,2059,0,662,229
CRM_2247_PACK,2,2,226,0.0088,1,0,662,678
CRM_2370_PACK,2,2,229,0.0087,0,0,664,678
CRM_1879_PACK,2,2,229,0.0087,1,0,664,678
CRM_2241_PACK,2,2,231,0.0087,4,0,664,678
CRM_1596_PACK,123,102,14280,0.0086,10662,0,667,84
CRM_2242_PACK,2,2,239,0.0084,9,0,668,678
CRM_1843_PACK,3,3,360,0.0083,70,0,669,634
CRM_2090_PACK,85,63,10643,0.008,3598,0,670,164
CRM_1893_PACK,2,2,249,0.008,26,0,670,678
CRM_2382_PACK,2,2,249,0.008,1,0,670,678
CRM_2081_PACK,131,114,17562,0.0075,7629,0,673,62
CRM_1586_PACK,142,116,19793,0.0072,14650,0,674,34
CRM_1575_PACK,179,170,24732,0.0072,26057,0,674,3
CRM_1729_PACK,2,2,282,0.0071,23,0,676,678
CRM_1528_PACK,89,59,13129,0.0068,11340,0,677,152
CRM_2092_PACK,124,100,18880,0.0066,4359,0,678,81
CRM_1594_PACK,153,135,23659,0.0065,14551,1,679,11
CRM_1555_PACK,171,150,26812,0.0064,20676,0,680,6
CRM_1606_PACK,136,120,21861,0.0062,15030,0,681,56
CRM_1556_PACK,120,104,20017,0.006,13639,1,682,95
CRM_2104_PACK,110,107,18286,0.006,3319,0,682,113
CRM_2290_PACK,1,1,188,0.0053,1,0,684,705
CRM_2223_PACK,1,1,193,0.0052,11,0,685,705
CRM_2289_PACK,1,1,195,0.0051,1,0,686,705
CRM_1933_PACK,1,1,201,0.005,21,0,687,705
CRM_1902_PACK,1,1,204,0.0049,4,0,688,705
CRM_1632_PACK,1,1,206,0.0049,3,0,688,705
CRM_2321_PACK,1,1,205,0.0049,1,0,688,705
CRM_2341_PACK,1,1,208,0.0048,1,0,691,705
CRM_2272_PACK,1,1,207,0.0048,0,0,691,705
CRM_2306_PACK,1,1,207,0.0048,2,0,691,705
CRM_1851_PACK,1,1,208,0.0048,12,0,691,705
CRM_1968_PACK,1,1,214,0.0047,1,0,695,705
CRM_2368_PACK,1,1,215,0.0047,0,0,695,705
CRM_1870_PACK,1,1,216,0.0046,3,0,697,705
CRM_2080_PACK,96,79,21424,0.0045,4223,0,698,129
CRM_2280_PACK,1,1,221,0.0045,5,0,698,705
CRM_2089_PACK,120,97,27236,0.0044,12095,0,700,95
CRM_2345_PACK,1,1,227,0.0044,0,0,700,705
CRM_2349_PACK,1,1,227,0.0044,2,0,700,705
CRM_1806_PACK,1,1,261,0.0038,54,0,703,705
CRM_1527_PACK,165,142,52696,0.0031,43072,0,704,7
CRM_2079_PACK,141,126,52182,0.0027,15455,0,705,41
CRM_2093_PACK,125,103,46457,0.0027,11236,0,705,79
CRM_2091_PACK,137,117,52189,0.0026,14102,0,707,54
CRM_2078_PACK,93,77,45117,0.0021,10333,0,708,140
CRM_1553_PACK,123,64,64726,0.0019,22662,0,709,84
CRM_1529_PACK,183,154,97476,0.0019,74176,0,709,1
CRM_2087_PACK,91,73,78241,0.0012,22303,0,711,147
CRM_1661_PACK,1,1,915,0.0011,1035,0,712,705
CRM_1536_PACK,61,45,55777,0.0011,39160,0,712,257
CRM_2077_PACK,76,57,79329,0.001,21922,0,714,193
CRM_2088_PACK,76,57,75370,0.001,21263,0,714,193
CRM_1537_PACK,112,95,136347,0.0008,68667,1,716,110
CRM_2076_PACK,63,45,80312,0.0008,22361,0,716,248
CRM_1538_PACK,55,51,72770,0.0008,52778,0,716,281
CRM_1532_PACK,71,47,96462,0.0007,72650,0,719,215
CRM_1539_PACK,39,27,55791,0.0007,39160,0,719,315
CRM_1533_PACK,69,63,97640,0.0007,74237,0,719,229
CRM_1542_PACK,57,50,97642,0.0006,74239,0,722,274
CRM_1541_PACK,41,34,97284,0.0004,73836,0,723,312
