CRM product,suspected customers,customers with the product,test customers with the product,share suspected
CRM_1621_PACK,183,254,114,0.7204724409448819
CRM_2179_PACK,188,270,131,0.6962962962962963
CRM_2221_PACK,171,250,40,0.684
CRM_1769_PACK,223,330,177,0.6757575757575758
CRM_1721_PACK,207,307,140,0.6742671009771987
CRM_1763_PACK,173,258,136,0.6705426356589147
CRM_1765_PACK,206,308,191,0.6688311688311688
CRM_1727_PACK,234,354,174,0.6610169491525424
CRM_1738_PACK,214,325,153,0.6584615384615384
CRM_1773_PACK,215,328,207,0.6554878048780488
CRM_2212_PACK,207,317,133,0.6529968454258676
CRM_1735_PACK,229,351,194,0.6524216524216524
CRM_1700_PACK,192,301,138,0.6378737541528239
CRM_1739_PACK,215,342,172,0.6286549707602339
CRM_2193_PACK,227,364,203,0.6236263736263736
CRM_1663_PACK,200,322,151,0.6211180124223602
CRM_1740_PACK,197,320,145,0.615625
CRM_1650_PACK,214,351,127,0.6096866096866097
CRM_2160_PACK,163,269,109,0.6059479553903345
CRM_1778_PACK,166,277,52,0.5992779783393501
CRM_1770_PACK,199,333,51,0.5975975975975976
CRM_1597_PACK,213,357,210,0.5966386554621849
CRM_2152_PACK,196,333,206,0.5885885885885885
CRM_2098_PACK,235,401,252,0.5860349127182045
CRM_1698_PACK,188,324,171,0.5802469135802469
CRM_2180_PACK,185,319,84,0.5799373040752351
CRM_1758_PACK,180,313,178,0.5750798722044729
CRM_1865_PACK,187,327,192,0.5718654434250765
CRM_2168_PACK,207,365,113,0.5671232876712329
CRM_1875_PACK,146,258,87,0.5658914728682171
CRM_1797_PACK,172,315,127,0.546031746031746
CRM_1791_PACK,203,374,146,0.5427807486631016
CRM_2105_PACK,162,302,20,0.5364238410596026
CRM_1777_PACK,202,377,217,0.5358090185676393
CRM_1816_PACK,193,361,234,0.5346260387811634
CRM_2174_PACK,225,421,227,0.5344418052256532
CRM_2171_PACK,156,292,121,0.5342465753424658
CRM_1600_PACK,207,388,191,0.5335051546391752
CRM_2163_PACK,194,364,200,0.532967032967033
CRM_1776_PACK,218,411,322,0.5304136253041363
CRM_1785_PACK,196,371,272,0.5283018867924528
CRM_1772_PACK,194,371,202,0.522911051212938
CRM_1826_PACK,209,402,206,0.5199004975124378
CRM_2177_PACK,179,348,135,0.514367816091954
CRM_1809_PACK,159,310,29,0.5129032258064516
CRM_1790_PACK,222,434,190,0.511520737327189
CRM_1692_PACK,217,428,370,0.5070093457943925
CRM_1720_PACK,197,390,282,0.5051282051282051
CRM_2170_PACK,147,292,121,0.5034246575342466
CRM_2133_PACK,170,346,183,0.4913294797687861
CRM_2185_PACK,148,305,20,0.4852459016393443
CRM_1685_PACK,168,361,186,0.46537396121883656
CRM_1694_PACK,155,335,5,0.4626865671641791
CRM_1667_PACK,201,437,342,0.459954233409611
CRM_1684_PACK,168,367,185,0.45776566757493187
CRM_1706_PACK,171,375,95,0.456
CRM_1726_PACK,214,470,352,0.4553191489361702
CRM_1673_PACK,151,335,106,0.4507462686567164
CRM_1798_PACK,192,426,307,0.4507042253521127
CRM_1712_PACK,177,396,136,0.44696969696969696
CRM_1845_PACK,184,413,227,0.44552058111380144
CRM_1842_PACK,186,418,406,0.4449760765550239
CRM_1672_PACK,142,320,106,0.44375
CRM_1688_PACK,166,375,203,0.44266666666666665
CRM_1699_PACK,216,488,418,0.4426229508196721
CRM_1775_PACK,154,356,255,0.43258426966292135
CRM_1562_PACK,219,509,272,0.4302554027504912
CRM_1620_PACK,178,417,233,0.42685851318944845
CRM_1695_PACK,171,402,233,0.4253731343283582
CRM_1818_PACK,199,470,292,0.42340425531914894
CRM_1682_PACK,200,473,441,0.42283298097251587
CRM_2178_PACK,166,396,190,0.41919191919191917
CRM_2122_PACK,196,473,297,0.4143763213530655
CRM_1730_PACK,160,390,273,0.41025641025641024
CRM_1779_PACK,181,448,184,0.40401785714285715
CRM_1652_PACK,202,503,226,0.40159045725646125
CRM_1691_PACK,196,496,48,0.3951612903225806
CRM_2151_PACK,121,309,82,0.39158576051779936
CRM_2149_PACK,202,517,393,0.390715667311412
CRM_2157_PACK,202,527,229,0.38330170777988615
CRM_1709_PACK,180,473,388,0.38054968287526425
CRM_1722_PACK,129,348,255,0.3706896551724138
CRM_2175_PACK,147,400,39,0.3675
CRM_1702_PACK,202,554,544,0.36462093862815886
CRM_2110_PACK,183,504,298,0.3630952380952381
CRM_2136_PACK,121,336,74,0.3601190476190476
CRM_2166_PACK,134,374,41,0.3582887700534759
CRM_2201_PACK,111,312,114,0.3557692307692308
CRM_1704_PACK,211,600,567,0.3516666666666667
CRM_1674_PACK,203,581,454,0.3493975903614458
CRM_1836_PACK,152,439,9,0.3462414578587699
CRM_2167_PACK,137,397,46,0.345088161209068
CRM_1666_PACK,187,567,116,0.3298059964726631
CRM_1680_PACK,195,593,529,0.3288364249578415
CRM_1679_PACK,151,461,376,0.3275488069414317
CRM_1647_PACK,184,579,480,0.3177892918825561
CRM_1755_PACK,163,514,397,0.31712062256809337
CRM_1612_PACK,192,613,558,0.3132137030995106
CRM_1687_PACK,208,691,722,0.30101302460202606
CRM_1655_PACK,208,694,529,0.29971181556195964
CRM_1611_PACK,146,490,397,0.2979591836734694
CRM_1741_PACK,144,489,397,0.294478527607362
CRM_1610_PACK,144,490,397,0.2938775510204082
CRM_1581_PACK,221,753,742,0.29349269588313415
CRM_2156_PACK,131,449,114,0.29175946547884185
CRM_1745_PACK,148,514,397,0.28793774319066145
CRM_1754_PACK,138,491,397,0.28105906313645623
CRM_2124_PACK,123,441,246,0.2789115646258503
CRM_1618_PACK,178,643,572,0.27682737169517885
CRM_1639_PACK,222,852,939,0.2605633802816901
CRM_2147_PACK,151,584,297,0.2585616438356164
CRM_1531_PACK,135,523,398,0.25812619502868067
CRM_1605_PACK,160,620,345,0.25806451612903225
CRM_1719_PACK,158,628,223,0.2515923566878981
CRM_1633_PACK,160,639,643,0.25039123630672927
CRM_1708_PACK,222,889,960,0.24971878515185603
CRM_1690_PACK,202,820,887,0.24634146341463414
CRM_2127_PACK,156,641,553,0.24336973478939158
CRM_1701_PACK,157,648,551,0.24228395061728394
CRM_1546_PACK,168,702,560,0.23931623931623933
CRM_2139_PACK,202,853,866,0.23681125439624853
CRM_1607_PACK,157,667,342,0.2353823088455772
CRM_2173_PACK,148,634,440,0.2334384858044164
CRM_1642_PACK,166,713,436,0.23281907433380084
CRM_1627_PACK,175,757,446,0.2311756935270806
CRM_1604_PACK,136,589,345,0.23089983022071306
CRM_1723_PACK,157,682,70,0.23020527859237536
CRM_1561_PACK,162,704,653,0.23011363636363635
CRM_1615_PACK,164,714,672,0.22969187675070027
CRM_1567_PACK,189,823,789,0.22964763061968407
CRM_1637_PACK,136,594,511,0.22895622895622897
CRM_1626_PACK,139,609,564,0.22824302134646962
CRM_1705_PACK,158,702,672,0.22507122507122507
CRM_2119_PACK,112,504,192,0.2222222222222222
CRM_1614_PACK,156,703,672,0.22190611664295876
CRM_1550_PACK,153,692,560,0.22109826589595374
CRM_1571_PACK,192,872,675,0.22018348623853212
CRM_1665_PACK,186,846,765,0.2198581560283688
CRM_1710_PACK,222,1017,476,0.2182890855457227
CRM_1686_PACK,141,646,70,0.21826625386996903
CRM_2126_PACK,206,951,832,0.21661409043112514
CRM_2135_PACK,197,914,691,0.21553610503282275
CRM_1629_PACK,203,943,1003,0.21527041357370094
CRM_1551_PACK,152,707,672,0.214992927864215
CRM_1645_PACK,150,700,672,0.21428571428571427
CRM_1548_PACK,176,827,747,0.21281741233373638
CRM_2158_PACK,136,648,276,0.20987654320987653
CRM_2137_PACK,172,825,323,0.2084848484848485
CRM_2154_PACK,219,1089,742,0.20110192837465565
CRM_2169_PACK,145,722,320,0.20083102493074792
CRM_2115_PACK,200,1007,773,0.19860973187686196
CRM_1658_PACK,162,838,634,0.19331742243436753
CRM_2117_PACK,137,749,145,0.1829105473965287
CRM_2120_PACK,154,845,188,0.18224852071005918
CRM_1640_PACK,197,1090,1276,0.18073394495412845
CRM_2142_PACK,110,624,363,0.1762820512820513
CRM_1734_PACK,104,591,59,0.17597292724196278
CRM_2118_PACK,204,1162,737,0.17555938037865748
CRM_1599_PACK,216,1231,1367,0.17546709991876522
CRM_2144_PACK,108,622,211,0.17363344051446947
CRM_1601_PACK,213,1229,1367,0.17331163547599673
CRM_1676_PACK,175,1029,877,0.17006802721088435
CRM_1568_PACK,199,1172,901,0.1697952218430034
CRM_1623_PACK,195,1156,1390,0.16868512110726644
CRM_1631_PACK,164,992,311,0.16532258064516128
CRM_1670_PACK,154,938,750,0.16417910447761194
CRM_1592_PACK,192,1174,689,0.1635434412265758
CRM_1662_PACK,197,1206,1342,0.16334991708126037
CRM_1576_PACK,163,1023,343,0.15933528836754643
CRM_1630_PACK,240,1575,1550,0.1523809523809524
CRM_2161_PACK,136,906,477,0.15011037527593818
CRM_1643_PACK,219,1459,1820,0.1501028101439342
CRM_1668_PACK,137,919,735,0.14907508161044614
CRM_1671_PACK,135,906,736,0.1490066225165563
CRM_1635_PACK,164,1115,1134,0.14708520179372198
CRM_2140_PACK,202,1377,1442,0.1466957153231663
CRM_1669_PACK,133,914,735,0.14551422319474835
CRM_1602_PACK,219,1562,1661,0.14020486555697823
CRM_2107_PACK,140,1012,456,0.1383399209486166
CRM_2097_PACK,162,1178,586,0.13752122241086587
CRM_2153_PACK,110,804,369,0.13681592039800994
CRM_2116_PACK,159,1182,317,0.13451776649746192
CRM_1638_PACK,157,1175,775,0.13361702127659575
CRM_1579_PACK,178,1367,1491,0.1302121433796635
CRM_1609_PACK,208,1608,1906,0.12935323383084577
CRM_1519_PACK,164,1291,841,0.12703330751355538
CRM_1646_PACK,153,1222,1307,0.12520458265139117
CRM_2138_PACK,109,901,330,0.12097669256381798
CRM_1560_PACK,150,1289,1183,0.11636927851047324
CRM_1683_PACK,226,1964,2339,0.11507128309572301
CRM_1689_PACK,144,1268,833,0.11356466876971609
CRM_1678_PACK,157,1392,1533,0.11278735632183907
CRM_2109_PACK,135,1244,657,0.1085209003215434
CRM_1565_PACK,205,1903,1259,0.10772464529689964
CRM_1587_PACK,176,1651,1504,0.10660205935796487
CRM_1534_PACK,224,2189,536,0.10232983097304706
CRM_2146_PACK,145,1458,1334,0.09945130315500686
CRM_1644_PACK,190,2008,467,0.0946215139442231
CRM_1584_PACK,212,2242,2472,0.09455842997323818
CRM_1619_PACK,201,2153,2533,0.09335810496980956
CRM_2094_PACK,121,1387,659,0.08723864455659697
CRM_2112_PACK,180,2108,494,0.08538899430740038
CRM_2103_PACK,128,1503,248,0.08516300731869594
CRM_1591_PACK,193,2273,1519,0.08490981082270127
CRM_1675_PACK,150,1781,733,0.08422234699606962
CRM_1559_PACK,198,2503,1854,0.07910507391130643
CRM_2128_PACK,128,1622,397,0.07891491985203453
CRM_2130_PACK,209,2705,1579,0.07726432532347505
CRM_1664_PACK,181,2356,2605,0.0768251273344652
CRM_1715_PACK,215,2973,2994,0.07231752438614195
CRM_2155_PACK,131,1840,362,0.07119565217391305
CRM_2102_PACK,219,3096,1497,0.07073643410852713
CRM_1613_PACK,182,2665,1152,0.06829268292682927
CRM_2132_PACK,155,2277,96,0.06807202459376373
CRM_2141_PACK,139,2043,1184,0.0680372001957905
CRM_1598_PACK,199,2926,2545,0.06801093643198906
CRM_1526_PACK,187,2769,2238,0.06753340556157457
CRM_2148_PACK,145,2219,29,0.06534474988733664
CRM_2083_PACK,166,2546,676,0.06520031421838178
CRM_1616_PACK,193,3076,2646,0.06274382314694409
CRM_2113_PACK,150,2391,1644,0.06273525721455459
CRM_2143_PACK,176,2806,637,0.06272273699215966
CRM_1577_PACK,151,2551,1593,0.05919247353978832
CRM_1566_PACK,224,3824,2407,0.058577405857740586
CRM_1578_PACK,220,3781,5002,0.05818566516794499
CRM_1521_PACK,154,2722,2238,0.05657604702424688
CRM_2099_PACK,139,2472,1309,0.05622977346278317
CRM_2084_PACK,183,3259,1282,0.05615219392451672
CRM_1588_PACK,220,3953,4862,0.05565393372122439
CRM_1523_PACK,146,2696,2224,0.05415430267062315
CRM_1593_PACK,192,3546,4120,0.05414551607445008
CRM_1522_PACK,145,2712,2238,0.05346607669616519
CRM_1641_PACK,163,3160,1975,0.051582278481012656
CRM_1543_PACK,198,3909,2871,0.05065234075211052
CRM_2086_PACK,156,3101,1097,0.05030635278942277
CRM_1585_PACK,218,4406,4310,0.049477984566500224
CRM_1525_PACK,169,3463,4533,0.04880161709500433
CRM_1648_PACK,214,4487,4320,0.04769333630488077
CRM_1625_PACK,208,4511,4747,0.04610951008645533
CRM_2123_PACK,128,2784,1287,0.04597701149425287
CRM_2111_PACK,117,2562,1013,0.04566744730679157
CRM_1545_PACK,171,3809,3060,0.044893672880021
CRM_2134_PACK,146,3311,1525,0.04409543944427665
CRM_1654_PACK,163,3838,2911,0.04247003647733194
CRM_1608_PACK,142,3434,4458,0.041351193942923706
CRM_1554_PACK,207,5128,6212,0.04036661466458658
CRM_1573_PACK,216,5494,4955,0.039315617036767385
CRM_1653_PACK,205,5258,4057,0.03898820844427539
CRM_1552_PACK,217,5578,6482,0.03890283255647185
CRM_2095_PACK,238,7143,1637,0.033319333613327735
CRM_1557_PACK,205,6417,6526,0.03194639239520025
CRM_2121_PACK,119,3727,544,0.031929165548698686
CRM_1603_PACK,220,7030,5338,0.031294452347083924
CRM_1590_PACK,203,6610,5966,0.03071104387291982
CRM_2106_PACK,128,4329,1787,0.029568029568029567
CRM_2082_PACK,212,7754,4401,0.027340727366520507
CRM_2101_PACK,163,6129,1382,0.02659487681514113
CRM_1547_PACK,203,7784,10204,0.026079136690647483
CRM_1558_PACK,158,6289,4720,0.025123231038320877
CRM_2100_PACK,182,7493,2635,0.024289336714266647
CRM_1524_PACK,215,9062,8044,0.023725446921209446
CRM_1540_PACK,215,9224,8248,0.023308759757155247
CRM_1563_PACK,193,8322,6927,0.0231915404950733
CRM_1589_PACK,174,7697,6151,0.02260621021177082
CRM_1530_PACK,195,8794,7541,0.022174209688423926
CRM_1549_PACK,189,8564,7320,0.022069126576366185
CRM_1595_PACK,159,7603,6170,0.02091279757990267
CRM_1582_PACK,195,9502,7717,0.020521995369395918
CRM_1617_PACK,178,9181,2,0.019387866245507025
CRM_2085_PACK,165,8590,3657,0.01920838183934808
CRM_2114_PACK,144,7856,2059,0.018329938900203666
CRM_1564_PACK,233,12719,10251,0.018319050239798726
CRM_1570_PACK,233,13264,5872,0.017566344993968638
CRM_1583_PACK,226,14290,14163,0.01581525542337299
CRM_2090_PACK,161,10643,3598,0.015127313727332519
CRM_1596_PACK,198,14280,10662,0.013865546218487394
CRM_1528_PACK,177,13129,11340,0.01348160560591058
CRM_2081_PACK,206,17562,7629,0.011729871313062294
CRM_1586_PACK,229,19793,14650,0.011569746880210176
CRM_2104_PACK,208,18286,3319,0.011374822268402056
CRM_2092_PACK,203,18880,4359,0.010752118644067797
CRM_1606_PACK,208,21861,15030,0.009514660811490782
CRM_1555_PACK,241,26812,20676,0.008988512606295688
CRM_1556_PACK,179,20017,13639,0.008942398960883249
CRM_1575_PACK,215,24732,26057,0.008693191007601488
CRM_1594_PACK,203,23659,14551,0.008580244304493004
CRM_2089_PACK,204,27236,12095,0.00749008665002203
CRM_2080_PACK,143,21424,4223,0.006674757281553398
CRM_2091_PACK,230,52189,14102,0.004407058958784418
CRM_1527_PACK,223,52696,43072,0.004231820252011538
CRM_2093_PACK,195,46457,11236,0.004197429881395699
CRM_2079_PACK,216,52182,15455,0.004139358399448086
CRM_2078_PACK,162,45117,10333,0.003590664272890485
