pack,activation_rate,system
CRM_1537_PACK,0.7274090118543336,CRM
CRM_1542_PACK,0.5209184707802947,CRM
CRM_1533_PACK,0.5209078008130515,CRM
CRM_1529_PACK,0.520032863499109,CRM
CRM_1541_PACK,0.5190085466437618,CRM
CRM_1532_PACK,0.5146231901068063,CRM
CRM_2076_PACK,0.42846320461796183,CRM
CRM_2077_PACK,0.42321891571792875,CRM
CRM_2087_PACK,0.4174144535376276,CRM
CRM_2088_PACK,0.4020977155600132,CRM
CRM_1538_PACK,0.3882267581438525,CRM
CRM_1553_PACK,0.34531214989169984,CRM
CRM_1539_PACK,0.2976440712327013,CRM
CRM_1536_PACK,0.2975693814619989,CRM
CRM_1527_PACK,0.28113229692384845,CRM
CRM_2091_PACK,0.2784274602276971,CRM
CRM_2079_PACK,0.2783901153423459,CRM
CRM_2093_PACK,0.2478473341086843,CRM
CRM_2078_PACK,0.24069845605573992,CRM
CRM_2089_PACK,0.14530361391790528,CRM
CRM_1555_PACK,0.14304158086234675,CRM
CRM_1575_PACK,0.13194481492941817,CRM
CRM_1594_PACK,0.12622037750344106,CRM
CRM_1606_PACK,0.11662807695180376,CRM
CRM_2080_PACK,0.11429668910916443,CRM
CRM_1556_PACK,0.10679036715357283,CRM
CRM_1586_PACK,0.10559533082233438,CRM
CRM_2092_PACK,0.10072449077581332,CRM
CRM_2104_PACK,0.09755551050458275,CRM
CRM_2081_PACK,0.09369298236254414,CRM
CRM_1583_PACK,0.07623691595266803,CRM
CRM_1596_PACK,0.07618356611645202,CRM
CRM_1570_PACK,0.07076322275690614,CRM
CRM_1528_PACK,0.0700429999679901,CRM
CRM_1564_PACK,0.06785565668313398,CRM
CRM_2090_PACK,0.0567802306846918,CRM
CRM_1582_PACK,0.050693014372445874,CRM
CRM_1540_PACK,0.049209888925641,CRM
CRM_1617_PACK,0.04898048462991219,CRM
CRM_1524_PACK,0.048345621578941754,CRM
CRM_1530_PACK,0.046915845968352875,CRM
CRM_2085_PACK,0.04582750930954642,CRM
CRM_1549_PACK,0.04568879973538481,CRM
CRM_1563_PACK,0.044397733698957546,CRM
CRM_2114_PACK,0.04191163133129181,CRM
CRM_1547_PACK,0.041527512510536595,CRM
CRM_2082_PACK,0.04136746300188859,CRM
CRM_1589_PACK,0.04106336893545737,CRM
CRM_1595_PACK,0.04056188047502694,CRM
CRM_2100_PACK,0.03997503227665091,CRM
CRM_2095_PACK,0.038107788009090815,CRM
CRM_1603_PACK,0.03750493485984998,CRM
CRM_1590_PACK,0.03526424173877786,CRM
CRM_1557_PACK,0.03423458989980901,CRM
CRM_1558_PACK,0.03355171199624417,CRM
CRM_2101_PACK,0.03269811461678813,CRM
CRM_1552_PACK,0.029758538641286372,CRM
CRM_1573_PACK,0.02931040001707195,CRM
CRM_1653_PACK,0.02805134388237428,CRM
CRM_1554_PACK,0.027357796011566245,CRM
CRM_1625_PACK,0.02406611111703887,CRM
CRM_1648_PACK,0.023938071510120465,CRM
CRM_1585_PACK,0.02350593783677084,CRM
CRM_2106_PACK,0.02309514409790762,CRM
CRM_1588_PACK,0.021089190256185913,CRM
CRM_1543_PACK,0.0208544509768355,CRM
CRM_1654_PACK,0.02047566713970188,CRM
CRM_1566_PACK,0.020400977368999478,CRM
CRM_1545_PACK,0.020320952614675473,CRM
CRM_1578_PACK,0.020171573073270666,CRM
CRM_2121_PACK,0.01988348395770425,CRM
CRM_1593_PACK,0.018917851922194598,CRM
CRM_1525_PACK,0.018475048281601774,CRM
CRM_1608_PACK,0.018320333756575366,CRM
CRM_2134_PACK,0.017664130771118534,CRM
CRM_2084_PACK,0.017386711622795318,CRM
CRM_1641_PACK,0.01685854824425689,CRM
CRM_2086_PACK,0.016543784210582474,CRM
CRM_2102_PACK,0.016517109292474474,CRM
CRM_1616_PACK,0.016410409620042466,CRM
CRM_1715_PACK,0.015860906307017638,CRM
CRM_1598_PACK,0.015610162076802424,CRM
CRM_2143_PACK,0.01496996404221039,CRM
CRM_2123_PACK,0.014852594402535184,CRM
CRM_1526_PACK,0.01477256964821118,CRM
CRM_1521_PACK,0.014521825417995966,CRM
CRM_1522_PACK,0.014468475581779964,CRM
CRM_2130_PACK,0.014431130696428762,CRM
CRM_1523_PACK,0.01438311584383436,CRM
CRM_1613_PACK,0.01421773135156475,CRM
CRM_2111_PACK,0.013668228038539922,CRM
CRM_1577_PACK,0.013609543218702318,CRM
CRM_2083_PACK,0.013582868300594316,CRM
CRM_1559_PACK,0.013353464004865504,CRM
CRM_2099_PACK,0.013188079512595896,CRM
CRM_2113_PACK,0.012755945839246274,CRM
CRM_1664_PACK,0.012569221412490264,CRM
CRM_2132_PACK,0.01214775770638384,CRM
CRM_1591_PACK,0.01212641777189744,CRM
CRM_1584_PACK,0.01196103327962783,CRM
CRM_2148_PACK,0.011838328656331025,CRM
CRM_1534_PACK,0.011678279147683017,CRM
CRM_1619_PACK,0.011486219737305407,CRM
CRM_2112_PACK,0.011246145474333395,CRM
CRM_2141_PACK,0.010899371538929375,CRM
CRM_1644_PACK,0.010712647112173365,CRM
CRM_1683_PACK,0.010477907832822953,CRM
CRM_1565_PACK,0.010152473831905337,CRM
CRM_2155_PACK,0.009816369863744519,CRM
CRM_1675_PACK,0.009501605830070101,CRM
CRM_1587_PACK,0.008808057959262065,CRM
CRM_2128_PACK,0.008653343434235657,CRM
CRM_1609_PACK,0.008578653663533253,CRM
CRM_1630_PACK,0.008402599204020443,CRM
CRM_1602_PACK,0.008333244416939639,CRM
CRM_2103_PACK,0.008018480383265223,CRM
CRM_1643_PACK,0.007783741103914811,CRM
CRM_2146_PACK,0.007778406120293211,CRM
CRM_1678_PACK,0.007426297201267592,CRM
CRM_2094_PACK,0.007399622283159591,CRM
CRM_2140_PACK,0.007346272446943588,CRM
CRM_1579_PACK,0.007292922610727585,CRM
CRM_1519_PACK,0.006887463855485963,CRM
CRM_1560_PACK,0.006876793888242763,CRM
CRM_1689_PACK,0.006764759232189157,CRM
CRM_2109_PACK,0.00663671962527075,CRM
CRM_1599_PACK,0.006567364838189947,CRM
CRM_1601_PACK,0.006556694870946746,CRM
CRM_1646_PACK,0.006519349985595544,CRM
CRM_1662_PACK,0.006433990247649939,CRM
CRM_2116_PACK,0.006305950640731533,CRM
CRM_2097_PACK,0.006284610706245132,CRM
CRM_1638_PACK,0.006268605755380331,CRM
CRM_1592_PACK,0.00626327077175873,CRM
CRM_1568_PACK,0.00625260080451553,CRM
CRM_2118_PACK,0.006199250968299527,CRM
CRM_1623_PACK,0.006167241066569925,CRM
CRM_1635_PACK,0.005948506738084314,CRM
CRM_1640_PACK,0.005815132147544307,CRM
CRM_2154_PACK,0.005809797163922706,CRM
CRM_1676_PACK,0.00548969814662669,CRM
CRM_1576_PACK,0.005457688244897088,CRM
CRM_1710_PACK,0.005425678343167486,CRM
CRM_2107_PACK,0.005399003425059485,CRM
CRM_2115_PACK,0.005372328506951483,CRM
CRM_1631_PACK,0.005292303752627479,CRM
CRM_2126_PACK,0.0050735694241418675,CRM
CRM_1629_PACK,0.005030889555169065,CRM
CRM_1670_PACK,0.005004214637061064,CRM
CRM_1569_PACK,0.0049561997844666614,CRM
CRM_1668_PACK,0.0049028499482506585,CRM
CRM_1661_PACK,0.0048815100137642575,CRM
CRM_1669_PACK,0.004876175030142657,CRM
CRM_2135_PACK,0.004876175030142657,CRM
CRM_1671_PACK,0.004833495161169855,CRM
CRM_2161_PACK,0.004833495161169855,CRM
CRM_2138_PACK,0.0048068202430618535,CRM
CRM_1708_PACK,0.00474280043960265,CRM
CRM_1571_PACK,0.0046521057180354455,CRM
CRM_2139_PACK,0.00455074102922504,CRM
CRM_1639_PACK,0.00454540604560344,CRM
CRM_1665_PACK,0.0045133961438738384,CRM
CRM_2120_PACK,0.004508061160252238,CRM
CRM_1658_PACK,0.004470716274901036,CRM
CRM_1548_PACK,0.0044120314550634325,CRM
CRM_2137_PACK,0.0044013614878202325,CRM
CRM_1567_PACK,0.0043906915205770315,CRM
CRM_1690_PACK,0.004374686569712231,CRM
CRM_2153_PACK,0.0042893268317666265,CRM
CRM_1627_PACK,0.0040385826015514135,CRM
CRM_1581_PACK,0.0040172426670650125,CRM
CRM_2117_PACK,0.003995902732578611,CRM
CRM_2169_PACK,0.0038518581747954035,CRM
CRM_1615_PACK,0.003809178305822601,CRM
CRM_1642_PACK,0.003803843322201001,CRM
CRM_1551_PACK,0.003771833420471399,CRM
CRM_1561_PACK,0.0037558284696065985,CRM
CRM_1614_PACK,0.003750493485984998,CRM
CRM_1546_PACK,0.0037451585023633976,CRM
CRM_1705_PACK,0.0037451585023633976,CRM
CRM_1645_PACK,0.003734488535120197,CRM
CRM_1655_PACK,0.0037024786333905955,CRM
CRM_1550_PACK,0.003691808666147395,CRM
CRM_1687_PACK,0.0036864736825257946,CRM
CRM_1723_PACK,0.003638458829931392,CRM
CRM_1607_PACK,0.003558434075607388,CRM
CRM_2158_PACK,0.0034570693867969826,CRM
CRM_1701_PACK,0.0034570693867969826,CRM
CRM_1686_PACK,0.003446399419553782,CRM
CRM_1618_PACK,0.003430394468688981,CRM
CRM_2127_PACK,0.0034197245014457806,CRM
CRM_1633_PACK,0.00340905453420258,CRM
CRM_2173_PACK,0.0033823796160945786,CRM
CRM_1719_PACK,0.003350369714364977,CRM
CRM_2142_PACK,0.0033290297798785756,CRM
CRM_2144_PACK,0.003318359812635375,CRM
CRM_1605_PACK,0.0033076898453921746,CRM
CRM_1612_PACK,0.0032703449600409726,CRM
CRM_1626_PACK,0.0032490050255545716,CRM
CRM_1704_PACK,0.003200990172960169,CRM
CRM_1637_PACK,0.003168980271230567,CRM
CRM_1680_PACK,0.003163645287608967,CRM
CRM_1734_PACK,0.0031529753203657666,CRM
CRM_1604_PACK,0.003142305353122566,CRM
CRM_2147_PACK,0.0031156304350145646,CRM
CRM_1674_PACK,0.0030996254841497636,CRM
CRM_1647_PACK,0.003088955516906563,CRM
CRM_1666_PACK,0.0030249357134473596,CRM
CRM_1702_PACK,0.002955580926366556,CRM
CRM_2157_PACK,0.0028115363685833486,CRM
CRM_1531_PACK,0.002790196434096947,CRM
CRM_2149_PACK,0.0027581865323673457,CRM
CRM_1755_PACK,0.0027421815815025447,CRM
CRM_1745_PACK,0.0027421815815025447,CRM
CRM_1562_PACK,0.002715506663394543,CRM
CRM_2110_PACK,0.002688831745286542,CRM
CRM_2119_PACK,0.002688831745286542,CRM
CRM_1652_PACK,0.0026834967616649417,CRM
CRM_1691_PACK,0.0026461518763137397,CRM
CRM_1754_PACK,0.002619476958205738,CRM
CRM_1611_PACK,0.002614141974584138,CRM
CRM_1610_PACK,0.002614141974584138,CRM
CRM_1741_PACK,0.0026088069909625377,CRM
CRM_1699_PACK,0.0026034720073409377,CRM
CRM_1682_PACK,0.002523447253016933,CRM
CRM_2122_PACK,0.002523447253016933,CRM
CRM_1709_PACK,0.002523447253016933,CRM
CRM_1818_PACK,0.0025074423021521322,CRM
CRM_1726_PACK,0.0025074423021521322,CRM
CRM_1679_PACK,0.0024594274495577297,CRM
CRM_2156_PACK,0.0023954076460985267,CRM
CRM_1779_PACK,0.002390072662476926,CRM
CRM_2124_PACK,0.0023527277771257242,CRM
CRM_1836_PACK,0.0023420578098825237,CRM
CRM_1667_PACK,0.002331387842639323,CRM
CRM_1790_PACK,0.0023153828917745222,CRM
CRM_1692_PACK,0.0022833729900449207,CRM
CRM_1798_PACK,0.00227270302280172,CRM
CRM_2174_PACK,0.0022460281046937187,CRM
CRM_1842_PACK,0.0022300231538289177,CRM
CRM_1620_PACK,0.0022246881702073173,CRM
CRM_1845_PACK,0.0022033482357209162,CRM
CRM_1776_PACK,0.0021926782684777157,CRM
CRM_1695_PACK,0.0021446634158833132,CRM
CRM_1826_PACK,0.0021446634158833132,CRM
CRM_2098_PACK,0.0021393284322617128,CRM
CRM_2175_PACK,0.0021339934486401127,CRM
CRM_2125_PACK,0.0021233234813969122,CRM
CRM_2167_PACK,0.0021179884977753118,CRM
CRM_1712_PACK,0.0021126535141537117,CRM
CRM_2178_PACK,0.0021126535141537117,CRM
CRM_1844_PACK,0.0021073185305321112,CRM
CRM_1730_PACK,0.0020806436124241098,CRM
CRM_1720_PACK,0.0020806436124241098,CRM
CRM_1600_PACK,0.0020699736451809093,CRM
CRM_1848_PACK,0.0020539686943161083,CRM
CRM_1777_PACK,0.0020112888253433063,CRM
CRM_1706_PACK,0.0020006188581001057,CRM
CRM_1688_PACK,0.0020006188581001057,CRM
CRM_2166_PACK,0.0019952838744785053,CRM
CRM_1791_PACK,0.0019952838744785053,CRM
CRM_1785_PACK,0.0019792789236137043,CRM
CRM_1772_PACK,0.0019792789236137043,CRM
CRM_1684_PACK,0.0019579389891273033,CRM
CRM_2168_PACK,0.0019472690218841028,CRM
CRM_2163_PACK,0.0019419340382625025,CRM
CRM_2193_PACK,0.0019419340382625025,CRM
CRM_1816_PACK,0.0019259290873977018,CRM
CRM_1685_PACK,0.0019259290873977018,CRM
CRM_1843_PACK,0.0019205941037761015,CRM
CRM_1597_PACK,0.0019045891529113005,CRM
CRM_1775_PACK,0.0018992541692897003,CRM
CRM_1727_PACK,0.0018885842020464998,CRM
CRM_1650_PACK,0.0018725792511816988,CRM
CRM_1735_PACK,0.0018725792511816988,CRM
CRM_1722_PACK,0.001856574300316898,CRM
CRM_2177_PACK,0.001856574300316898,CRM
CRM_1760_PACK,0.0018512393166952978,CRM
CRM_2133_PACK,0.0018459043330736975,CRM
CRM_1739_PACK,0.0018245643985872963,CRM
CRM_2136_PACK,0.0017925544968576945,CRM
CRM_1673_PACK,0.0017872195132360943,CRM
CRM_1694_PACK,0.0017872195132360943,CRM
CRM_1828_PACK,0.001781884529614494,CRM
CRM_1770_PACK,0.0017765495459928938,CRM
CRM_2152_PACK,0.0017765495459928938,CRM
CRM_1832_PACK,0.0017712145623712935,CRM
CRM_1769_PACK,0.001760544595128093,CRM
CRM_1773_PACK,0.0017498746278848923,CRM
CRM_1865_PACK,0.001744539644263292,CRM
CRM_1738_PACK,0.0017338696770200915,CRM
CRM_1698_PACK,0.0017285346933984913,CRM
CRM_1663_PACK,0.0017178647261552908,CRM
CRM_1672_PACK,0.00170719475891209,CRM
CRM_1740_PACK,0.00170719475891209,CRM
CRM_2180_PACK,0.0017018597752904898,CRM
CRM_2212_PACK,0.0016911898080472893,CRM
CRM_1797_PACK,0.0016805198408040888,CRM
CRM_1758_PACK,0.001669849873560888,CRM
CRM_2201_PACK,0.0016645148899392878,CRM
CRM_1809_PACK,0.0016538449226960873,CRM
CRM_2151_PACK,0.001648509939074487,CRM
CRM_1765_PACK,0.0016431749554528868,CRM
CRM_1721_PACK,0.0016378399718312865,CRM
CRM_1849_PACK,0.0016325049882096863,CRM
CRM_2185_PACK,0.0016271700045880858,CRM
CRM_2105_PACK,0.001611165053723285,CRM
CRM_1657_PACK,0.001611165053723285,CRM
CRM_1700_PACK,0.0016058300701016848,CRM
CRM_1803_PACK,0.0016004950864800846,CRM
CRM_1651_PACK,0.0015844901356152836,CRM
CRM_2170_PACK,0.0015578152175072823,CRM
CRM_2171_PACK,0.0015578152175072823,CRM
CRM_1697_PACK,0.001552480233885682,CRM
CRM_1693_PACK,0.0015471452502640816,CRM
CRM_1724_PACK,0.0015418102666424813,CRM
CRM_1799_PACK,0.0015418102666424813,CRM
CRM_2129_PACK,0.001536475283020881,CRM
CRM_2150_PACK,0.0015311402993992808,CRM
CRM_1824_PACK,0.0015258053157776806,CRM
CRM_1827_PACK,0.0015204703321560803,CRM
CRM_2219_PACK,0.00151513534853448,CRM
CRM_1718_PACK,0.0015098003649128798,CRM
CRM_2190_PACK,0.0015098003649128798,CRM
CRM_1794_PACK,0.0015044653812912793,CRM
CRM_1729_PACK,0.0015044653812912793,CRM
CRM_1749_PACK,0.001499130397669679,CRM
CRM_1876_PACK,0.0014937954140480788,CRM
CRM_1761_PACK,0.0014937954140480788,CRM
CRM_1778_PACK,0.001477790463183278,CRM
CRM_1874_PACK,0.001477790463183278,CRM
CRM_2197_PACK,0.001477790463183278,CRM
CRM_1759_PACK,0.0014724554795616778,CRM
CRM_1781_PACK,0.0014724554795616778,CRM
CRM_1812_PACK,0.0014724554795616778,CRM
CRM_1725_PACK,0.0014724554795616778,CRM
CRM_1820_PACK,0.0014724554795616778,CRM
CRM_1696_PACK,0.001461785512318477,CRM
CRM_1784_PACK,0.0014564505286968768,CRM
CRM_1805_PACK,0.0014511155450752766,CRM
CRM_1825_PACK,0.0014511155450752766,CRM
CRM_1753_PACK,0.0014457805614536763,CRM
CRM_2179_PACK,0.001440445577832076,CRM
CRM_2160_PACK,0.0014351105942104758,CRM
CRM_2208_PACK,0.0014297756105888756,CRM
CRM_2182_PACK,0.0014191056433456748,CRM
CRM_1656_PACK,0.0014084356761024743,CRM
CRM_1804_PACK,0.0014084356761024743,CRM
CRM_1817_PACK,0.0014084356761024743,CRM
CRM_1762_PACK,0.001403100692480874,CRM
CRM_1813_PACK,0.0013977657088592738,CRM
CRM_1806_PACK,0.0013924307252376736,CRM
CRM_1707_PACK,0.0013924307252376736,CRM
CRM_1677_PACK,0.0013817607579944729,CRM
CRM_1946_PACK,0.0013817607579944729,CRM
CRM_1786_PACK,0.0013817607579944729,CRM
CRM_1713_PACK,0.0013764257743728726,CRM
CRM_1763_PACK,0.0013764257743728726,CRM
CRM_1875_PACK,0.0013764257743728726,CRM
CRM_2108_PACK,0.0013764257743728726,CRM
CRM_1831_PACK,0.0013764257743728726,CRM
CRM_2192_PACK,0.0013710907907512723,CRM
CRM_1660_PACK,0.0013710907907512723,CRM
CRM_1752_PACK,0.001365755807129672,CRM
CRM_2222_PACK,0.0013604208235080718,CRM
CRM_1732_PACK,0.0013604208235080718,CRM
CRM_1807_PACK,0.0013604208235080718,CRM
CRM_1884_PACK,0.0013604208235080718,CRM
CRM_1748_PACK,0.0013550858398864716,CRM
CRM_1861_PACK,0.0013550858398864716,CRM
CRM_1621_PACK,0.0013550858398864716,CRM
CRM_1744_PACK,0.0013497508562648713,CRM
CRM_1746_PACK,0.0013390808890216706,CRM
CRM_1736_PACK,0.0013337459054000704,CRM
CRM_2186_PACK,0.0013337459054000704,CRM
CRM_2221_PACK,0.0013337459054000704,CRM
CRM_1893_PACK,0.00132841092177847,CRM
CRM_2382_PACK,0.00132841092177847,CRM
CRM_2224_PACK,0.0013230759381568698,CRM
CRM_2319_PACK,0.0013230759381568698,CRM
CRM_1624_PACK,0.0013230759381568698,CRM
CRM_1963_PACK,0.0013177409545352696,CRM
CRM_2184_PACK,0.0013177409545352696,CRM
CRM_1808_PACK,0.0013177409545352696,CRM
CRM_2198_PACK,0.0013177409545352696,CRM
CRM_2191_PACK,0.0013124059709136693,CRM
CRM_2348_PACK,0.0013124059709136693,CRM
CRM_1714_PACK,0.0013124059709136693,CRM
CRM_1788_PACK,0.0013124059709136693,CRM
CRM_2207_PACK,0.001307070987292069,CRM
CRM_1783_PACK,0.001307070987292069,CRM
CRM_1767_PACK,0.001307070987292069,CRM
CRM_1787_PACK,0.0013017360036704688,CRM
CRM_1897_PACK,0.0013017360036704688,CRM
CRM_2305_PACK,0.0013017360036704688,CRM
CRM_1821_PACK,0.0013017360036704688,CRM
CRM_2301_PACK,0.0012964010200488684,CRM
CRM_2256_PACK,0.0012964010200488684,CRM
CRM_2176_PACK,0.0012964010200488684,CRM
CRM_1756_PACK,0.0012964010200488684,CRM
CRM_1742_PACK,0.001291066036427268,CRM
CRM_1771_PACK,0.001291066036427268,CRM
CRM_1747_PACK,0.001291066036427268,CRM
CRM_1649_PACK,0.001291066036427268,CRM
CRM_1795_PACK,0.001291066036427268,CRM
CRM_2164_PACK,0.001291066036427268,CRM
CRM_2244_PACK,0.0012857310528056679,CRM
CRM_2159_PACK,0.0012857310528056679,CRM
CRM_1731_PACK,0.0012803960691840676,CRM
CRM_1766_PACK,0.0012803960691840676,CRM
CRM_1711_PACK,0.0012803960691840676,CRM
CRM_1896_PACK,0.0012803960691840676,CRM
CRM_1793_PACK,0.0012803960691840676,CRM
CRM_2072_PACK,0.0012750610855624673,CRM
CRM_2242_PACK,0.0012750610855624673,CRM
CRM_1878_PACK,0.0012750610855624673,CRM
CRM_2204_PACK,0.0012750610855624673,CRM
CRM_1802_PACK,0.001269726101940867,CRM
CRM_1811_PACK,0.001269726101940867,CRM
CRM_1751_PACK,0.001269726101940867,CRM
CRM_1917_PACK,0.001269726101940867,CRM
CRM_1883_PACK,0.0012643911183192668,CRM
CRM_1912_PACK,0.0012643911183192668,CRM
CRM_1728_PACK,0.0012643911183192668,CRM
CRM_1890_PACK,0.0012643911183192668,CRM
CRM_2220_PACK,0.0012590561346976666,CRM
CRM_2378_PACK,0.0012590561346976666,CRM
CRM_2066_PACK,0.0012590561346976666,CRM
CRM_2206_PACK,0.0012590561346976666,CRM
CRM_2232_PACK,0.0012590561346976666,CRM
CRM_1854_PACK,0.0012590561346976666,CRM
CRM_1841_PACK,0.0012537211510760661,CRM
CRM_2188_PACK,0.0012537211510760661,CRM
CRM_1900_PACK,0.0012537211510760661,CRM
CRM_1895_PACK,0.0012537211510760661,CRM
CRM_2181_PACK,0.0012537211510760661,CRM
CRM_1716_PACK,0.0012537211510760661,CRM
CRM_2361_PACK,0.0012537211510760661,CRM
CRM_2233_PACK,0.0012537211510760661,CRM
CRM_2226_PACK,0.0012483861674544659,CRM
CRM_1622_PACK,0.0012483861674544659,CRM
CRM_1835_PACK,0.0012483861674544659,CRM
CRM_1834_PACK,0.0012483861674544659,CRM
CRM_1943_PACK,0.0012430511838328656,CRM
CRM_2376_PACK,0.0012430511838328656,CRM
CRM_1801_PACK,0.0012430511838328656,CRM
CRM_2363_PACK,0.0012430511838328656,CRM
CRM_1850_PACK,0.0012430511838328656,CRM
CRM_1819_PACK,0.0012430511838328656,CRM
CRM_1863_PACK,0.0012430511838328656,CRM
CRM_2200_PACK,0.0012430511838328656,CRM
CRM_2344_PACK,0.0012377162002112654,CRM
CRM_2354_PACK,0.0012377162002112654,CRM
CRM_2238_PACK,0.0012377162002112654,CRM
CRM_2065_PACK,0.0012377162002112654,CRM
CRM_1909_PACK,0.0012377162002112654,CRM
CRM_1733_PACK,0.0012377162002112654,CRM
CRM_1774_PACK,0.0012377162002112654,CRM
CRM_2241_PACK,0.001232381216589665,CRM
CRM_2322_PACK,0.001232381216589665,CRM
CRM_2257_PACK,0.001232381216589665,CRM
CRM_2231_PACK,0.001232381216589665,CRM
CRM_1867_PACK,0.001232381216589665,CRM
CRM_1743_PACK,0.0012270462329680648,CRM
CRM_2298_PACK,0.0012270462329680648,CRM
CRM_2375_PACK,0.0012270462329680648,CRM
CRM_2292_PACK,0.0012270462329680648,CRM
CRM_2281_PACK,0.0012270462329680648,CRM
CRM_1717_PACK,0.0012270462329680648,CRM
CRM_1846_PACK,0.0012217112493464646,CRM
CRM_1864_PACK,0.0012217112493464646,CRM
CRM_2259_PACK,0.0012217112493464646,CRM
CRM_2387_PACK,0.0012217112493464646,CRM
CRM_1840_PACK,0.0012217112493464646,CRM
CRM_1822_PACK,0.0012217112493464646,CRM
CRM_2131_PACK,0.0012217112493464646,CRM
CRM_1879_PACK,0.0012217112493464646,CRM
CRM_1815_PACK,0.0012217112493464646,CRM
CRM_2355_PACK,0.0012217112493464646,CRM
CRM_2370_PACK,0.0012217112493464646,CRM
CRM_1810_PACK,0.0012217112493464646,CRM
CRM_1903_PACK,0.0012163762657248641,CRM
CRM_1833_PACK,0.0012163762657248641,CRM
CRM_2229_PACK,0.0012163762657248641,CRM
CRM_2240_PACK,0.0012163762657248641,CRM
CRM_1882_PACK,0.0012163762657248641,CRM
CRM_2096_PACK,0.0012163762657248641,CRM
CRM_2330_PACK,0.0012163762657248641,CRM
CRM_2069_PACK,0.0012110412821032639,CRM
CRM_2349_PACK,0.0012110412821032639,CRM
CRM_2145_PACK,0.0012110412821032639,CRM
CRM_2345_PACK,0.0012110412821032639,CRM
CRM_2196_PACK,0.0012110412821032639,CRM
CRM_1872_PACK,0.0012110412821032639,CRM
CRM_2165_PACK,0.0012110412821032639,CRM
CRM_1877_PACK,0.0012110412821032639,CRM
CRM_1757_PACK,0.0012110412821032639,CRM
CRM_2307_PACK,0.0012110412821032639,CRM
CRM_2353_PACK,0.0012057062984816636,CRM
CRM_2247_PACK,0.0012057062984816636,CRM
CRM_2372_PACK,0.0012057062984816636,CRM
CRM_2061_PACK,0.0012003713148600634,CRM
CRM_2218_PACK,0.0012003713148600634,CRM
CRM_2285_PACK,0.0012003713148600634,CRM
CRM_1891_PACK,0.0012003713148600634,CRM
CRM_1858_PACK,0.0012003713148600634,CRM
CRM_2293_PACK,0.001195036331238463,CRM
CRM_2067_PACK,0.001195036331238463,CRM
CRM_2288_PACK,0.001195036331238463,CRM
CRM_2252_PACK,0.001195036331238463,CRM
CRM_2302_PACK,0.001195036331238463,CRM
CRM_2203_PACK,0.001195036331238463,CRM
CRM_2342_PACK,0.001195036331238463,CRM
CRM_2358_PACK,0.001195036331238463,CRM
CRM_2225_PACK,0.001195036331238463,CRM
CRM_2194_PACK,0.001195036331238463,CRM
CRM_2265_PACK,0.0011897013476168629,CRM
CRM_2239_PACK,0.0011897013476168629,CRM
CRM_2068_PACK,0.0011897013476168629,CRM
CRM_2205_PACK,0.0011897013476168629,CRM
CRM_2389_PACK,0.0011897013476168629,CRM
CRM_2360_PACK,0.0011843663639952626,CRM
CRM_1866_PACK,0.0011843663639952626,CRM
CRM_1892_PACK,0.0011843663639952626,CRM
CRM_2267_PACK,0.0011790313803736623,CRM
CRM_2280_PACK,0.0011790313803736623,CRM
CRM_1800_PACK,0.0011790313803736623,CRM
CRM_1880_PACK,0.0011790313803736623,CRM
CRM_1862_PACK,0.0011736963967520619,CRM
CRM_2274_PACK,0.0011736963967520619,CRM
CRM_2227_PACK,0.0011736963967520619,CRM
CRM_2236_PACK,0.0011736963967520619,CRM
CRM_1887_PACK,0.0011736963967520619,CRM
CRM_2216_PACK,0.0011736963967520619,CRM
CRM_2071_PACK,0.0011736963967520619,CRM
CRM_1764_PACK,0.0011736963967520619,CRM
CRM_1737_PACK,0.0011736963967520619,CRM
CRM_1823_PACK,0.0011736963967520619,CRM
CRM_2335_PACK,0.0011736963967520619,CRM
CRM_2336_PACK,0.0011683614131304616,CRM
CRM_1859_PACK,0.0011683614131304616,CRM
CRM_1792_PACK,0.0011683614131304616,CRM
CRM_2276_PACK,0.0011683614131304616,CRM
CRM_1962_PACK,0.0011683614131304616,CRM
CRM_2249_PACK,0.0011683614131304616,CRM
CRM_1905_PACK,0.0011630264295088614,CRM
CRM_2338_PACK,0.0011630264295088614,CRM
CRM_2230_PACK,0.0011630264295088614,CRM
CRM_2365_PACK,0.0011630264295088614,CRM
CRM_2254_PACK,0.0011630264295088614,CRM
CRM_2394_PACK,0.0011630264295088614,CRM
CRM_2215_PACK,0.0011630264295088614,CRM
CRM_2331_PACK,0.0011630264295088614,CRM
CRM_2268_PACK,0.0011576914458872611,CRM
CRM_1904_PACK,0.0011576914458872611,CRM
CRM_2339_PACK,0.0011576914458872611,CRM
CRM_2258_PACK,0.0011576914458872611,CRM
CRM_1659_PACK,0.0011576914458872611,CRM
CRM_2195_PACK,0.0011576914458872611,CRM
CRM_2381_PACK,0.0011576914458872611,CRM
CRM_2246_PACK,0.0011576914458872611,CRM
CRM_1950_PACK,0.0011576914458872611,CRM
CRM_1901_PACK,0.0011576914458872611,CRM
CRM_2073_PACK,0.0011576914458872611,CRM
CRM_1636_PACK,0.0011576914458872611,CRM
CRM_1959_PACK,0.0011523564622656609,CRM
CRM_2278_PACK,0.0011523564622656609,CRM
CRM_2299_PACK,0.0011523564622656609,CRM
CRM_2308_PACK,0.0011523564622656609,CRM
CRM_2284_PACK,0.0011523564622656609,CRM
CRM_2351_PACK,0.0011523564622656609,CRM
CRM_2291_PACK,0.0011523564622656609,CRM
CRM_1944_PACK,0.0011523564622656609,CRM
CRM_2359_PACK,0.0011523564622656609,CRM
CRM_1870_PACK,0.0011523564622656609,CRM
CRM_2282_PACK,0.0011470214786440606,CRM
CRM_1910_PACK,0.0011470214786440606,CRM
CRM_2255_PACK,0.0011470214786440606,CRM
CRM_2253_PACK,0.0011470214786440606,CRM
CRM_2211_PACK,0.0011470214786440606,CRM
CRM_2395_PACK,0.0011470214786440606,CRM
CRM_2343_PACK,0.0011470214786440606,CRM
CRM_1634_PACK,0.0011470214786440606,CRM
CRM_1949_PACK,0.0011470214786440606,CRM
CRM_1941_PACK,0.0011470214786440606,CRM
CRM_2368_PACK,0.0011470214786440606,CRM
CRM_1968_PACK,0.0011416864950224604,CRM
CRM_2369_PACK,0.0011416864950224604,CRM
CRM_1873_PACK,0.0011416864950224604,CRM
CRM_1899_PACK,0.0011416864950224604,CRM
CRM_1954_PACK,0.0011416864950224604,CRM
CRM_2214_PACK,0.00113635151140086,CRM
CRM_1868_PACK,0.00113635151140086,CRM
CRM_2347_PACK,0.00113635151140086,CRM
CRM_1814_PACK,0.0011310165277792596,CRM
CRM_1847_PACK,0.0011310165277792596,CRM
CRM_2283_PACK,0.0011310165277792596,CRM
CRM_1961_PACK,0.0011256815441576594,CRM
CRM_2362_PACK,0.0011256815441576594,CRM
CRM_2367_PACK,0.0011256815441576594,CRM
CRM_2070_PACK,0.0011256815441576594,CRM
CRM_2392_PACK,0.0011256815441576594,CRM
CRM_2333_PACK,0.0011256815441576594,CRM
CRM_2297_PACK,0.0011256815441576594,CRM
CRM_1703_PACK,0.0011256815441576594,CRM
CRM_2245_PACK,0.0011203465605360591,CRM
CRM_2237_PACK,0.0011203465605360591,CRM
CRM_2385_PACK,0.0011203465605360591,CRM
CRM_2271_PACK,0.0011203465605360591,CRM
CRM_1780_PACK,0.0011203465605360591,CRM
CRM_2273_PACK,0.0011203465605360591,CRM
CRM_2304_PACK,0.0011203465605360591,CRM
CRM_2062_PACK,0.0011203465605360591,CRM
CRM_1852_PACK,0.0011150115769144589,CRM
CRM_2325_PACK,0.0011150115769144589,CRM
CRM_1886_PACK,0.0011150115769144589,CRM
CRM_2383_PACK,0.0011150115769144589,CRM
CRM_2243_PACK,0.0011150115769144589,CRM
CRM_2327_PACK,0.0011150115769144589,CRM
CRM_2296_PACK,0.0011150115769144589,CRM
CRM_2326_PACK,0.0011096765932928586,CRM
CRM_2234_PACK,0.0011096765932928586,CRM
CRM_2377_PACK,0.0011096765932928586,CRM
CRM_2341_PACK,0.0011096765932928586,CRM
CRM_1908_PACK,0.0011096765932928586,CRM
CRM_1851_PACK,0.0011096765932928586,CRM
CRM_1952_PACK,0.0011096765932928586,CRM
CRM_1953_PACK,0.0011096765932928586,CRM
CRM_2306_PACK,0.0011043416096712584,CRM
CRM_2356_PACK,0.0011043416096712584,CRM
CRM_2272_PACK,0.0011043416096712584,CRM
CRM_1856_PACK,0.0011043416096712584,CRM
CRM_1930_PACK,0.0011043416096712584,CRM
CRM_1853_PACK,0.0011043416096712584,CRM
CRM_2251_PACK,0.0011043416096712584,CRM
CRM_2187_PACK,0.0011043416096712584,CRM
CRM_1956_PACK,0.0011043416096712584,CRM
CRM_2364_PACK,0.0011043416096712584,CRM
CRM_1932_PACK,0.001099006626049658,CRM
CRM_1632_PACK,0.001099006626049658,CRM
CRM_2391_PACK,0.001099006626049658,CRM
CRM_2210_PACK,0.001099006626049658,CRM
CRM_1829_PACK,0.001099006626049658,CRM
CRM_1830_PACK,0.001099006626049658,CRM
CRM_2314_PACK,0.001099006626049658,CRM
CRM_1750_PACK,0.001099006626049658,CRM
CRM_2213_PACK,0.0010936716424280579,CRM
CRM_2366_PACK,0.0010936716424280579,CRM
CRM_2321_PACK,0.0010936716424280579,CRM
CRM_2286_PACK,0.0010936716424280579,CRM
CRM_2317_PACK,0.0010936716424280579,CRM
CRM_1885_PACK,0.0010936716424280579,CRM
CRM_2275_PACK,0.0010883366588064574,CRM
CRM_2337_PACK,0.0010883366588064574,CRM
CRM_1902_PACK,0.0010883366588064574,CRM
CRM_2074_PACK,0.0010883366588064574,CRM
CRM_2371_PACK,0.0010883366588064574,CRM
CRM_2064_PACK,0.0010830016751848571,CRM
CRM_2315_PACK,0.0010830016751848571,CRM
CRM_2063_PACK,0.0010830016751848571,CRM
CRM_1926_PACK,0.0010776666915632569,CRM
CRM_2075_PACK,0.0010776666915632569,CRM
CRM_2380_PACK,0.0010776666915632569,CRM
CRM_1857_PACK,0.0010776666915632569,CRM
CRM_2269_PACK,0.0010776666915632569,CRM
CRM_2183_PACK,0.0010776666915632569,CRM
CRM_2316_PACK,0.0010776666915632569,CRM
CRM_2329_PACK,0.0010723317079416566,CRM
CRM_2309_PACK,0.0010723317079416566,CRM
CRM_2346_PACK,0.0010723317079416566,CRM
CRM_2263_PACK,0.0010723317079416566,CRM
CRM_1966_PACK,0.0010723317079416566,CRM
CRM_2250_PACK,0.0010723317079416566,CRM
CRM_1933_PACK,0.0010723317079416566,CRM
CRM_2270_PACK,0.0010723317079416566,CRM
CRM_1871_PACK,0.0010669967243200564,CRM
CRM_2379_PACK,0.0010669967243200564,CRM
CRM_2374_PACK,0.0010669967243200564,CRM
CRM_2294_PACK,0.0010669967243200564,CRM
CRM_1796_PACK,0.0010669967243200564,CRM
CRM_1889_PACK,0.0010669967243200564,CRM
CRM_2248_PACK,0.0010669967243200564,CRM
CRM_1964_PACK,0.0010616617406984561,CRM
CRM_2235_PACK,0.0010616617406984561,CRM
CRM_2340_PACK,0.0010616617406984561,CRM
CRM_1888_PACK,0.0010563267570768559,CRM
CRM_2311_PACK,0.0010563267570768559,CRM
CRM_1782_PACK,0.0010563267570768559,CRM
CRM_2228_PACK,0.0010563267570768559,CRM
CRM_2266_PACK,0.0010563267570768559,CRM
CRM_2303_PACK,0.0010509917734552554,CRM
CRM_1894_PACK,0.0010509917734552554,CRM
CRM_2388_PACK,0.0010456567898336551,CRM
CRM_2313_PACK,0.0010456567898336551,CRM
CRM_1789_PACK,0.0010456567898336551,CRM
CRM_2289_PACK,0.0010403218062120549,CRM
CRM_1931_PACK,0.0010403218062120549,CRM
CRM_2277_PACK,0.0010403218062120549,CRM
CRM_1860_PACK,0.0010349868225904546,CRM
CRM_1855_PACK,0.0010349868225904546,CRM
CRM_1969_PACK,0.0010349868225904546,CRM
CRM_1911_PACK,0.0010349868225904546,CRM
CRM_2223_PACK,0.0010296518389688544,CRM
CRM_2199_PACK,0.0010296518389688544,CRM
CRM_2373_PACK,0.0010296518389688544,CRM
CRM_1768_PACK,0.0010296518389688544,CRM
CRM_2279_PACK,0.0010296518389688544,CRM
CRM_2312_PACK,0.0010296518389688544,CRM
CRM_2332_PACK,0.0010243168553472541,CRM
CRM_1907_PACK,0.0010083119044824531,CRM
CRM_2324_PACK,0.0010083119044824531,CRM
CRM_1951_PACK,0.0010029769208608529,CRM
CRM_1906_PACK,0.0010029769208608529,CRM
CRM_2290_PACK,0.0010029769208608529,CRM
CRM_2320_PACK,0.0009923069536176524,CRM
CRM_1869_PACK,0.0009869719699960521,CRM
CRM_1881_PACK,0.0009869719699960521,CRM
CRM_2262_PACK,0.0009816369863744519,CRM
CRM_2328_PACK,0.0009816369863744519,CRM
CRM_2323_PACK,0.0009763020027528515,CRM
CRM_2357_PACK,0.0009709670191312513,CRM
CRM_2189_PACK,0.0009709670191312513,CRM
CRM_1839_PACK,0.000965632035509651,CRM
CRM_2209_PACK,0.000965632035509651,CRM
CRM_2352_PACK,0.0009602970518880508,CRM
CRM_2287_PACK,0.0009442921010232499,CRM
CRM_2300_PACK,0.0009389571174016496,CRM
CRM_2397_PACK,5.334983621600282e-06,CRM
CRM_2396_PACK,0.0,CRM
CRM_2398_PACK,0.0,CRM
BIL_3748_PACK,0.7275423864448736,BIL
BIL_3933_PACK,0.5208971308458084,BIL
BIL_3934_PACK,0.5208437810095923,BIL
BIL_3921_PACK,0.5200168585482443,BIL
BIL_3927_PACK,0.5190565614963563,BIL
BIL_3922_PACK,0.5144257957128071,BIL
BIL_3749_PACK,0.42820179042050344,BIL
BIL_3750_PACK,0.42279211702820074,BIL
BIL_3745_PACK,0.417115694454818,BIL
BIL_3744_PACK,0.4017509416246092,BIL
BIL_3935_PACK,0.3880827135860693,BIL
BIL_3762_PACK,0.3443305129053254,BIL
BIL_3929_PACK,0.28100425731693,BIL
BIL_3737_PACK,0.2784861450475347,BIL
BIL_3739_PACK,0.27822473085007626,BIL
BIL_3742_PACK,0.24766060968192827,BIL
BIL_3746_PACK,0.2405544114979567,BIL
BIL_3740_PACK,0.14532495385239166,BIL
BIL_3965_PACK,0.14270014191056432,BIL
BIL_3771_PACK,0.13184878522422935,BIL
BIL_4036_PACK,0.12622037750344106,BIL
BIL_3942_PACK,0.11660140203369576,BIL
BIL_3758_PACK,0.11416331451862442,BIL
BIL_3962_PACK,0.10695041666222084,BIL
BIL_3964_PACK,0.10552064105163197,BIL
BIL_3751_PACK,0.10080985051375892,BIL
BIL_3754_PACK,0.09767288014425796,BIL
BIL_3760_PACK,0.09362896255908494,BIL
BIL_3960_PACK,0.07629026578888402,BIL
BIL_4107_PACK,0.07612488129661442,BIL
BIL_3953_PACK,0.07049113859220452,BIL
BIL_3944_PACK,0.0700590049188549,BIL
BIL_3928_PACK,0.06778096691243157,BIL
BIL_3764_PACK,0.05666819602863819,BIL
BIL_3926_PACK,0.05078370909401308,BIL
BIL_3957_PACK,0.0491618740730466,BIL
BIL_4020_PACK,0.049081849318722594,BIL
BIL_3955_PACK,0.04828693675910415,BIL
BIL_3956_PACK,0.046905176001109675,BIL
BIL_3765_PACK,0.045800834391438415,BIL
BIL_3996_PACK,0.045662124817276814,BIL
BIL_3997_PACK,0.04455244822398395,BIL
BIL_3743_PACK,0.04199699106923742,BIL
BIL_3943_PACK,0.041548852445022995,BIL
BIL_3920_PACK,0.04137813296913179,BIL
BIL_3775_PACK,0.04126076332945658,BIL
BIL_3961_PACK,0.040759274869026155,BIL
BIL_3741_PACK,0.0398576626369757,BIL
BIL_3761_PACK,0.0379424035168212,BIL
BIL_3989_PACK,0.037563619679687583,BIL
BIL_4105_PACK,0.035194886951697056,BIL
BIL_4025_PACK,0.03418124006359301,BIL
BIL_4019_PACK,0.03357838691435217,BIL
BIL_3763_PACK,0.03259141494435612,BIL
BIL_4102_PACK,0.030409406643121605,BIL
BIL_4103_PACK,0.02931040001707195,BIL
BIL_4076_PACK,0.027960649160807077,BIL
BIL_3931_PACK,0.02741114584778225,BIL
BIL_3884_PACK,0.023991421346336465,BIL
BIL_4075_PACK,0.023938071510120465,BIL
BIL_3988_PACK,0.02347392793504124,BIL
BIL_3766_PACK,0.022993779409097213,BIL
BIL_3975_PACK,0.021185219961374718,BIL
BIL_3971_PACK,0.020737081337160294,BIL
BIL_3954_PACK,0.020593036779377086,BIL
BIL_3959_PACK,0.020561026877647486,BIL
BIL_3948_PACK,0.02027827274570267,BIL
BIL_3998_PACK,0.020048868449973858,BIL
BIL_3753_PACK,0.019942168777541854,BIL
BIL_4150_PACK,0.018907181954951398,BIL
BIL_3952_PACK,0.01873112749543859,BIL
BIL_3981_PACK,0.018539068085060978,BIL
BIL_4004_PACK,0.018443038379872174,BIL
BIL_3767_PACK,0.017722815590956134,BIL
BIL_3770_PACK,0.01720532217966091,BIL
BIL_3923_PACK,0.016805198408040886,BIL
BIL_3774_PACK,0.01647976440712327,BIL
BIL_3785_PACK,0.016415744603664066,BIL
BIL_4064_PACK,0.016346389816583262,BIL
BIL_4078_PACK,0.01574887165096403,BIL
BIL_3839_PACK,0.015028648862047994,BIL
BIL_3757_PACK,0.014937954140480788,BIL
BIL_4044_PACK,0.014532495385239168,BIL
BIL_4046_PACK,0.014521825417995966,BIL
BIL_4047_PACK,0.014484480532644764,BIL
BIL_4045_PACK,0.01440445577832076,BIL
BIL_3752_PACK,0.014361775909347958,BIL
BIL_3977_PACK,0.014057681842916742,BIL
BIL_3821_PACK,0.013716242891134324,BIL
BIL_3787_PACK,0.01362554816956712,BIL
BIL_3983_PACK,0.013598873251459118,BIL
BIL_3932_PACK,0.013230759381568698,BIL
BIL_3796_PACK,0.013017360036704687,BIL
BIL_3794_PACK,0.012921330331515882,BIL
BIL_3930_PACK,0.012654581150435868,BIL
BIL_3782_PACK,0.012179767608113443,BIL
BIL_3950_PACK,0.011982373214114233,BIL
BIL_3801_PACK,0.01192368839427663,BIL
BIL_4012_PACK,0.011902348459790229,BIL
BIL_3958_PACK,0.011598254393359013,BIL
BIL_4048_PACK,0.011518229639035009,BIL
BIL_3797_PACK,0.011208800588982193,BIL
BIL_3824_PACK,0.011054086063955783,BIL
BIL_4024_PACK,0.010669967243200563,BIL
BIL_3963_PACK,0.010392548094877349,BIL
BIL_3949_PACK,0.01005110914309493,BIL
BIL_3791_PACK,0.00966699032233971,BIL
BIL_3985_PACK,0.009410911108502897,BIL
BIL_4106_PACK,0.008914757631694071,BIL
BIL_3778_PACK,0.008615998548884455,BIL
BIL_4067_PACK,0.008599993598019655,BIL
BIL_4021_PACK,0.008322574449696439,BIL
BIL_4040_PACK,0.008247884678994035,BIL
BIL_3777_PACK,0.008018480383265223,BIL
BIL_4184_PACK,0.007794411071158011,BIL
BIL_3776_PACK,0.007789076087536411,BIL
BIL_3786_PACK,0.007511656939213197,BIL
BIL_3925_PACK,0.007511656939213197,BIL
BIL_4171_PACK,0.007490317004726795,BIL
BIL_3831_PACK,0.007324932512457187,BIL
BIL_3979_PACK,0.007074188282241973,BIL
BIL_4001_PACK,0.006903468806350764,BIL
BIL_4111_PACK,0.006727414346837955,BIL
BIL_3755_PACK,0.006684734477865153,BIL
BIL_4065_PACK,0.006498010051109143,BIL
BIL_4066_PACK,0.006476670116622742,BIL
BIL_4006_PACK,0.006471335133001141,BIL
BIL_4016_PACK,0.006369970444190736,BIL
BIL_3995_PACK,0.006353965493325935,BIL
BIL_3784_PACK,0.006241930837272329,BIL
BIL_3815_PACK,0.006241930837272329,BIL
BIL_4042_PACK,0.006231260870029129,BIL
BIL_3822_PACK,0.006177911033813126,BIL
BIL_3968_PACK,0.006161906082948325,BIL
BIL_3939_PACK,0.006145901132083524,BIL
BIL_4005_PACK,0.005985851623435516,BIL
BIL_3804_PACK,0.005943171754462714,BIL
BIL_4015_PACK,0.005756447327706704,BIL
BIL_3969_PACK,0.005447018277653887,BIL
BIL_4084_PACK,0.005382998474194684,BIL
BIL_3841_PACK,0.005340318605221882,BIL
BIL_3973_PACK,0.00531364368711388,BIL
BIL_3769_PACK,0.00531364368711388,BIL
BIL_4089_PACK,0.005206944014681875,BIL
BIL_3772_PACK,0.0051109143094930694,BIL
BIL_4050_PACK,0.005009549620682664,BIL
BIL_4079_PACK,0.0049935446698178634,BIL
BIL_3966_PACK,0.0049775397189530625,BIL
BIL_4051_PACK,0.004950864800845061,BIL
BIL_3799_PACK,0.00493485984998026,BIL
BIL_3756_PACK,0.00492952486635866,BIL
BIL_4068_PACK,0.004886844997385858,BIL
BIL_3781_PACK,0.004790815292197053,BIL
BIL_4097_PACK,0.004700120570629848,BIL
BIL_3805_PACK,0.004646770734413845,BIL
BIL_3980_PACK,0.0046094258490626434,BIL
BIL_4052_PACK,0.004566745980089841,BIL
BIL_3940_PACK,0.0045027261766306375,BIL
BIL_3809_PACK,0.004433371389549834,BIL
BIL_4055_PACK,0.0044227014223066335,BIL
BIL_3788_PACK,0.0044227014223066335,BIL
BIL_4056_PACK,0.0044120314550634325,BIL
BIL_4041_PACK,0.004374686569712231,BIL
BIL_3789_PACK,0.004337341684361029,BIL
BIL_4082_PACK,0.0043266717171178285,BIL
BIL_4039_PACK,0.0043053317826314275,BIL
BIL_3773_PACK,0.0040119076834434116,BIL
BIL_3924_PACK,0.0039318829291194075,BIL
BIL_4063_PACK,0.0039265479454978075,BIL
BIL_3994_PACK,0.003830518240309002,BIL
BIL_3759_PACK,0.0038145132894442015,BIL
BIL_4060_PACK,0.0038145132894442015,BIL
BIL_4054_PACK,0.0037931733549578,BIL
BIL_4037_PACK,0.0037878383713362,BIL
BIL_4061_PACK,0.0037611634532281986,BIL
BIL_4002_PACK,0.0037611634532281986,BIL
BIL_4062_PACK,0.003697143649768995,BIL
BIL_4038_PACK,0.003633123846309792,BIL
BIL_3803_PACK,0.0036064489282017905,BIL
BIL_4022_PACK,0.00359577896095859,BIL
BIL_3991_PACK,0.0035744390264721886,BIL
BIL_4032_PACK,0.0035691040428505886,BIL
BIL_4049_PACK,0.003558434075607388,BIL
BIL_3779_PACK,0.0035530990919857876,BIL
BIL_4031_PACK,0.003547764108364187,BIL
BIL_4059_PACK,0.0035370941411209866,BIL
BIL_4000_PACK,0.0035370941411209866,BIL
BIL_4132_PACK,0.0034730743376617836,BIL
BIL_4033_PACK,0.003467739354040183,BIL
BIL_4108_PACK,0.003451734403175382,BIL
BIL_3793_PACK,0.0034197245014457806,BIL
BIL_4013_PACK,0.003387714599716179,BIL
BIL_4034_PACK,0.0033610396816081776,BIL
BIL_3992_PACK,0.003355704697986577,BIL
BIL_3833_PACK,0.0033236947962569756,BIL
BIL_4009_PACK,0.003297019878148974,BIL
BIL_4109_PACK,0.0032863499109057736,BIL
BIL_3790_PACK,0.0032116601402033696,BIL
BIL_4053_PACK,0.0031956551893385686,BIL
BIL_3798_PACK,0.003184985222095368,BIL
BIL_4014_PACK,0.003131635385879365,BIL
BIL_3941_PACK,0.003131635385879365,BIL
BIL_4100_PACK,0.003104960467771364,BIL
BIL_4126_PACK,0.003072950566041762,BIL
BIL_3936_PACK,0.003051610631555361,BIL
BIL_4072_PACK,0.0030249357134473596,BIL
BIL_3820_PACK,0.0030089307625825587,BIL
BIL_3817_PACK,0.002896896106528953,BIL
BIL_4088_PACK,0.002822206335826549,BIL
BIL_3829_PACK,0.002806201384961748,BIL
BIL_3974_PACK,0.0028008664013401477,BIL
BIL_3832_PACK,0.002784861450475347,BIL
BIL_4029_PACK,0.0027741914832321466,BIL
BIL_4028_PACK,0.002726176630637744,BIL
BIL_3851_PACK,0.0027208416470161437,BIL
BIL_4117_PACK,0.002715506663394543,BIL
BIL_4081_PACK,0.002694166728908142,BIL
BIL_3972_PACK,0.0026674918108001407,BIL
BIL_4131_PACK,0.00265682184355694,BIL
BIL_4027_PACK,0.002614141974584138,BIL
BIL_4035_PACK,0.002598137023719337,BIL
BIL_4074_PACK,0.002576797089232936,BIL
BIL_4122_PACK,0.002560792138368135,BIL
BIL_4182_PACK,0.0025447871875033342,BIL
BIL_4071_PACK,0.002539452203881734,BIL
BIL_3849_PACK,0.0025074423021521322,BIL
BIL_3811_PACK,0.002480767384044131,BIL
BIL_4140_PACK,0.00246476243317933,BIL
BIL_4200_PACK,0.0024540924659361297,BIL
BIL_4077_PACK,0.0024540924659361297,BIL
BIL_4112_PACK,0.0024540924659361297,BIL
BIL_4144_PACK,0.0024540924659361297,BIL
BIL_4114_PACK,0.0023580627607473247,BIL
BIL_4058_PACK,0.0023527277771257242,BIL
BIL_3806_PACK,0.0023527277771257242,BIL
BIL_4288_PACK,0.0022993779409097212,BIL
BIL_3850_PACK,0.0022833729900449207,BIL
BIL_4043_PACK,0.0022246881702073173,BIL
BIL_4073_PACK,0.0021660033503697143,BIL
BIL_4183_PACK,0.0021393284322617128,BIL
BIL_3828_PACK,0.0021393284322617128,BIL
BIL_4155_PACK,0.0021393284322617128,BIL
BIL_4181_PACK,0.0021286584650185123,BIL
BIL_3827_PACK,0.0021233234813969122,BIL
BIL_4166_PACK,0.0021126535141537117,BIL
BIL_3807_PACK,0.0020966485632889107,BIL
BIL_3947_PACK,0.0020966485632889107,BIL
BIL_3816_PACK,0.0020859785960457102,BIL
BIL_3938_PACK,0.0020753086288025097,BIL
BIL_4267_PACK,0.0020699736451809093,BIL
BIL_3836_PACK,0.0020593036779377088,BIL
BIL_4017_PACK,0.0020486337106945082,BIL
BIL_4113_PACK,0.0020432987270729078,BIL
BIL_4125_PACK,0.0020379637434513077,BIL
BIL_4278_PACK,0.0020112888253433063,BIL
BIL_4151_PACK,0.0020006188581001057,BIL
BIL_4086_PACK,0.0020006188581001057,BIL
BIL_3951_PACK,0.0019952838744785053,BIL
BIL_3810_PACK,0.001968608956370504,BIL
BIL_4023_PACK,0.001968608956370504,BIL
BIL_3795_PACK,0.0019632739727489038,BIL
BIL_3835_PACK,0.001952604005505703,BIL
BIL_3823_PACK,0.0019472690218841028,BIL
BIL_4240_PACK,0.0019419340382625025,BIL
BIL_4236_PACK,0.0019365990546409023,BIL
BIL_3970_PACK,0.001931264071019302,BIL
BIL_3937_PACK,0.0019259290873977018,BIL
BIL_4173_PACK,0.0018992541692897003,BIL
BIL_3826_PACK,0.0018992541692897003,BIL
BIL_3976_PACK,0.0018992541692897003,BIL
BIL_4172_PACK,0.0018939191856681,BIL
BIL_4163_PACK,0.0018832492184248995,BIL
BIL_4153_PACK,0.0018725792511816988,BIL
BIL_4143_PACK,0.0018725792511816988,BIL
BIL_4175_PACK,0.0018672442675600985,BIL
BIL_4162_PACK,0.0018405693494520973,BIL
BIL_4207_PACK,0.0018352343658304968,BIL
BIL_3838_PACK,0.0018245643985872963,BIL
BIL_3813_PACK,0.001819229414965696,BIL
BIL_3844_PACK,0.0018085594477224955,BIL
BIL_4070_PACK,0.001797889480479295,BIL
BIL_4152_PACK,0.0017925544968576945,BIL
BIL_4145_PACK,0.0017872195132360943,BIL
BIL_3837_PACK,0.0017712145623712935,BIL
BIL_3819_PACK,0.0017658795787496933,BIL
BIL_3872_PACK,0.001760544595128093,BIL
BIL_4008_PACK,0.0017552096115064928,BIL
BIL_3982_PACK,0.0017552096115064928,BIL
BIL_4285_PACK,0.0017498746278848923,BIL
BIL_4174_PACK,0.001744539644263292,BIL
BIL_3912_PACK,0.001744539644263292,BIL
BIL_4135_PACK,0.0017392046606416918,BIL
BIL_4139_PACK,0.0017338696770200915,BIL
BIL_4205_PACK,0.001723199709776891,BIL
BIL_4095_PACK,0.001723199709776891,BIL
BIL_4124_PACK,0.0017018597752904898,BIL
BIL_4110_PACK,0.0016965247916688896,BIL
BIL_3825_PACK,0.0016965247916688896,BIL
BIL_3840_PACK,0.0016911898080472893,BIL
BIL_4141_PACK,0.0016645148899392878,BIL
BIL_4026_PACK,0.0016431749554528868,BIL
BIL_4156_PACK,0.0016431749554528868,BIL
BIL_4087_PACK,0.0016378399718312865,BIL
BIL_4091_PACK,0.0016325049882096863,BIL
BIL_4238_PACK,0.0016271700045880858,BIL
BIL_4187_PACK,0.001611165053723285,BIL
BIL_3848_PACK,0.0015951601028584843,BIL
BIL_4226_PACK,0.0015951601028584843,BIL
BIL_4286_PACK,0.0015951601028584843,BIL
BIL_3830_PACK,0.001589825119236884,BIL
BIL_4177_PACK,0.001573820168372083,BIL
BIL_3846_PACK,0.0015684851847504828,BIL
BIL_3780_PACK,0.0015631502011288826,BIL
BIL_4161_PACK,0.0015631502011288826,BIL
BIL_4142_PACK,0.001552480233885682,BIL
BIL_4119_PACK,0.001552480233885682,BIL
BIL_4157_PACK,0.001536475283020881,BIL
BIL_4255_PACK,0.001536475283020881,BIL
BIL_3862_PACK,0.00151513534853448,BIL
BIL_4189_PACK,0.0015044653812912793,BIL
BIL_4136_PACK,0.0014937954140480788,BIL
BIL_4101_PACK,0.0014937954140480788,BIL
BIL_3986_PACK,0.0014884604304264786,BIL
BIL_4209_PACK,0.0014831254468048783,BIL
BIL_3993_PACK,0.0014831254468048783,BIL
BIL_4160_PACK,0.0014831254468048783,BIL
BIL_4230_PACK,0.0014831254468048783,BIL
BIL_4093_PACK,0.001477790463183278,BIL
BIL_4098_PACK,0.001477790463183278,BIL
BIL_4168_PACK,0.001477790463183278,BIL
BIL_3990_PACK,0.001477790463183278,BIL
BIL_3812_PACK,0.0014724554795616778,BIL
BIL_3792_PACK,0.0014724554795616778,BIL
BIL_3945_PACK,0.0014724554795616778,BIL
BIL_4251_PACK,0.0014671204959400776,BIL
BIL_3834_PACK,0.0014671204959400776,BIL
BIL_3847_PACK,0.0014457805614536763,BIL
BIL_4120_PACK,0.001440445577832076,BIL
BIL_4234_PACK,0.001440445577832076,BIL
BIL_4210_PACK,0.001440445577832076,BIL
BIL_4208_PACK,0.001440445577832076,BIL
BIL_3863_PACK,0.0014351105942104758,BIL
BIL_4123_PACK,0.0014351105942104758,BIL
BIL_4104_PACK,0.0014351105942104758,BIL
BIL_4195_PACK,0.0014297756105888756,BIL
BIL_4080_PACK,0.0014244406269672753,BIL
BIL_4167_PACK,0.0014191056433456748,BIL
BIL_4178_PACK,0.0014084356761024743,BIL
BIL_4191_PACK,0.0014084356761024743,BIL
BIL_4137_PACK,0.001403100692480874,BIL
BIL_4147_PACK,0.001403100692480874,BIL
BIL_4311_PACK,0.0013924307252376736,BIL
BIL_4188_PACK,0.0013870957416160733,BIL
BIL_4333_PACK,0.0013870957416160733,BIL
BIL_3858_PACK,0.0013817607579944729,BIL
BIL_4134_PACK,0.0013817607579944729,BIL
BIL_4250_PACK,0.0013710907907512723,BIL
BIL_4222_PACK,0.001365755807129672,BIL
BIL_3855_PACK,0.0013604208235080718,BIL
BIL_4340_PACK,0.0013550858398864716,BIL
BIL_4085_PACK,0.0013550858398864716,BIL
BIL_4254_PACK,0.0013550858398864716,BIL
BIL_4115_PACK,0.0013497508562648713,BIL
BIL_3999_PACK,0.0013497508562648713,BIL
BIL_4212_PACK,0.001344415872643271,BIL
BIL_4170_PACK,0.001344415872643271,BIL
BIL_4259_PACK,0.001344415872643271,BIL
BIL_3880_PACK,0.001344415872643271,BIL
BIL_3808_PACK,0.0013337459054000704,BIL
BIL_3814_PACK,0.00132841092177847,BIL
BIL_3984_PACK,0.00132841092177847,BIL
BIL_4201_PACK,0.00132841092177847,BIL
BIL_4159_PACK,0.00132841092177847,BIL
BIL_4206_PACK,0.00132841092177847,BIL
BIL_4308_PACK,0.0013230759381568698,BIL
BIL_3859_PACK,0.0013230759381568698,BIL
BIL_4228_PACK,0.0013230759381568698,BIL
BIL_4011_PACK,0.0013177409545352696,BIL
BIL_3842_PACK,0.0013177409545352696,BIL
BIL_4354_PACK,0.0013124059709136693,BIL
BIL_3867_PACK,0.0013124059709136693,BIL
BIL_4227_PACK,0.001307070987292069,BIL
BIL_3861_PACK,0.001307070987292069,BIL
BIL_3875_PACK,0.001307070987292069,BIL
BIL_3854_PACK,0.001307070987292069,BIL
BIL_4165_PACK,0.001307070987292069,BIL
BIL_4180_PACK,0.0013017360036704688,BIL
BIL_4198_PACK,0.0013017360036704688,BIL
BIL_4235_PACK,0.0013017360036704688,BIL
BIL_4275_PACK,0.0012964010200488684,BIL
BIL_4380_PACK,0.0012964010200488684,BIL
BIL_4215_PACK,0.0012964010200488684,BIL
BIL_3901_PACK,0.001291066036427268,BIL
BIL_3860_PACK,0.001291066036427268,BIL
BIL_4262_PACK,0.001291066036427268,BIL
BIL_4018_PACK,0.001291066036427268,BIL
BIL_4309_PACK,0.0012857310528056679,BIL
BIL_4003_PACK,0.0012857310528056679,BIL
BIL_4264_PACK,0.0012857310528056679,BIL
BIL_3871_PACK,0.0012857310528056679,BIL
BIL_4303_PACK,0.0012857310528056679,BIL
BIL_4366_PACK,0.0012857310528056679,BIL
BIL_4265_PACK,0.0012803960691840676,BIL
BIL_3879_PACK,0.0012803960691840676,BIL
BIL_4383_PACK,0.0012803960691840676,BIL
BIL_4279_PACK,0.0012803960691840676,BIL
BIL_4314_PACK,0.0012750610855624673,BIL
BIL_4406_PACK,0.0012750610855624673,BIL
BIL_4289_PACK,0.0012750610855624673,BIL
BIL_4154_PACK,0.0012750610855624673,BIL
BIL_4442_PACK,0.0012750610855624673,BIL
BIL_4297_PACK,0.0012750610855624673,BIL
BIL_4176_PACK,0.0012750610855624673,BIL
BIL_4270_PACK,0.0012750610855624673,BIL
BIL_4307_PACK,0.001269726101940867,BIL
BIL_4416_PACK,0.001269726101940867,BIL
BIL_4233_PACK,0.001269726101940867,BIL
BIL_4169_PACK,0.001269726101940867,BIL
BIL_4130_PACK,0.001269726101940867,BIL
BIL_3843_PACK,0.001269726101940867,BIL
BIL_4450_PACK,0.001269726101940867,BIL
BIL_4248_PACK,0.001269726101940867,BIL
BIL_3900_PACK,0.0012643911183192668,BIL
BIL_3913_PACK,0.0012643911183192668,BIL
BIL_4510_PACK,0.0012643911183192668,BIL
BIL_4304_PACK,0.0012590561346976666,BIL
BIL_3894_PACK,0.0012590561346976666,BIL
BIL_4300_PACK,0.0012590561346976666,BIL
BIL_4237_PACK,0.0012590561346976666,BIL
BIL_4138_PACK,0.0012590561346976666,BIL
BIL_4118_PACK,0.0012590561346976666,BIL
BIL_4202_PACK,0.0012590561346976666,BIL
BIL_4404_PACK,0.0012590561346976666,BIL
BIL_4282_PACK,0.0012590561346976666,BIL
BIL_4457_PACK,0.0012537211510760661,BIL
BIL_4245_PACK,0.0012537211510760661,BIL
BIL_4007_PACK,0.0012537211510760661,BIL
BIL_4213_PACK,0.0012537211510760661,BIL
BIL_3886_PACK,0.0012537211510760661,BIL
BIL_4121_PACK,0.0012483861674544659,BIL
BIL_3987_PACK,0.0012430511838328656,BIL
BIL_4197_PACK,0.0012430511838328656,BIL
BIL_3891_PACK,0.0012430511838328656,BIL
BIL_4218_PACK,0.0012430511838328656,BIL
BIL_3897_PACK,0.0012430511838328656,BIL
BIL_4268_PACK,0.0012430511838328656,BIL
BIL_4328_PACK,0.0012430511838328656,BIL
BIL_3888_PACK,0.0012377162002112654,BIL
BIL_4242_PACK,0.0012377162002112654,BIL
BIL_3918_PACK,0.0012377162002112654,BIL
BIL_4378_PACK,0.001232381216589665,BIL
BIL_4204_PACK,0.001232381216589665,BIL
BIL_4257_PACK,0.001232381216589665,BIL
BIL_3783_PACK,0.001232381216589665,BIL
BIL_4444_PACK,0.001232381216589665,BIL
BIL_4441_PACK,0.0012270462329680648,BIL
BIL_4252_PACK,0.0012270462329680648,BIL
BIL_4099_PACK,0.0012270462329680648,BIL
BIL_4312_PACK,0.0012270462329680648,BIL
BIL_4346_PACK,0.0012270462329680648,BIL
BIL_4194_PACK,0.0012270462329680648,BIL
BIL_4220_PACK,0.0012217112493464646,BIL
BIL_4338_PACK,0.0012217112493464646,BIL
BIL_4365_PACK,0.0012217112493464646,BIL
BIL_3864_PACK,0.0012217112493464646,BIL
BIL_3865_PACK,0.0012217112493464646,BIL
BIL_4271_PACK,0.0012163762657248641,BIL
BIL_4291_PACK,0.0012163762657248641,BIL
BIL_4298_PACK,0.0012163762657248641,BIL
BIL_4299_PACK,0.0012163762657248641,BIL
BIL_4436_PACK,0.0012163762657248641,BIL
BIL_4435_PACK,0.0012110412821032639,BIL
BIL_4443_PACK,0.0012110412821032639,BIL
BIL_4244_PACK,0.0012110412821032639,BIL
BIL_3892_PACK,0.0012110412821032639,BIL
BIL_3946_PACK,0.0012110412821032639,BIL
BIL_4290_PACK,0.0012110412821032639,BIL
BIL_4453_PACK,0.0012110412821032639,BIL
BIL_4317_PACK,0.0012110412821032639,BIL
BIL_4253_PACK,0.0012110412821032639,BIL
BIL_4431_PACK,0.0012110412821032639,BIL
BIL_4246_PACK,0.0012110412821032639,BIL
BIL_4249_PACK,0.0012110412821032639,BIL
BIL_3868_PACK,0.0012110412821032639,BIL
BIL_4277_PACK,0.0012110412821032639,BIL
BIL_4116_PACK,0.0012057062984816636,BIL
BIL_4368_PACK,0.0012057062984816636,BIL
BIL_3889_PACK,0.0012057062984816636,BIL
BIL_4327_PACK,0.0012003713148600634,BIL
BIL_4377_PACK,0.0012003713148600634,BIL
BIL_4158_PACK,0.0012003713148600634,BIL
BIL_4506_PACK,0.0012003713148600634,BIL
BIL_3908_PACK,0.0012003713148600634,BIL
BIL_3802_PACK,0.0012003713148600634,BIL
BIL_3878_PACK,0.0012003713148600634,BIL
BIL_3914_PACK,0.0012003713148600634,BIL
BIL_4241_PACK,0.001195036331238463,BIL
BIL_3902_PACK,0.001195036331238463,BIL
BIL_4190_PACK,0.001195036331238463,BIL
BIL_4373_PACK,0.001195036331238463,BIL
BIL_4411_PACK,0.0011897013476168629,BIL
BIL_4305_PACK,0.0011897013476168629,BIL
BIL_4370_PACK,0.0011897013476168629,BIL
BIL_3903_PACK,0.0011897013476168629,BIL
BIL_3845_PACK,0.0011897013476168629,BIL
BIL_4318_PACK,0.0011897013476168629,BIL
BIL_4323_PACK,0.0011897013476168629,BIL
BIL_4341_PACK,0.0011897013476168629,BIL
BIL_4287_PACK,0.0011897013476168629,BIL
BIL_4217_PACK,0.0011843663639952626,BIL
BIL_3887_PACK,0.0011843663639952626,BIL
BIL_4096_PACK,0.0011843663639952626,BIL
BIL_4359_PACK,0.0011843663639952626,BIL
BIL_4301_PACK,0.0011843663639952626,BIL
BIL_3978_PACK,0.0011843663639952626,BIL
BIL_4432_PACK,0.0011843663639952626,BIL
BIL_4423_PACK,0.0011843663639952626,BIL
BIL_4332_PACK,0.0011790313803736623,BIL
BIL_4211_PACK,0.0011790313803736623,BIL
BIL_4369_PACK,0.0011790313803736623,BIL
BIL_4192_PACK,0.0011790313803736623,BIL
BIL_3909_PACK,0.0011790313803736623,BIL
BIL_4449_PACK,0.0011790313803736623,BIL
BIL_4417_PACK,0.0011790313803736623,BIL
BIL_4263_PACK,0.0011790313803736623,BIL
BIL_4465_PACK,0.0011790313803736623,BIL
BIL_4284_PACK,0.0011736963967520619,BIL
BIL_4292_PACK,0.0011736963967520619,BIL
BIL_3876_PACK,0.0011736963967520619,BIL
BIL_4428_PACK,0.0011736963967520619,BIL
BIL_4362_PACK,0.0011736963967520619,BIL
BIL_4350_PACK,0.0011736963967520619,BIL
BIL_3905_PACK,0.0011736963967520619,BIL
BIL_4363_PACK,0.0011736963967520619,BIL
BIL_4349_PACK,0.0011736963967520619,BIL
BIL_4389_PACK,0.0011736963967520619,BIL
BIL_4353_PACK,0.0011736963967520619,BIL
BIL_4179_PACK,0.0011683614131304616,BIL
BIL_4315_PACK,0.0011683614131304616,BIL
BIL_4313_PACK,0.0011683614131304616,BIL
BIL_4344_PACK,0.0011683614131304616,BIL
BIL_3893_PACK,0.0011683614131304616,BIL
BIL_3895_PACK,0.0011683614131304616,BIL
BIL_3800_PACK,0.0011683614131304616,BIL
BIL_4231_PACK,0.0011683614131304616,BIL
BIL_4069_PACK,0.0011683614131304616,BIL
BIL_3896_PACK,0.0011683614131304616,BIL
BIL_4294_PACK,0.0011630264295088614,BIL
BIL_3874_PACK,0.0011630264295088614,BIL
BIL_4504_PACK,0.0011630264295088614,BIL
BIL_4446_PACK,0.0011630264295088614,BIL
BIL_4382_PACK,0.0011630264295088614,BIL
BIL_4419_PACK,0.0011630264295088614,BIL
BIL_3890_PACK,0.0011630264295088614,BIL
BIL_4459_PACK,0.0011630264295088614,BIL
BIL_4296_PACK,0.0011576914458872611,BIL
BIL_4345_PACK,0.0011576914458872611,BIL
BIL_4247_PACK,0.0011576914458872611,BIL
BIL_4394_PACK,0.0011576914458872611,BIL
BIL_4092_PACK,0.0011523564622656609,BIL
BIL_3818_PACK,0.0011523564622656609,BIL
BIL_4164_PACK,0.0011523564622656609,BIL
BIL_4224_PACK,0.0011523564622656609,BIL
BIL_3907_PACK,0.0011523564622656609,BIL
BIL_4455_PACK,0.0011523564622656609,BIL
BIL_4413_PACK,0.0011523564622656609,BIL
BIL_4239_PACK,0.0011523564622656609,BIL
BIL_4306_PACK,0.0011523564622656609,BIL
BIL_4302_PACK,0.0011523564622656609,BIL
BIL_4232_PACK,0.0011470214786440606,BIL
BIL_4451_PACK,0.0011470214786440606,BIL
BIL_4133_PACK,0.0011470214786440606,BIL
BIL_4420_PACK,0.0011470214786440606,BIL
BIL_4361_PACK,0.0011470214786440606,BIL
BIL_4261_PACK,0.0011470214786440606,BIL
BIL_4398_PACK,0.0011470214786440606,BIL
BIL_4010_PACK,0.0011470214786440606,BIL
BIL_4343_PACK,0.0011470214786440606,BIL
BIL_3904_PACK,0.0011470214786440606,BIL
BIL_4507_PACK,0.0011470214786440606,BIL
BIL_4356_PACK,0.0011470214786440606,BIL
BIL_4351_PACK,0.0011416864950224604,BIL
BIL_4196_PACK,0.0011416864950224604,BIL
BIL_4083_PACK,0.0011416864950224604,BIL
BIL_3870_PACK,0.0011416864950224604,BIL
BIL_3877_PACK,0.0011416864950224604,BIL
BIL_3917_PACK,0.00113635151140086,BIL
BIL_4458_PACK,0.00113635151140086,BIL
BIL_4256_PACK,0.00113635151140086,BIL
BIL_4225_PACK,0.00113635151140086,BIL
BIL_4295_PACK,0.00113635151140086,BIL
BIL_4508_PACK,0.00113635151140086,BIL
BIL_4409_PACK,0.00113635151140086,BIL
BIL_4402_PACK,0.00113635151140086,BIL
BIL_4337_PACK,0.0011310165277792596,BIL
BIL_4447_PACK,0.0011310165277792596,BIL
BIL_4280_PACK,0.0011310165277792596,BIL
BIL_4424_PACK,0.0011256815441576594,BIL
BIL_4229_PACK,0.0011256815441576594,BIL
BIL_4260_PACK,0.0011256815441576594,BIL
BIL_4094_PACK,0.0011256815441576594,BIL
BIL_4293_PACK,0.0011256815441576594,BIL
BIL_4427_PACK,0.0011256815441576594,BIL
BIL_4456_PACK,0.0011256815441576594,BIL
BIL_4324_PACK,0.0011256815441576594,BIL
BIL_4381_PACK,0.0011256815441576594,BIL
BIL_4509_PACK,0.0011203465605360591,BIL
BIL_4401_PACK,0.0011203465605360591,BIL
BIL_4390_PACK,0.0011203465605360591,BIL
BIL_4399_PACK,0.0011203465605360591,BIL
BIL_4414_PACK,0.0011203465605360591,BIL
BIL_4379_PACK,0.0011203465605360591,BIL
BIL_4430_PACK,0.0011203465605360591,BIL
BIL_3911_PACK,0.0011150115769144589,BIL
BIL_4388_PACK,0.0011096765932928586,BIL
BIL_3916_PACK,0.0011096765932928586,BIL
BIL_4357_PACK,0.0011096765932928586,BIL
BIL_4186_PACK,0.0011096765932928586,BIL
BIL_4203_PACK,0.0011096765932928586,BIL
BIL_4466_PACK,0.0011096765932928586,BIL
BIL_4030_PACK,0.0011096765932928586,BIL
BIL_4433_PACK,0.0011043416096712584,BIL
BIL_4400_PACK,0.0011043416096712584,BIL
BIL_4448_PACK,0.0011043416096712584,BIL
BIL_4426_PACK,0.0011043416096712584,BIL
BIL_4422_PACK,0.0011043416096712584,BIL
BIL_4374_PACK,0.0011043416096712584,BIL
BIL_4461_PACK,0.0011043416096712584,BIL
BIL_3919_PACK,0.0011043416096712584,BIL
BIL_4348_PACK,0.0011043416096712584,BIL
BIL_4392_PACK,0.0011043416096712584,BIL
BIL_4454_PACK,0.001099006626049658,BIL
BIL_3885_PACK,0.001099006626049658,BIL
BIL_4367_PACK,0.001099006626049658,BIL
BIL_4372_PACK,0.001099006626049658,BIL
BIL_4405_PACK,0.001099006626049658,BIL
BIL_4219_PACK,0.001099006626049658,BIL
BIL_4128_PACK,0.0010936716424280579,BIL
BIL_4376_PACK,0.0010936716424280579,BIL
BIL_4335_PACK,0.0010936716424280579,BIL
BIL_4463_PACK,0.0010936716424280579,BIL
BIL_4273_PACK,0.0010936716424280579,BIL
BIL_4146_PACK,0.0010936716424280579,BIL
BIL_4199_PACK,0.0010936716424280579,BIL
BIL_4329_PACK,0.0010883366588064574,BIL
BIL_4397_PACK,0.0010883366588064574,BIL
BIL_4407_PACK,0.0010883366588064574,BIL
BIL_4418_PACK,0.0010883366588064574,BIL
BIL_4283_PACK,0.0010883366588064574,BIL
BIL_4334_PACK,0.0010883366588064574,BIL
BIL_4326_PACK,0.0010883366588064574,BIL
BIL_4355_PACK,0.0010830016751848571,BIL
BIL_3853_PACK,0.0010830016751848571,BIL
BIL_4437_PACK,0.0010830016751848571,BIL
BIL_4371_PACK,0.0010830016751848571,BIL
BIL_4445_PACK,0.0010830016751848571,BIL
BIL_4462_PACK,0.0010776666915632569,BIL
BIL_3866_PACK,0.0010776666915632569,BIL
BIL_4410_PACK,0.0010776666915632569,BIL
BIL_3881_PACK,0.0010776666915632569,BIL
BIL_4258_PACK,0.0010723317079416566,BIL
BIL_4467_PACK,0.0010723317079416566,BIL
BIL_4272_PACK,0.0010723317079416566,BIL
BIL_4468_PACK,0.0010723317079416566,BIL
BIL_4325_PACK,0.0010723317079416566,BIL
BIL_4274_PACK,0.0010669967243200564,BIL
BIL_4412_PACK,0.0010669967243200564,BIL
BIL_4415_PACK,0.0010669967243200564,BIL
BIL_4393_PACK,0.0010669967243200564,BIL
BIL_4216_PACK,0.0010669967243200564,BIL
BIL_4339_PACK,0.0010616617406984561,BIL
BIL_4281_PACK,0.0010616617406984561,BIL
BIL_4403_PACK,0.0010616617406984561,BIL
BIL_4090_PACK,0.0010563267570768559,BIL
BIL_3910_PACK,0.0010563267570768559,BIL
BIL_4321_PACK,0.0010563267570768559,BIL
BIL_4440_PACK,0.0010563267570768559,BIL
BIL_4193_PACK,0.0010509917734552554,BIL
BIL_4358_PACK,0.0010509917734552554,BIL
BIL_4221_PACK,0.0010509917734552554,BIL
BIL_4429_PACK,0.0010509917734552554,BIL
BIL_4149_PACK,0.0010509917734552554,BIL
BIL_4223_PACK,0.0010509917734552554,BIL
BIL_4387_PACK,0.0010456567898336551,BIL
BIL_4214_PACK,0.0010456567898336551,BIL
BIL_3883_PACK,0.0010403218062120549,BIL
BIL_4452_PACK,0.0010403218062120549,BIL
BIL_4127_PACK,0.0010403218062120549,BIL
BIL_4316_PACK,0.0010403218062120549,BIL
BIL_4384_PACK,0.0010403218062120549,BIL
BIL_4408_PACK,0.0010349868225904546,BIL
BIL_4464_PACK,0.0010349868225904546,BIL
BIL_3915_PACK,0.0010349868225904546,BIL
BIL_4439_PACK,0.0010349868225904546,BIL
BIL_4391_PACK,0.0010349868225904546,BIL
BIL_4336_PACK,0.0010296518389688544,BIL
BIL_3856_PACK,0.0010296518389688544,BIL
BIL_3906_PACK,0.0010296518389688544,BIL
BIL_4320_PACK,0.0010296518389688544,BIL
BIL_4386_PACK,0.0010243168553472541,BIL
BIL_3873_PACK,0.0010243168553472541,BIL
BIL_4342_PACK,0.0010243168553472541,BIL
BIL_3967_PACK,0.0010189818717256539,BIL
BIL_4425_PACK,0.0010083119044824531,BIL
BIL_4276_PACK,0.0010083119044824531,BIL
BIL_4460_PACK,0.0010029769208608529,BIL
BIL_4396_PACK,0.0010029769208608529,BIL
BIL_3882_PACK,0.0009976419372392526,BIL
BIL_4347_PACK,0.0009923069536176524,BIL
BIL_4266_PACK,0.0009923069536176524,BIL
BIL_4421_PACK,0.0009869719699960521,BIL
BIL_4360_PACK,0.0009816369863744519,BIL
BIL_4375_PACK,0.0009709670191312513,BIL
BIL_4385_PACK,0.000965632035509651,BIL
BIL_4330_PACK,0.0009602970518880508,BIL
BIL_4243_PACK,0.0009496270846448501,BIL
BIL_4185_PACK,0.0009496270846448501,BIL
