split_seed,exp_id,dEMR_pts,ci_lo,ci_hi,b,c,mcnemar_p,significant
42,andre-champion-ref,-0.18689020200632128,-0.25283784540433124,-0.12846903631300896,7,74,3.167382755726581e-15,yes
42,andre-wd512,0.08519994503229353,-0.1779650280717141,0.30899879897493854,200,161,0.045350445003847994,no
42,andre-nndelta,-6.346021712244057,-14.412315048421823,-1.2450321983898374,228,529,2.0991457980595997e-28,yes
42,andre-blend-wd-nnd-champ,0.4232513398378453,0.13407483211920176,0.7175689549572672,192,68,7.210625957499585e-15,yes
42,andre-blend-rules42,0.4452384224268242,0.1589528155239553,0.7405389031327488,187,55,5.192781109644143e-18,yes
7,andre-champion-ref,-0.1903553299492386,-0.24903362354844874,-0.14072517720104374,1,63,7.047314121155779e-18,yes
7,andre-wd512,0.4864636209813875,0.14998936246684105,0.9312776775995503,208,159,0.012121067453449695,yes
7,andre-nndelta,-1.0726371766980904,-1.8585604838137253,-0.42653230578776635,241,512,2.5512285408879025e-23,yes
7,andre-blend-wd-nnd-champ,0.8007009910563211,0.4719096423704602,1.2308208357042585,198,45,4.436920212898382e-24,yes
7,andre-blend-rules42,0.8248730964467006,0.4884599198603753,1.2607366294726436,197,39,1.3865861944142606e-26,yes
