bil_column,prevalence_train,val_positives_cleanlike,val_f1_cleanlike,top1_shap_driver,top1_share_of_shap,top2_shap_driver,top3_shap_driver,expected_driver,expected_driver_score,top1_is_expected,expected_in_top3,shap_share_on_rare_crm_packs,flipping_column,set_by_additive_rule
BIL_BUSINESS_LINE_ORIG_Mobile,0.998829,33251,0.9998,CRM_1542_PACK,0.065,CRM_1527_PACK,CRM_2078_PACK,CRM_BUSINESS_LINE_ORIG_Mobile,0.9988,False,False,0.0104,False,False
BIL_3737_PACK,0.164011,10284,0.9997,CRM_2079_PACK,0.76,CRM_2088_PACK,CRM_2093_PACK,CRM_2079_PACK,0.9945,True,True,0.0027,False,False
BIL_3739_PACK,0.152255,10302,0.9999,CRM_2091_PACK,0.7495,CRM_2093_PACK,CRM_1529_PACK,CRM_2091_PACK,0.994,True,True,0.0018,False,False
BIL_3740_PACK,0.122819,3727,0.9995,CRM_2089_PACK,0.7814,CRM_2081_PACK,CRM_2093_PACK,CRM_2089_PACK,0.9935,True,True,0.003,False,False
BIL_3741_PACK,0.027094,1261,0.9992,CRM_2100_PACK,0.7291,CRM_2114_PACK,CRM_2141_PACK,CRM_2100_PACK,0.9689,True,True,0.0021,False,False
BIL_3742_PACK,0.122681,10463,0.9995,CRM_2093_PACK,0.7586,CRM_2078_PACK,CRM_2079_PACK,CRM_2093_PACK,0.9918,True,True,0.003,False,False
BIL_3743_PACK,0.022548,1489,0.999,CRM_2114_PACK,0.6988,CRM_2090_PACK,CRM_1529_PACK,CRM_2114_PACK,0.9667,True,True,0.0022,False,False
BIL_3744_PACK,0.226465,13398,0.9998,CRM_2088_PACK,0.5325,CRM_1533_PACK,CRM_2087_PACK,CRM_2088_PACK,0.9964,True,True,0.0019,False,True
BIL_3745_PACK,0.23744,14549,0.9997,CRM_2087_PACK,0.5196,CRM_2088_PACK,CRM_1542_PACK,CRM_2087_PACK,0.9962,True,True,0.0027,False,False
BIL_3746_PACK,0.115356,9543,0.9996,CRM_2078_PACK,0.7393,CRM_2093_PACK,CRM_2079_PACK,CRM_2078_PACK,0.9934,True,True,0.0028,False,False
BIL_3748_PACK,0.707706,24360,0.9995,CRM_1537_PACK,0.5129,CRM_1538_PACK,CRM_SUBSCRIBER_STATUS_ORIG_Active,CRM_1537_PACK,0.9988,True,True,0.0025,False,False
BIL_3749_PACK,0.23891,16394,0.9998,CRM_2076_PACK,0.6601,CRM_2087_PACK,CRM_2088_PACK,CRM_2076_PACK,0.9962,True,True,0.0026,False,True
BIL_3750_PACK,0.234616,15952,0.9996,CRM_2077_PACK,0.5368,CRM_1542_PACK,CRM_2087_PACK,CRM_2077_PACK,0.9957,True,True,0.0024,False,False
BIL_3751_PACK,0.049504,3438,0.9987,CRM_2092_PACK,0.8115,CRM_2076_PACK,CRM_2077_PACK,CRM_2092_PACK,0.9893,True,True,0.0017,False,False
BIL_3752_PACK,0.016233,362,0.9931,CRM_2130_PACK,0.7512,CRM_2088_PACK,CRM_1527_PACK,CRM_2130_PACK,0.9579,True,True,0.0023,False,False
BIL_3753_PACK,0.006819,224,0.991,CRM_2121_PACK,0.5488,CRM_2128_PACK,CRM_2085_PACK,CRM_2121_PACK,0.8822,True,True,0.0028,False,False
BIL_3754_PACK,0.037082,2840,0.9989,CRM_2104_PACK,0.8294,CRM_2091_PACK,CRM_1547_PACK,CRM_2104_PACK,0.9802,True,True,0.0019,False,False
BIL_3755_PACK,0.007715,292,0.9863,CRM_2109_PACK,0.5874,CRM_2107_PACK,CRM_2087_PACK,CRM_2109_PACK,0.9196,True,True,0.0028,False,False
BIL_3756_PACK,0.004523,144,0.9895,CRM_2138_PACK,0.6469,CRM_2078_PACK,CRM_2087_PACK,CRM_2138_PACK,0.8477,True,True,0.0053,False,False
BIL_3757_PACK,0.012766,555,0.9946,CRM_2123_PACK,0.8178,CRM_SUBSCRIBER_STATUS_ORIG_Barring,CRM_2092_PACK,CRM_2123_PACK,0.939,True,True,0.0034,False,False
BIL_3758_PACK,0.049137,4987,0.999,CRM_2080_PACK,0.7577,CRM_2088_PACK,CRM_1529_PACK,CRM_2080_PACK,0.9828,True,True,0.0022,False,False
BIL_3760_PACK,0.076736,2730,0.9991,CRM_2081_PACK,0.8107,CRM_2077_PACK,CRM_2089_PACK,CRM_2081_PACK,0.9919,True,True,0.0027,False,False
BIL_3761_PACK,0.019287,1689,0.9985,CRM_2095_PACK,0.7607,CRM_2077_PACK,CRM_1538_PACK,CRM_2095_PACK,0.9607,True,True,0.0027,False,False
BIL_3762_PACK,0.239025,12354,0.9995,CRM_1553_PACK,0.7811,CRM_1536_PACK,CRM_1539_PACK,CRM_1553_PACK,0.9931,True,True,0.0014,False,False
BIL_3763_PACK,0.016624,347,0.9884,CRM_2101_PACK,0.7864,CRM_1527_PACK,CRM_1538_PACK,CRM_2101_PACK,0.9586,True,True,0.0022,False,False
BIL_3764_PACK,0.037748,2498,0.9986,CRM_2090_PACK,0.7545,CRM_2114_PACK,CRM_2100_PACK,CRM_2090_PACK,0.9818,True,True,0.0025,False,False
BIL_3765_PACK,0.03784,1473,0.9997,CRM_2085_PACK,0.7467,CRM_1529_PACK,CRM_2090_PACK,CRM_2085_PACK,0.9782,True,True,0.0022,False,False
BIL_3766_PACK,0.018461,504,0.994,CRM_2106_PACK,0.7052,CRM_2099_PACK,CRM_2091_PACK,CRM_2106_PACK,0.9639,True,True,0.0031,False,False
BIL_3767_PACK,0.015728,587,0.9949,CRM_2134_PACK,0.7908,CRM_2077_PACK,CRM_2104_PACK,CRM_2134_PACK,0.9591,True,True,0.0035,False,False
BIL_3769_PACK,0.005878,187,0.9892,CRM_2107_PACK,0.6688,CRM_2109_PACK,CRM_2079_PACK,CRM_2107_PACK,0.8694,True,True,0.0022,False,False
BIL_3770_PACK,0.013547,662,0.9962,CRM_2084_PACK,0.6231,CRM_2086_PACK,CRM_2090_PACK,CRM_2084_PACK,0.9334,True,True,0.0119,False,False
BIL_3771_PACK,0.266279,4478,0.9993,CRM_1575_PACK,0.8636,CRM_1530_PACK,CRM_1529_PACK,CRM_1575_PACK,0.9972,True,True,0.0042,False,False
BIL_3772_PACK,0.00845,173,0.9769,CRM_2126_PACK,0.7476,CRM_1537_PACK,CRM_SUBSCRIBER_STATUS_ORIG_Suspend,CRM_2126_PACK,0.9266,True,True,0.0031,False,False
BIL_3773_PACK,0.001952,347,0.9869,CRM_2117_PACK,0.6135,CRM_1553_PACK,CRM_2088_PACK,CRM_2117_PACK,0.6932,True,True,0.0035,False,False
BIL_3774_PACK,0.011963,630,0.9968,CRM_2086_PACK,0.6765,CRM_2084_PACK,CRM_2076_PACK,CRM_2086_PACK,0.9328,True,True,0.002,False,False
BIL_3775_PACK,0.044958,1481,0.998,CRM_2082_PACK,0.8074,CRM_2114_PACK,CRM_2091_PACK,CRM_2082_PACK,0.9832,True,True,0.0035,False,False
BIL_3776_PACK,0.013937,227,0.9845,CRM_2146_PACK,0.7303,CRM_2088_PACK,CRM_2089_PACK,CRM_2146_PACK,0.9572,True,True,0.0022,False,False
BIL_3777_PACK,0.003215,94,0.9674,CRM_2103_PACK,0.6511,CRM_2155_PACK,CRM_2093_PACK,CRM_2103_PACK,0.8069,True,True,0.0036,False,False
BIL_3778_PACK,0.004317,122,0.9587,CRM_2128_PACK,0.6252,CRM_2090_PACK,CRM_2121_PACK,CRM_2128_PACK,0.8131,True,True,0.0018,False,False
BIL_3780_PACK,0.000689,8,0.3636,CRM_2105_PACK,0.2721,CRM_2076_PACK,CRM_2091_PACK,CRM_2105_PACK,0.2333,True,True,0.2771,True,False
BIL_3781_PACK,0.005189,74,0.9722,CRM_2161_PACK,0.6412,CRM_2088_PACK,CRM_2113_PACK,CRM_2161_PACK,0.8717,True,True,0.0056,False,False
BIL_3782_PACK,0.002526,1810,0.9992,CRM_2132_PACK,0.6006,CRM_2143_PACK,CRM_SUBSCRIBER_TYPE_ORIG_Postpaid,CRM_2132_PACK,0.7636,True,True,0.0022,False,False
BIL_3784_PACK,0.004431,442,0.9966,CRM_2116_PACK,0.6701,CRM_2085_PACK,CRM_1541_PACK,CRM_2116_PACK,0.8187,True,True,0.0026,False,False
BIL_3785_PACK,0.015912,460,0.9912,CRM_2102_PACK,0.7736,CRM_1527_PACK,CRM_2092_PACK,CRM_2102_PACK,0.9457,True,True,0.0026,False,False
BIL_3786_PACK,0.006475,483,0.9958,CRM_2094_PACK,0.6616,CRM_2111_PACK,CRM_1533_PACK,CRM_2094_PACK,0.9113,True,True,0.0025,False,False
BIL_3787_PACK,0.010447,533,0.9934,CRM_2111_PACK,0.6527,CRM_2094_PACK,CRM_2093_PACK,CRM_2111_PACK,0.9165,True,True,0.0018,False,False
BIL_3788_PACK,0.004569,275,0.9945,CRM_2153_PACK,0.6498,CRM_2093_PACK,CRM_SUBSCRIBER_TYPE_ORIG_Postpaid,CRM_2153_PACK,0.8442,True,True,0.0025,False,False
BIL_3789_PACK,0.00411,138,0.974,CRM_2137_PACK,0.6516,CRM_1533_PACK,CRM_2088_PACK,CRM_2137_PACK,0.8238,True,True,0.0027,False,False
BIL_3791_PACK,0.004294,100,0.9746,CRM_2155_PACK,0.563,CRM_2103_PACK,CRM_2093_PACK,CRM_2155_PACK,0.8272,True,True,0.0039,False,False
BIL_3792_PACK,0.001309,7,0.7273,CRM_2129_PACK,0.4389,CRM_1542_PACK,CRM_2087_PACK,CRM_2129_PACK,0.5263,True,True,0.4411,False,False
BIL_3794_PACK,0.01582,284,0.993,CRM_2113_PACK,0.7645,CRM_1529_PACK,CRM_1594_PACK,CRM_2113_PACK,0.9492,True,True,0.0021,False,False
BIL_3796_PACK,0.013226,231,0.9913,CRM_2099_PACK,0.6975,CRM_2106_PACK,CRM_2077_PACK,CRM_2099_PACK,0.9427,True,True,0.0027,False,False
BIL_3797_PACK,0.006475,1446,0.9983,CRM_2112_PACK,0.7436,CRM_1529_PACK,CRM_2132_PACK,CRM_2112_PACK,0.8652,True,True,0.0037,False,False
BIL_3798_PACK,0.003605,62,0.9667,CRM_2142_PACK,0.671,CRM_2078_PACK,CRM_1541_PACK,CRM_2142_PACK,0.7917,True,True,0.0017,False,False
BIL_3799_PACK,0.007439,138,0.9778,CRM_2135_PACK,0.7212,CRM_2093_PACK,CRM_2091_PACK,CRM_2135_PACK,0.9015,True,True,0.0057,False,False
BIL_3801_PACK,0.002135,1805,0.9986,CRM_2132_PACK,0.4583,CRM_2143_PACK,CRM_2148_PACK,CRM_2148_PACK,0.6421,False,True,0.0015,False,False
BIL_3802_PACK,0.000964,5,0.0,CRM_1528_PACK,0.088,CRM_1594_PACK,CRM_1536_PACK,CRM_2181_PACK,0.0476,False,False,0.0567,True,False
BIL_3803_PACK,0.003215,31,0.1143,CRM_2093_PACK,0.1427,CRM_2106_PACK,CRM_1533_PACK,CRM_2205_PACK,0.1214,False,False,0.0725,True,False
BIL_3804_PACK,0.008564,125,0.9587,CRM_2154_PACK,0.7115,CRM_1533_PACK,CRM_1542_PACK,CRM_2154_PACK,0.8954,True,True,0.0044,False,False
BIL_3805_PACK,0.008955,120,0.9617,CRM_2139_PACK,0.7118,CRM_1529_PACK,CRM_1527_PACK,CRM_2139_PACK,0.9,True,True,0.004,False,False
BIL_3815_PACK,0.00845,164,0.9573,CRM_2118_PACK,0.7032,CRM_1533_PACK,CRM_1532_PACK,CRM_2118_PACK,0.894,True,True,0.0037,False,True
BIL_3817_PACK,0.004707,43,0.9398,CRM_2149_PACK,0.6801,CRM_1541_PACK,CRM_1529_PACK,CRM_2149_PACK,0.8049,True,True,0.007,False,False
BIL_3820_PACK,0.003812,72,0.9459,CRM_2147_PACK,0.7171,CRM_2080_PACK,CRM_1542_PACK,CRM_2147_PACK,0.8193,True,True,0.0025,False,True
BIL_3821_PACK,0.0076,323,0.9891,CRM_2083_PACK,0.7087,CRM_2077_PACK,CRM_1533_PACK,CRM_2083_PACK,0.9036,True,True,0.0047,False,False
BIL_3822_PACK,0.006222,119,0.9787,CRM_2097_PACK,0.6744,CRM_2086_PACK,CRM_2081_PACK,CRM_2097_PACK,0.8741,True,True,0.0244,False,False
BIL_3824_PACK,0.012215,484,0.9886,CRM_2141_PACK,0.7329,CRM_2100_PACK,CRM_1586_PACK,CRM_2141_PACK,0.9381,True,True,0.0037,False,True
BIL_3829_PACK,0.003789,40,0.9231,CRM_2110_PACK,0.6105,CRM_1532_PACK,CRM_1529_PACK,CRM_2110_PACK,0.8303,True,True,0.005,False,False
BIL_3831_PACK,0.015751,213,0.981,CRM_2140_PACK,0.7558,CRM_2088_PACK,CRM_2089_PACK,CRM_2140_PACK,0.9548,True,True,0.0027,False,False
BIL_3833_PACK,0.005602,82,0.9341,CRM_2127_PACK,0.6811,CRM_2077_PACK,CRM_SUBSCRIBER_TYPE_ORIG_Postpaid,CRM_2127_PACK,0.8975,True,True,0.0051,False,True
BIL_3839_PACK,0.008266,1889,0.9976,CRM_2143_PACK,0.6469,CRM_2132_PACK,CRM_2112_PACK,CRM_2143_PACK,0.8861,True,True,0.0023,False,False
BIL_3841_PACK,0.008427,100,0.9746,CRM_2115_PACK,0.7299,CRM_1527_PACK,CRM_2092_PACK,CRM_2115_PACK,0.9208,True,True,0.0031,False,False
BIL_3884_PACK,0.051731,781,0.9962,CRM_1625_PACK,0.8425,CRM_1519_PACK,CRM_1537_PACK,CRM_1625_PACK,0.9876,True,True,0.0016,False,False
BIL_3920_PACK,0.061582,1298,0.9981,CRM_1589_PACK,0.8183,CRM_1543_PACK,CRM_1606_PACK,CRM_1589_PACK,0.9877,True,True,0.0017,False,False
BIL_3921_PACK,0.750804,16721,0.9997,CRM_1529_PACK,0.3159,CRM_1542_PACK,CRM_1533_PACK,CRM_1529_PACK,0.999,True,True,0.005,False,False
BIL_3922_PACK,0.73457,16550,0.9997,CRM_1532_PACK,0.4911,CRM_SUBSCRIBER_STATUS_ORIG_Active,CRM_1536_PACK,CRM_1532_PACK,0.9988,True,True,0.0071,False,False
BIL_3923_PACK,0.02016,457,0.9956,CRM_1641_PACK,0.7645,CRM_1625_PACK,CRM_1538_PACK,CRM_1641_PACK,0.9636,True,True,0.0028,False,False
BIL_3924_PACK,0.004638,63,0.976,CRM_1627_PACK,0.5636,CRM_1642_PACK,CRM_1560_PACK,CRM_1627_PACK,0.8592,True,True,0.0019,False,False
BIL_3925_PACK,0.016739,232,0.9786,CRM_1678_PACK,0.8256,CRM_1536_PACK,CRM_1519_PACK,CRM_1678_PACK,0.952,True,True,0.0022,False,True
BIL_3926_PACK,0.077746,2108,0.9993,CRM_1582_PACK,0.8663,CRM_1556_PACK,CRM_1539_PACK,CRM_1582_PACK,0.9894,True,True,0.0016,False,False
BIL_3927_PACK,0.746694,16703,0.9997,CRM_1541_PACK,0.4152,CRM_1542_PACK,CRM_1533_PACK,CRM_1541_PACK,0.999,True,True,0.0054,False,True
BIL_3928_PACK,0.105736,1930,0.9984,CRM_1564_PACK,0.8279,CRM_1528_PACK,CRM_1558_PACK,CRM_1564_PACK,0.9926,True,True,0.0035,False,False
BIL_3929_PACK,0.439612,10142,0.9995,CRM_1527_PACK,0.8256,CRM_1556_PACK,CRM_1583_PACK,CRM_1527_PACK,0.9981,True,True,0.0025,False,False
BIL_3930_PACK,0.029643,365,0.9973,CRM_1664_PACK,0.8512,CRM_1557_PACK,CRM_1555_PACK,CRM_1664_PACK,0.9799,True,True,0.0024,False,False
BIL_3931_PACK,0.065577,912,0.9967,CRM_1554_PACK,0.793,CRM_1527_PACK,CRM_1555_PACK,CRM_1554_PACK,0.9895,True,True,0.0028,False,False
BIL_3932_PACK,0.019884,457,0.9945,CRM_1559_PACK,0.7517,CRM_1524_PACK,CRM_1545_PACK,CRM_1559_PACK,0.9656,True,True,0.0033,False,False
BIL_3933_PACK,0.751102,16760,0.9997,CRM_1542_PACK,0.2367,CRM_1533_PACK,CRM_1553_PACK,CRM_1542_PACK,0.999,True,True,0.0042,False,False
BIL_3934_PACK,0.751102,16757,0.9997,CRM_1542_PACK,0.1815,CRM_1533_PACK,CRM_1541_PACK,CRM_1542_PACK,0.9991,True,True,0.0028,False,False
BIL_3935_PACK,0.535245,12412,0.9996,CRM_1538_PACK,0.6242,CRM_1537_PACK,CRM_2077_PACK,CRM_1538_PACK,0.9987,True,True,0.0015,False,False
BIL_3936_PACK,0.001561,34,0.9032,CRM_1666_PACK,0.3823,CRM_1644_PACK,CRM_1564_PACK,CRM_1666_PACK,0.4412,True,True,0.018,False,False
BIL_3939_PACK,0.009804,175,0.9856,CRM_1568_PACK,0.7254,CRM_1647_PACK,CRM_1537_PACK,CRM_1568_PACK,0.9326,True,True,0.0019,False,False
BIL_3940_PACK,0.007508,120,0.8,CRM_1568_PACK,0.2737,CRM_1569_PACK,CRM_1587_PACK,CRM_1569_PACK,0.4373,False,True,0.0043,True,False
BIL_3941_PACK,0.004845,60,0.9573,CRM_1647_PACK,0.5822,CRM_1568_PACK,CRM_1524_PACK,CRM_1647_PACK,0.8558,True,True,0.0019,False,False
BIL_3942_PACK,0.152553,4117,0.9998,CRM_1606_PACK,0.8776,CRM_1553_PACK,CRM_1575_PACK,CRM_1606_PACK,0.9955,True,True,0.0023,False,False
BIL_3943_PACK,0.110397,1315,0.9981,CRM_1547_PACK,0.8965,CRM_1553_PACK,CRM_1586_PACK,CRM_1547_PACK,0.9944,True,True,0.0033,False,False
BIL_3944_PACK,0.114736,2143,0.9988,CRM_1528_PACK,0.7075,CRM_1536_PACK,CRM_1538_PACK,CRM_1528_PACK,0.9922,True,True,0.0029,False,False
BIL_3948_PACK,0.023765,621,0.996,CRM_1566_PACK,0.834,CRM_1565_PACK,CRM_1527_PACK,CRM_1566_PACK,0.9681,True,True,0.0017,False,False
BIL_3949_PACK,0.012491,241,0.981,CRM_1565_PACK,0.7549,CRM_1566_PACK,CRM_SUBSCRIBER_STATUS_ORIG_Active,CRM_1565_PACK,0.9376,True,True,0.0026,False,False
BIL_3950_PACK,0.015866,378,0.996,CRM_1591_PACK,0.8085,CRM_1524_PACK,CRM_1592_PACK,CRM_1591_PACK,0.9486,True,True,0.0023,False,False
BIL_3952_PACK,0.02776,598,0.9832,CRM_1598_PACK,0.7515,CRM_1553_PACK,CRM_1644_PACK,CRM_1598_PACK,0.9206,True,True,0.0024,False,False
BIL_3953_PACK,0.061627,1827,0.9984,CRM_1570_PACK,0.8756,CRM_1583_PACK,CRM_1540_PACK,CRM_1570_PACK,0.987,True,True,0.002,False,False
BIL_3954_PACK,0.032237,758,0.9993,CRM_1545_PACK,0.7664,CRM_1530_PACK,CRM_1559_PACK,CRM_1545_PACK,0.9736,True,True,0.0019,False,False
BIL_3955_PACK,0.082706,1735,0.9988,CRM_1524_PACK,0.6096,CRM_1530_PACK,CRM_1545_PACK,CRM_1524_PACK,0.9917,True,True,0.0022,False,False
BIL_3956_PACK,0.078205,1711,0.9991,CRM_1530_PACK,0.7046,CRM_1524_PACK,CRM_1553_PACK,CRM_1530_PACK,0.9903,True,True,0.0025,False,False
BIL_3957_PACK,0.083349,1554,0.9984,CRM_1540_PACK,0.5216,CRM_1549_PACK,CRM_1563_PACK,CRM_1540_PACK,0.9901,True,True,0.0014,False,False
BIL_3958_PACK,0.007508,242,0.9854,CRM_1534_PACK,0.7697,CRM_1536_PACK,CRM_SUBSCRIBER_STATUS_ORIG_Block_1_Way,CRM_1534_PACK,0.9144,True,True,0.0031,False,False
BIL_3959_PACK,0.02962,545,0.9935,CRM_1654_PACK,0.7829,CRM_1595_PACK,CRM_1537_PACK,CRM_1654_PACK,0.9783,True,True,0.0028,False,False
BIL_3960_PACK,0.10957,2310,0.998,CRM_1596_PACK,0.848,CRM_1594_PACK,CRM_1583_PACK,CRM_1596_PACK,0.9937,True,True,0.0019,False,False
BIL_3961_PACK,0.062913,1221,0.9959,CRM_1595_PACK,0.7878,CRM_1528_PACK,CRM_1564_PACK,CRM_1595_PACK,0.9883,True,True,0.0032,False,False
BIL_3962_PACK,0.139259,3497,0.9994,CRM_1556_PACK,0.8354,CRM_1538_PACK,CRM_1537_PACK,CRM_1556_PACK,0.9951,True,True,0.0014,False,False
BIL_3963_PACK,0.025464,311,0.9903,CRM_1683_PACK,0.8459,CRM_SUBSCRIBER_STATUS_ORIG_Active,CRM_1575_PACK,CRM_1683_PACK,0.9711,True,True,0.0035,False,False
BIL_3964_PACK,0.14842,3755,0.9988,CRM_1586_PACK,0.86,CRM_1583_PACK,CRM_1555_PACK,CRM_1586_PACK,0.9941,True,True,0.0021,False,False
BIL_3965_PACK,0.207958,4681,0.9994,CRM_1555_PACK,0.8516,CRM_1527_PACK,CRM_1586_PACK,CRM_1555_PACK,0.9961,True,True,0.0012,False,False
BIL_3966_PACK,0.00907,105,0.9806,CRM_1670_PACK,0.5628,CRM_1668_PACK,CRM_1669_PACK,CRM_1670_PACK,0.9063,True,True,0.0051,False,False
BIL_3968_PACK,0.015131,164,0.9787,CRM_1623_PACK,0.8316,CRM_1527_PACK,CRM_1555_PACK,CRM_1623_PACK,0.9545,True,True,0.0036,False,False
BIL_3969_PACK,0.00434,111,0.9909,CRM_1576_PACK,0.6344,CRM_1641_PACK,CRM_1613_PACK,CRM_1576_PACK,0.8377,True,True,0.0018,False,False
BIL_3971_PACK,0.029436,650,0.9977,CRM_1543_PACK,0.8111,CRM_1589_PACK,CRM_1606_PACK,CRM_1543_PACK,0.9645,True,True,0.0024,False,False
BIL_3972_PACK,0.004891,59,0.9828,CRM_1682_PACK,0.7666,CRM_2079_PACK,CRM_1529_PACK,CRM_1682_PACK,0.8545,True,True,0.0033,False,False
BIL_3973_PACK,0.00388,90,0.9831,CRM_1631_PACK,0.4914,CRM_1613_PACK,CRM_1596_PACK,CRM_1631_PACK,0.8118,True,True,0.0027,False,False
BIL_3974_PACK,0.00496,57,0.9649,CRM_1709_PACK,0.791,CRM_1529_PACK,CRM_2091_PACK,CRM_1709_PACK,0.8657,True,True,0.0055,False,False
BIL_3975_PACK,0.050009,817,0.9976,CRM_1588_PACK,0.8779,CRM_1527_PACK,CRM_2085_PACK,CRM_1588_PACK,0.9816,True,True,0.0029,False,False
BIL_3977_PACK,0.012491,285,0.9858,CRM_1613_PACK,0.6594,CRM_1675_PACK,CRM_1641_PACK,CRM_1613_PACK,0.9522,True,True,0.0025,False,False
BIL_3979_PACK,0.011802,188,0.9893,CRM_1560_PACK,0.7267,CRM_1561_PACK,CRM_1577_PACK,CRM_1560_PACK,0.9358,True,True,0.0031,False,False
BIL_3980_PACK,0.011756,110,0.9722,CRM_1708_PACK,0.8033,CRM_1594_PACK,CRM_1575_PACK,CRM_1708_PACK,0.9358,True,True,0.0035,False,False
BIL_3981_PACK,0.050882,622,0.9968,CRM_1525_PACK,0.8484,CRM_1527_PACK,CRM_1575_PACK,CRM_1525_PACK,0.9842,True,True,0.0028,False,False
BIL_3983_PACK,0.01605,435,0.9965,CRM_1577_PACK,0.8049,CRM_1613_PACK,CRM_1522_PACK,CRM_1577_PACK,0.9585,True,True,0.0015,False,False
BIL_3985_PACK,0.008473,176,0.9914,CRM_1675_PACK,0.681,CRM_1641_PACK,CRM_1613_PACK,CRM_1675_PACK,0.9167,True,True,0.0024,False,False
BIL_3988_PACK,0.042983,705,0.9922,CRM_1585_PACK,0.7875,CRM_1558_PACK,CRM_1536_PACK,CRM_1585_PACK,0.9799,True,True,0.0043,False,False
BIL_3989_PACK,0.05405,938,0.9979,CRM_1603_PACK,0.8735,CRM_1593_PACK,CRM_SUBSCRIBER_STATUS_ORIG_Block_1_Way,CRM_1603_PACK,0.9827,True,True,0.0026,False,False
BIL_3992_PACK,0.006705,80,0.9481,CRM_1680_PACK,0.7478,CRM_1553_PACK,CRM_1556_PACK,CRM_1680_PACK,0.8459,True,True,0.0032,False,False
BIL_3994_PACK,0.00473,69,0.9474,CRM_1642_PACK,0.7058,CRM_1560_PACK,CRM_1627_PACK,CRM_1642_PACK,0.8544,True,True,0.0027,False,False
BIL_3995_PACK,0.009047,130,0.9883,CRM_1638_PACK,0.7566,CRM_1595_PACK,CRM_SUBSCRIBER_TYPE_ORIG_Postpaid,CRM_1638_PACK,0.9266,True,True,0.0018,False,False
BIL_3996_PACK,0.074141,1449,0.9976,CRM_1549_PACK,0.5371,CRM_1563_PACK,CRM_1540_PACK,CRM_1549_PACK,0.9913,True,True,0.0019,False,False
BIL_3997_PACK,0.070973,1416,0.9972,CRM_1563_PACK,0.6789,CRM_1549_PACK,CRM_1540_PACK,CRM_1563_PACK,0.9825,True,True,0.0013,False,False
BIL_3998_PACK,0.054234,686,0.9949,CRM_1578_PACK,0.8892,CRM_1527_PACK,CRM_1553_PACK,CRM_1578_PACK,0.989,True,True,0.0025,False,False
BIL_4001_PACK,0.00907,235,0.9871,CRM_1519_PACK,0.508,CRM_1689_PACK,CRM_1625_PACK,CRM_1519_PACK,0.9032,True,True,0.003,False,False
BIL_4004_PACK,0.048356,558,0.991,CRM_1608_PACK,0.8598,CRM_1527_PACK,CRM_1525_PACK,CRM_1608_PACK,0.9811,True,True,0.0026,False,False
BIL_4005_PACK,0.011733,188,0.9756,CRM_1635_PACK,0.7751,CRM_1654_PACK,CRM_SUBSCRIBER_TYPE_ORIG_Postpaid,CRM_1635_PACK,0.9393,True,True,0.0016,False,False
BIL_4006_PACK,0.014006,189,0.9839,CRM_1646_PACK,0.8132,CRM_1538_PACK,CRM_1527_PACK,CRM_1646_PACK,0.9546,True,True,0.0035,False,False
BIL_4009_PACK,0.006751,68,0.9489,CRM_1626_PACK,0.7415,CRM_1527_PACK,CRM_1529_PACK,CRM_1626_PACK,0.887,True,True,0.0022,False,False
BIL_4012_PACK,0.024821,365,0.9862,CRM_1584_PACK,0.8489,CRM_1606_PACK,CRM_1540_PACK,CRM_1584_PACK,0.9722,True,True,0.002,False,False
BIL_4013_PACK,0.007279,78,0.9605,CRM_1612_PACK,0.7473,CRM_1555_PACK,CRM_SUBSCRIBER_STATUS_ORIG_Active,CRM_1612_PACK,0.9034,True,True,0.008,False,False
BIL_4014_PACK,0.007279,70,0.9552,CRM_1704_PACK,0.7722,CRM_1575_PACK,CRM_1529_PACK,CRM_1704_PACK,0.9128,True,True,0.0048,False,False
BIL_4015_PACK,0.013593,190,0.9817,CRM_1640_PACK,0.7911,CRM_2077_PACK,CRM_1536_PACK,CRM_1640_PACK,0.9481,True,True,0.003,False,True
BIL_4016_PACK,0.014465,188,0.992,CRM_1662_PACK,0.8378,CRM_1555_PACK,CRM_1586_PACK,CRM_1662_PACK,0.954,True,True,0.0031,False,False
BIL_4019_PACK,0.047575,974,0.9949,CRM_1558_PACK,0.8122,CRM_1595_PACK,CRM_1585_PACK,CRM_1558_PACK,0.9831,True,True,0.0036,False,False
BIL_4020_PACK,0.005373,37,0.9118,CRM_1617_PACK,0.5198,CRM_1542_PACK,CRM_1575_PACK,CRM_1617_PACK,0.8419,True,True,0.0059,False,False
BIL_4021_PACK,0.01853,236,0.9915,CRM_1602_PACK,0.8058,CRM_1606_PACK,CRM_1582_PACK,CRM_1602_PACK,0.9715,True,True,0.0019,False,False
BIL_4024_PACK,0.005373,212,0.9929,CRM_1644_PACK,0.6684,CRM_1537_PACK,CRM_1564_PACK,CRM_1644_PACK,0.8703,True,True,0.0021,False,False
BIL_4025_PACK,0.070353,961,0.9984,CRM_1557_PACK,0.8769,CRM_1575_PACK,CRM_1532_PACK,CRM_1557_PACK,0.9902,True,True,0.0032,False,False
BIL_4032_PACK,0.006131,126,0.9756,CRM_1550_PACK,0.6641,CRM_1546_PACK,CRM_1548_PACK,CRM_1550_PACK,0.8996,True,True,0.0032,False,False
BIL_4036_PACK,0.147502,4538,0.9993,CRM_1594_PACK,0.8777,CRM_1553_PACK,CRM_1542_PACK,CRM_1594_PACK,0.9944,True,True,0.0018,False,False
BIL_4037_PACK,0.007669,93,0.9497,CRM_1705_PACK,0.5792,CRM_1645_PACK,CRM_1551_PACK,CRM_1551_PACK,0.8952,False,True,0.0055,False,False
BIL_4038_PACK,0.007554,86,0.9884,CRM_1705_PACK,0.5549,CRM_1615_PACK,CRM_1551_PACK,CRM_1615_PACK,0.9088,False,True,0.0046,False,False
BIL_4039_PACK,0.009896,96,0.9843,CRM_1690_PACK,0.8199,CRM_1537_PACK,CRM_1527_PACK,CRM_1690_PACK,0.9165,True,True,0.0038,False,False
BIL_4040_PACK,0.016027,218,0.9907,CRM_1630_PACK,0.7692,CRM_1567_PACK,CRM_1536_PACK,CRM_1630_PACK,0.9489,True,True,0.0022,False,False
BIL_4041_PACK,0.007784,115,0.9554,CRM_1567_PACK,0.7841,CRM_1630_PACK,CRM_1583_PACK,CRM_1567_PACK,0.9056,True,True,0.0021,False,False
BIL_4042_PACK,0.0076,211,0.9928,CRM_1592_PACK,0.7756,CRM_1591_PACK,CRM_1524_PACK,CRM_1592_PACK,0.9187,True,True,0.0016,False,False
BIL_4043_PACK,0.003834,50,0.92,CRM_1692_PACK,0.7623,CRM_1529_PACK,CRM_1575_PACK,CRM_1692_PACK,0.8204,True,True,0.0046,False,False
BIL_4044_PACK,0.02264,526,0.9952,CRM_1522_PACK,0.3041,CRM_1521_PACK,CRM_1523_PACK,CRM_1522_PACK,0.9706,True,True,0.002,False,False
BIL_4045_PACK,0.022594,527,0.9924,CRM_1526_PACK,0.2991,CRM_1522_PACK,CRM_1523_PACK,CRM_1522_PACK,0.9746,False,True,0.0014,False,False
BIL_4046_PACK,0.022708,523,0.9971,CRM_1522_PACK,0.4186,CRM_1523_PACK,CRM_1521_PACK,CRM_1522_PACK,0.9646,True,True,0.0014,False,False
BIL_4047_PACK,0.022731,525,0.9962,CRM_1522_PACK,0.3089,CRM_1523_PACK,CRM_1521_PACK,CRM_1521_PACK,0.9697,False,True,0.0013,False,False
BIL_4048_PACK,0.027967,350,0.9914,CRM_1619_PACK,0.861,CRM_1537_PACK,CRM_1553_PACK,CRM_1619_PACK,0.9737,True,True,0.0035,False,False
BIL_4050_PACK,0.008978,104,0.9804,CRM_1669_PACK,0.6712,CRM_1670_PACK,CRM_1668_PACK,CRM_1669_PACK,0.9028,True,True,0.0022,False,False
BIL_4051_PACK,0.008679,109,0.9569,CRM_1669_PACK,0.5848,CRM_1668_PACK,CRM_1670_PACK,CRM_1669_PACK,0.9288,True,True,0.0023,False,False
BIL_4052_PACK,0.011297,115,0.9732,CRM_1639_PACK,0.8048,CRM_1527_PACK,CRM_1583_PACK,CRM_1639_PACK,0.9411,True,True,0.0031,False,False
BIL_4054_PACK,0.006222,124,0.9836,CRM_1550_PACK,0.643,CRM_1546_PACK,CRM_1548_PACK,CRM_1546_PACK,0.8893,False,True,0.0032,False,False
BIL_4055_PACK,0.007922,153,0.9835,CRM_1548_PACK,0.549,CRM_1550_PACK,CRM_1546_PACK,CRM_1548_PACK,0.9003,True,True,0.0084,False,False
BIL_4056_PACK,0.007485,105,0.95,CRM_1658_PACK,0.7404,CRM_1595_PACK,CRM_SUBSCRIBER_TYPE_ORIG_Postpaid,CRM_1658_PACK,0.8886,True,True,0.002,False,False
BIL_4060_PACK,0.007577,91,0.9605,CRM_1705_PACK,0.7166,CRM_1645_PACK,CRM_1615_PACK,CRM_1705_PACK,0.9091,True,True,0.0032,False,False
BIL_4061_PACK,0.007348,87,0.9827,CRM_1705_PACK,0.5957,CRM_1615_PACK,CRM_1551_PACK,CRM_1705_PACK,0.9228,True,True,0.0022,False,False
BIL_4062_PACK,0.007715,89,0.9714,CRM_1705_PACK,0.5063,CRM_1551_PACK,CRM_1645_PACK,CRM_1551_PACK,0.8929,False,True,0.0022,False,False
BIL_4063_PACK,0.00845,91,0.9565,CRM_1581_PACK,0.7524,CRM_1609_PACK,CRM_1538_PACK,CRM_1581_PACK,0.9324,True,True,0.0032,False,True
BIL_4064_PACK,0.028587,440,0.9966,CRM_1616_PACK,0.8681,CRM_1556_PACK,CRM_1553_PACK,CRM_1616_PACK,0.9631,True,True,0.0025,False,False
BIL_4065_PACK,0.014351,154,0.9935,CRM_1599_PACK,0.7545,CRM_1601_PACK,CRM_1653_PACK,CRM_1599_PACK,0.9392,True,True,0.0033,False,False
BIL_4066_PACK,0.014259,158,0.9806,CRM_1599_PACK,0.6954,CRM_1601_PACK,CRM_SUBSCRIBER_STATUS_ORIG_Active,CRM_1599_PACK,0.9452,True,True,0.0016,False,False
BIL_4067_PACK,0.020619,273,0.9853,CRM_1609_PACK,0.754,CRM_1581_PACK,CRM_1606_PACK,CRM_1609_PACK,0.9668,True,True,0.0027,False,False
BIL_4068_PACK,0.008817,101,0.995,CRM_1669_PACK,0.5684,CRM_1668_PACK,CRM_1671_PACK,CRM_1668_PACK,0.9167,False,True,0.0017,False,False
BIL_4071_PACK,0.004064,33,0.918,CRM_1562_PACK,0.6511,CRM_1710_PACK,CRM_1538_PACK,CRM_1562_PACK,0.8132,True,True,0.002,False,False
BIL_4072_PACK,0.006452,72,0.9577,CRM_1702_PACK,0.7672,CRM_1556_PACK,CRM_1533_PACK,CRM_1702_PACK,0.8719,True,True,0.004,False,True
BIL_4075_PACK,0.044384,958,0.9958,CRM_1648_PACK,0.8514,CRM_1538_PACK,CRM_1583_PACK,CRM_1648_PACK,0.9803,True,True,0.0017,False,False
BIL_4076_PACK,0.040917,665,0.9977,CRM_1653_PACK,0.8199,CRM_1570_PACK,CRM_1582_PACK,CRM_1653_PACK,0.9772,True,True,0.0023,False,False
BIL_4078_PACK,0.031411,445,0.9966,CRM_1715_PACK,0.8217,CRM_1537_PACK,CRM_1589_PACK,CRM_1715_PACK,0.9752,True,True,0.0017,False,False
BIL_4079_PACK,0.010998,146,0.9686,CRM_1629_PACK,0.7824,CRM_1553_PACK,CRM_1575_PACK,CRM_1629_PACK,0.9415,True,True,0.0036,False,False
BIL_4082_PACK,0.00907,101,0.9749,CRM_1665_PACK,0.7887,CRM_SUBSCRIBER_TYPE_ORIG_Postpaid,CRM_1527_PACK,CRM_1665_PACK,0.9086,True,True,0.004,False,False
BIL_4084_PACK,0.010034,127,0.9725,CRM_1676_PACK,0.8065,CRM_1536_PACK,CRM_1654_PACK,CRM_1676_PACK,0.9085,True,True,0.0021,False,False
BIL_4089_PACK,0.00636,115,0.9689,CRM_1710_PACK,0.7101,CRM_1562_PACK,CRM_1536_PACK,CRM_1710_PACK,0.9004,True,True,0.0015,False,False
BIL_4097_PACK,0.007554,172,0.9765,CRM_1571_PACK,0.6799,CRM_1553_PACK,CRM_1530_PACK,CRM_1571_PACK,0.9027,True,True,0.0033,False,False
BIL_4102_PACK,0.067988,1013,0.9946,CRM_1552_PACK,0.8744,CRM_1573_PACK,CRM_1539_PACK,CRM_1552_PACK,0.977,True,True,0.0021,False,False
BIL_4103_PACK,0.049803,1110,0.9964,CRM_1573_PACK,0.8581,CRM_1537_PACK,CRM_2077_PACK,CRM_1573_PACK,0.9889,True,True,0.002,False,False
BIL_4105_PACK,0.058229,1122,0.9973,CRM_1590_PACK,0.852,CRM_SUBSCRIBER_STATUS_ORIG_Active,CRM_1527_PACK,CRM_1590_PACK,0.9886,True,True,0.0017,False,False
BIL_4106_PACK,0.01667,214,0.9953,CRM_1587_PACK,0.7735,CRM_1530_PACK,CRM_1606_PACK,CRM_1587_PACK,0.9559,True,True,0.0031,False,False
BIL_4107_PACK,0.14167,2715,0.9989,CRM_1583_PACK,0.8334,CRM_1555_PACK,CRM_1586_PACK,CRM_1583_PACK,0.9943,True,True,0.0027,False,False
BIL_SUBSCRIBER_STATUS_ORIG_0,0.001056,10,0.1429,CRM_2205_PACK,0.1751,CRM_SUBSCRIBER_STATUS_ORIG_Pre_Expired,CRM_SUBSCRIBER_STATUS_ORIG_Active,CRM_2205_PACK,0.1739,True,True,0.1901,False,False
BIL_SUBSCRIBER_STATUS_ORIG_Active,0.699738,20790,0.9986,CRM_SUBSCRIBER_STATUS_ORIG_Active,0.6487,CRM_2079_PACK,CRM_SUBSCRIBER_STATUS_ORIG_Block_1_Way,CRM_SUBSCRIBER_STATUS_ORIG_Active,0.9953,True,True,0.0014,False,False
BIL_SUBSCRIBER_STATUS_ORIG_Barring,0.055681,5457,0.9996,CRM_SUBSCRIBER_STATUS_ORIG_Barring,0.7716,CRM_1532_PACK,CRM_2078_PACK,CRM_SUBSCRIBER_STATUS_ORIG_Barring,0.9872,True,True,0.0016,False,False
BIL_SUBSCRIBER_STATUS_ORIG_Block_1_Way,0.125482,3235,0.995,CRM_SUBSCRIBER_STATUS_ORIG_Block_1_Way,0.8831,CRM_SUBSCRIBER_STATUS_ORIG_Active,CRM_1586_PACK,CRM_SUBSCRIBER_STATUS_ORIG_Block_1_Way,0.9835,True,True,0.0022,False,False
BIL_SUBSCRIBER_STATUS_ORIG_Block_2_Way,0.083303,1607,0.9858,CRM_SUBSCRIBER_STATUS_ORIG_Block_2_Way,0.757,CRM_SUBSCRIBER_STATUS_ORIG_Active,CRM_1586_PACK,CRM_SUBSCRIBER_STATUS_ORIG_Block_2_Way,0.9578,True,True,0.0016,False,False
BIL_SUBSCRIBER_STATUS_ORIG_Idle,0.000643,6,0.0,CRM_1541_PACK,0.2104,CRM_1542_PACK,CRM_2081_PACK,CRM_1944_PACK,0.0714,False,False,0.0366,True,False
BIL_SUBSCRIBER_STATUS_ORIG_Pre_Active,0.000735,6,0.0,CRM_1575_PACK,0.1297,CRM_2087_PACK,CRM_1617_PACK,CRM_1894_PACK,0.0625,False,False,0.0556,True,False
BIL_SUBSCRIBER_STATUS_ORIG_Pre_Deactivated,0.00147,11,0.5556,CRM_SUBSCRIBER_STATUS_ORIG_Pre_Deactivated,0.4644,CRM_2077_PACK,CRM_2093_PACK,CRM_SUBSCRIBER_STATUS_ORIG_Pre_Deactivated,0.3594,True,True,0.037,False,False
BIL_SUBSCRIBER_STATUS_ORIG_Pre_Expired,0.006085,73,0.9379,CRM_SUBSCRIBER_STATUS_ORIG_Pre_Expired,0.6778,CRM_1727_PACK,CRM_1536_PACK,CRM_SUBSCRIBER_STATUS_ORIG_Pre_Expired,0.9019,True,True,0.0702,False,False
BIL_SUBSCRIBER_STATUS_ORIG_Suspend,0.030974,2104,0.9981,CRM_SUBSCRIBER_STATUS_ORIG_Suspend,0.8061,CRM_1532_PACK,CRM_1575_PACK,CRM_SUBSCRIBER_STATUS_ORIG_Suspend,0.9822,True,True,0.0035,False,False
BIL_SUBSCRIBER_TYPE_ORIG_0,0.001033,11,0.1538,CRM_2205_PACK,0.201,CRM_1542_PACK,CRM_SUBSCRIBER_STATUS_ORIG_Pre_Expired,CRM_2205_PACK,0.1778,True,True,0.2454,False,False
BIL_SUBSCRIBER_TYPE_ORIG_Postpaid,0.182724,6589,0.9995,CRM_SUBSCRIBER_TYPE_ORIG_Postpaid,0.7946,CRM_2076_PACK,CRM_1537_PACK,CRM_SUBSCRIBER_TYPE_ORIG_Postpaid,0.9966,True,True,0.0014,False,False
BIL_SUBSCRIBER_TYPE_ORIG_Prepaid,0.817046,26660,0.9997,CRM_SUBSCRIBER_TYPE_ORIG_Postpaid,0.4475,CRM_SUBSCRIBER_STATUS_ORIG_Active,CRM_1537_PACK,CRM_SUBSCRIBER_TYPE_ORIG_Prepaid,0.9991,False,False,0.0051,False,False
BIL_4108_PACK,0.004638,83,0.9494,CRM_1604_PACK,0.6743,CRM_1605_PACK,CRM_1530_PACK,CRM_1604_PACK,0.8168,True,True,0.0036,False,False
BIL_4111_PACK,0.008817,230,0.9956,CRM_1689_PACK,0.6555,CRM_1519_PACK,CRM_1625_PACK,CRM_1689_PACK,0.9245,True,True,0.002,False,False
BIL_4126_PACK,0.004569,75,1.0,CRM_1604_PACK,0.7989,CRM_1605_PACK,CRM_1536_PACK,CRM_1604_PACK,0.8392,True,True,0.002,False,False
BIL_4150_PACK,0.043396,595,0.9916,CRM_1593_PACK,0.8903,CRM_1590_PACK,CRM_1594_PACK,CRM_1593_PACK,0.9837,True,True,0.0018,False,False
BIL_4171_PACK,0.015751,244,0.9733,CRM_1579_PACK,0.7701,CRM_1582_PACK,CRM_1539_PACK,CRM_1579_PACK,0.9534,True,True,0.0021,False,True
BIL_4184_PACK,0.018851,225,0.9842,CRM_1643_PACK,0.8659,CRM_1538_PACK,CRM_1575_PACK,CRM_1643_PACK,0.9598,True,True,0.0027,False,False
BIL_3759_PACK,0.003375,256,0.9862,CRM_2169_PACK,0.6373,CRM_2089_PACK,CRM_2141_PACK,CRM_2169_PACK,0.8079,True,True,0.0021,False,False
BIL_3779_PACK,0.005442,104,0.9659,CRM_2173_PACK,0.5766,CRM_2122_PACK,CRM_2087_PACK,CRM_2173_PACK,0.8523,True,True,0.0026,False,False
BIL_3790_PACK,0.002572,39,0.96,CRM_2144_PACK,0.5283,CRM_2076_PACK,CRM_1541_PACK,CRM_2144_PACK,0.7213,True,True,0.0024,False,False
BIL_3793_PACK,0.003812,85,0.9827,CRM_2158_PACK,0.5459,CRM_2119_PACK,CRM_2093_PACK,CRM_2158_PACK,0.8046,True,True,0.0024,False,False
BIL_3795_PACK,0.001607,51,0.94,CRM_2180_PACK,0.6978,CRM_2088_PACK,CRM_1529_PACK,CRM_2180_PACK,0.4857,True,True,0.7074,False,False
BIL_3806_PACK,0.001676,35,0.9231,CRM_2156_PACK,0.5113,CRM_2136_PACK,CRM_2077_PACK,CRM_2156_PACK,0.557,True,True,0.1213,False,False
BIL_3807_PACK,0.001814,19,0.8125,CRM_2168_PACK,0.6206,CRM_2079_PACK,CRM_1537_PACK,CRM_2168_PACK,0.6835,True,True,0.6316,False,False
BIL_3808_PACK,0.00085,14,0.88,CRM_2184_PACK,0.4338,CRM_2093_PACK,CRM_1537_PACK,CRM_1767_PACK,0.0811,False,False,0.4729,True,False
BIL_3809_PACK,0.002778,25,0.913,CRM_2120_PACK,0.676,CRM_1542_PACK,CRM_1529_PACK,CRM_2120_PACK,0.7724,True,True,0.0021,False,False
BIL_3810_PACK,0.000964,55,0.972,CRM_2167_PACK,0.2957,CRM_2175_PACK,CRM_2166_PACK,CRM_2166_PACK,0.381,False,True,0.1593,False,False
BIL_3811_PACK,0.003215,59,0.9649,CRM_2124_PACK,0.5459,CRM_2125_PACK,CRM_2093_PACK,CRM_2124_PACK,0.8082,True,True,0.0026,False,False
BIL_3812_PACK,0.001056,30,0.9655,CRM_2190_PACK,0.6227,CRM_2192_PACK,CRM_1542_PACK,CRM_2190_PACK,0.5745,True,True,0.706,False,False
BIL_3813_PACK,0.001906,21,0.95,CRM_2177_PACK,0.4777,CRM_2201_PACK,CRM_2143_PACK,CRM_2177_PACK,0.6627,True,True,0.6245,False,False
BIL_3816_PACK,0.002985,39,0.9351,CRM_2174_PACK,0.6264,CRM_1538_PACK,CRM_2088_PACK,CRM_2174_PACK,0.7727,True,True,0.0042,False,False
BIL_3819_PACK,0.002411,31,0.9333,CRM_2193_PACK,0.6631,CRM_2081_PACK,CRM_1533_PACK,CRM_2193_PACK,0.6667,True,True,0.6672,False,False
BIL_3823_PACK,0.00326,30,0.931,CRM_2098_PACK,0.6524,CRM_2087_PACK,CRM_1532_PACK,CRM_2098_PACK,0.8112,True,True,0.0143,False,False
BIL_3825_PACK,0.001998,12,0.7368,CRM_2170_PACK,0.4609,CRM_2171_PACK,CRM_1529_PACK,CRM_2170_PACK,0.6207,True,True,0.6641,False,False
BIL_3826_PACK,0.002755,27,0.8571,CRM_2152_PACK,0.7096,CRM_2088_PACK,CRM_1575_PACK,CRM_2152_PACK,0.6833,True,True,0.7118,False,False
BIL_3827_PACK,0.002641,48,0.9677,CRM_2125_PACK,0.4782,CRM_2124_PACK,CRM_2087_PACK,CRM_2125_PACK,0.7131,True,True,0.002,False,False
BIL_3828_PACK,0.001217,55,0.972,CRM_2167_PACK,0.3989,CRM_2166_PACK,CRM_2093_PACK,CRM_2167_PACK,0.3396,True,True,0.1326,False,False
BIL_3830_PACK,0.000873,1,0.0,CRM_2078_PACK,0.2512,CRM_2104_PACK,CRM_1527_PACK,CRM_2185_PACK,0.1579,False,False,0.0077,False,False
BIL_3832_PACK,0.002824,82,0.9814,CRM_2119_PACK,0.4691,CRM_2158_PACK,CRM_2093_PACK,CRM_2119_PACK,0.7398,True,True,0.0038,False,False
BIL_3834_PACK,0.00163,17,0.875,CRM_2179_PACK,0.6292,CRM_2076_PACK,CRM_1541_PACK,CRM_2179_PACK,0.6901,True,True,0.6386,False,True
BIL_3835_PACK,0.00225,30,0.931,CRM_2163_PACK,0.7232,CRM_1527_PACK,CRM_1575_PACK,CRM_2163_PACK,0.7245,True,True,0.7283,False,False
BIL_3836_PACK,0.001378,59,0.9369,CRM_2167_PACK,0.4019,CRM_2175_PACK,CRM_1532_PACK,CRM_2167_PACK,0.3,True,True,0.0032,False,False
BIL_3837_PACK,0.002411,37,0.9275,CRM_2133_PACK,0.619,CRM_2084_PACK,CRM_2087_PACK,CRM_2133_PACK,0.6857,True,True,0.6236,False,False
BIL_3838_PACK,0.001378,6,0.6,CRM_2151_PACK,0.4998,CRM_2114_PACK,CRM_2078_PACK,CRM_2151_PACK,0.4333,True,True,0.5035,False,False
BIL_3840_PACK,0.001837,23,0.9048,CRM_2177_PACK,0.352,CRM_2201_PACK,CRM_1541_PACK,CRM_2177_PACK,0.6125,True,True,0.6914,False,False
BIL_3842_PACK,0.001332,17,0.8276,CRM_2182_PACK,0.5425,CRM_2085_PACK,CRM_1532_PACK,CRM_2182_PACK,0.5345,True,True,0.5446,False,False
BIL_3844_PACK,0.001194,25,0.9796,CRM_2136_PACK,0.4814,CRM_2156_PACK,CRM_1532_PACK,CRM_2136_PACK,0.6154,True,True,0.4891,False,False
BIL_3845_PACK,0.000941,12,0.8571,CRM_2220_PACK,0.4085,CRM_2219_PACK,CRM_1541_PACK,CRM_2220_PACK,0.3659,True,True,0.6481,False,False
BIL_3846_PACK,0.002021,11,0.8421,CRM_2160_PACK,0.5623,CRM_2090_PACK,CRM_2087_PACK,CRM_2160_PACK,0.4659,True,True,0.5779,False,True
BIL_3847_PACK,0.001424,21,0.8947,CRM_2219_PACK,0.5644,CRM_1532_PACK,CRM_2093_PACK,CRM_2219_PACK,0.5,True,True,0.6139,False,False
BIL_3848_PACK,0.002089,11,0.7778,CRM_2170_PACK,0.4242,CRM_2171_PACK,CRM_1532_PACK,CRM_2170_PACK,0.5934,True,True,0.6165,False,False
BIL_3849_PACK,0.003605,54,0.9189,CRM_2122_PACK,0.7176,CRM_2173_PACK,CRM_1527_PACK,CRM_2122_PACK,0.8038,True,True,0.0031,False,True
BIL_3850_PACK,0.0031,47,0.8791,CRM_2178_PACK,0.6114,CRM_SUBSCRIBER_TYPE_ORIG_Postpaid,CRM_2078_PACK,CRM_2178_PACK,0.6918,True,True,0.0027,False,True
BIL_3851_PACK,0.003215,75,0.9524,CRM_2157_PACK,0.6609,CRM_2088_PACK,CRM_2080_PACK,CRM_2157_PACK,0.7929,True,True,0.0074,False,False
BIL_3854_PACK,0.001194,7,0.4444,CRM_2159_PACK,0.3467,CRM_2077_PACK,CRM_1553_PACK,CRM_2159_PACK,0.3462,True,True,0.3529,False,False
BIL_3855_PACK,0.001332,16,0.7586,CRM_2197_PACK,0.5641,CRM_1532_PACK,CRM_2077_PACK,CRM_2197_PACK,0.4828,True,True,0.5674,False,True
BIL_3856_PACK,0.000482,4,0.0,CRM_1564_PACK,0.0818,CRM_1525_PACK,CRM_1527_PACK,CRM_2315_PACK,0.0952,False,False,0.0054,False,False
BIL_3858_PACK,0.001125,10,0.625,CRM_2186_PACK,0.3811,CRM_1541_PACK,CRM_2093_PACK,CRM_2186_PACK,0.4082,True,True,0.3962,False,False
BIL_3860_PACK,0.001079,18,0.7586,CRM_2108_PACK,0.5379,CRM_2093_PACK,CRM_1529_PACK,CRM_2108_PACK,0.5745,True,True,0.5411,False,True
BIL_3862_PACK,0.000918,5,0.75,CRM_2181_PACK,0.2792,CRM_2207_PACK,CRM_2116_PACK,CRM_2181_PACK,0.15,True,True,0.45,False,False
BIL_3863_PACK,0.001263,13,0.7619,CRM_2150_PACK,0.5549,CRM_2081_PACK,CRM_2078_PACK,CRM_2150_PACK,0.4727,True,True,0.5608,False,False
BIL_3872_PACK,0.00225,25,0.9167,CRM_2212_PACK,0.6422,CRM_2134_PACK,CRM_1529_PACK,CRM_2212_PACK,0.6633,True,True,0.6461,False,True
BIL_3874_PACK,0.001033,14,0.88,CRM_2184_PACK,0.526,CRM_2076_PACK,CRM_1532_PACK,CRM_2184_PACK,0.1111,True,True,0.5974,False,False
BIL_3877_PACK,0.000804,4,0.6667,CRM_2165_PACK,0.2756,CRM_1533_PACK,CRM_1527_PACK,CRM_2165_PACK,0.1143,True,True,0.2806,True,False
BIL_3880_PACK,0.000964,17,0.8276,CRM_2192_PACK,0.3521,CRM_2190_PACK,CRM_2077_PACK,CRM_2190_PACK,0.4255,False,True,0.6806,False,False
BIL_3912_PACK,0.002342,14,0.6957,CRM_1700_PACK,0.5824,CRM_2091_PACK,CRM_1539_PACK,CRM_1700_PACK,0.598,True,True,0.5862,True,True
BIL_3919_PACK,0.000528,3,0.0,CRM_2139_PACK,0.1351,CRM_1532_PACK,CRM_SUBSCRIBER_TYPE_ORIG_Postpaid,CRM_2145_PACK,0.0435,False,False,0.0147,False,False
BIL_3937_PACK,0.002342,45,0.9655,CRM_1688_PACK,0.7047,CRM_1528_PACK,CRM_1523_PACK,CRM_1688_PACK,0.6961,True,True,0.0035,False,False
BIL_3938_PACK,0.00388,37,0.9459,CRM_1720_PACK,0.7822,CRM_2076_PACK,CRM_1555_PACK,CRM_1720_PACK,0.8284,True,True,0.0027,False,False
BIL_3947_PACK,0.003421,32,0.9333,CRM_1730_PACK,0.647,CRM_1538_PACK,CRM_1564_PACK,CRM_1730_PACK,0.7718,True,True,0.0039,False,False
BIL_3951_PACK,0.003421,32,0.9355,CRM_1785_PACK,0.7581,CRM_1540_PACK,CRM_1606_PACK,CRM_1785_PACK,0.8121,True,True,0.7607,False,True
BIL_3970_PACK,0.001309,32,0.9153,CRM_1706_PACK,0.5664,CRM_1848_PACK,CRM_1558_PACK,CRM_1706_PACK,0.5325,True,True,0.0017,False,False
BIL_3976_PACK,0.002939,32,0.9841,CRM_1722_PACK,0.7345,CRM_1561_PACK,CRM_1538_PACK,CRM_1722_PACK,0.8047,True,True,0.736,False,False
BIL_3982_PACK,0.002503,37,0.7941,CRM_1773_PACK,0.7281,CRM_1529_PACK,CRM_1575_PACK,CRM_1773_PACK,0.7156,True,True,0.7329,False,True
BIL_3984_PACK,0.00085,9,0.8235,CRM_1767_PACK,0.5087,CRM_1537_PACK,CRM_1836_PACK,CRM_1767_PACK,0.3784,True,True,0.5106,False,False
BIL_3986_PACK,0.000987,11,0.7778,CRM_1817_PACK,0.2635,CRM_1723_PACK,CRM_1686_PACK,CRM_1817_PACK,0.2791,True,True,0.271,False,False
BIL_3987_PACK,0.000666,5,0.0,CRM_1636_PACK,0.1321,CRM_1700_PACK,CRM_SUBSCRIBER_STATUS_ORIG_Barring,CRM_1622_PACK,0.069,False,False,0.2078,True,False
BIL_3990_PACK,0.001171,3,0.0,CRM_1532_PACK,0.1385,CRM_1575_PACK,CRM_1527_PACK,CRM_1781_PACK,0.451,False,False,0.0124,False,False
BIL_3991_PACK,0.001424,80,0.9809,CRM_1686_PACK,0.4775,CRM_1723_PACK,CRM_1575_PACK,CRM_1686_PACK,0.5538,True,True,0.0021,False,False
BIL_3993_PACK,0.001561,6,0.4444,CRM_1781_PACK,0.3892,CRM_2089_PACK,CRM_1541_PACK,CRM_1781_PACK,0.4412,True,True,0.3948,False,False
BIL_3999_PACK,0.001125,16,0.64,CRM_1742_PACK,0.6002,CRM_1538_PACK,CRM_1536_PACK,CRM_1742_PACK,0.6078,True,True,0.6141,False,False
BIL_4000_PACK,0.00147,77,1.0,CRM_1686_PACK,0.4452,CRM_1723_PACK,CRM_1558_PACK,CRM_1686_PACK,0.5538,True,True,0.0026,False,False
BIL_4002_PACK,0.007164,102,0.9749,CRM_1561_PACK,0.7936,CRM_1560_PACK,CRM_1564_PACK,CRM_1561_PACK,0.875,True,True,0.0026,False,False
BIL_4003_PACK,0.000964,8,0.6667,CRM_1622_PACK,0.4986,CRM_1644_PACK,CRM_1564_PACK,CRM_1622_PACK,0.2381,True,True,0.5032,False,False
BIL_4008_PACK,0.002686,15,0.8571,CRM_1657_PACK,0.7213,CRM_1529_PACK,CRM_1536_PACK,CRM_1657_PACK,0.6239,True,True,0.7254,True,False
BIL_4010_PACK,0.00062,4,0.4,CRM_1737_PACK,0.4252,CRM_1583_PACK,CRM_1610_PACK,CRM_1737_PACK,0.1852,True,True,0.4284,True,False
BIL_4011_PACK,0.001538,9,0.8235,CRM_1812_PACK,0.6701,CRM_2076_PACK,CRM_1527_PACK,CRM_1812_PACK,0.5224,True,True,0.678,False,True
BIL_4017_PACK,0.002549,36,0.9091,CRM_1695_PACK,0.5948,CRM_1641_PACK,CRM_SUBSCRIBER_TYPE_ORIG_Postpaid,CRM_1695_PACK,0.7377,True,True,0.0058,False,False
BIL_4018_PACK,0.000804,20,0.0952,CRM_1714_PACK,0.4009,CRM_1644_PACK,CRM_SUBSCRIBER_STATUS_ORIG_Block_2_Way,CRM_1714_PACK,0.0857,True,True,0.4232,True,False
BIL_4022_PACK,0.006751,74,0.9799,CRM_1655_PACK,0.7194,CRM_1524_PACK,CRM_1538_PACK,CRM_1655_PACK,0.9024,True,True,0.002,False,False
BIL_4023_PACK,0.002273,45,0.85,CRM_1650_PACK,0.715,CRM_1529_PACK,CRM_1563_PACK,CRM_1650_PACK,0.697,True,True,0.7194,False,False
BIL_4026_PACK,0.001561,24,0.8571,CRM_1832_PACK,0.5758,CRM_1759_PACK,CRM_1524_PACK,CRM_1832_PACK,0.5882,True,True,0.6406,False,False
BIL_4027_PACK,0.0045,56,0.991,CRM_1741_PACK,0.5412,CRM_1611_PACK,CRM_1610_PACK,CRM_1610_PACK,0.8418,False,True,0.0036,False,False
BIL_4028_PACK,0.004546,63,0.9322,CRM_1741_PACK,0.613,CRM_1745_PACK,CRM_1611_PACK,CRM_1741_PACK,0.8333,True,True,0.0013,False,False
BIL_4029_PACK,0.004523,59,0.9649,CRM_1755_PACK,0.7218,CRM_1610_PACK,CRM_1528_PACK,CRM_1755_PACK,0.8426,True,True,0.0035,False,False
BIL_4030_PACK,0.000597,1,0.0,CRM_1648_PACK,0.1438,CRM_1606_PACK,CRM_1553_PACK,CRM_2377_PACK,0.1154,False,False,0.0101,False,False
BIL_4031_PACK,0.004386,108,0.9537,CRM_1607_PACK,0.6692,CRM_1558_PACK,CRM_SUBSCRIBER_TYPE_ORIG_Postpaid,CRM_1607_PACK,0.8429,True,True,0.0036,False,True
BIL_4033_PACK,0.006452,86,0.9765,CRM_1701_PACK,0.8006,CRM_SUBSCRIBER_TYPE_ORIG_Postpaid,CRM_1583_PACK,CRM_1701_PACK,0.8719,True,True,0.003,False,False
BIL_4034_PACK,0.002503,72,0.9714,CRM_1719_PACK,0.6914,CRM_1564_PACK,CRM_SUBSCRIBER_TYPE_ORIG_Postpaid,CRM_1719_PACK,0.7568,True,True,0.0056,False,False
BIL_4035_PACK,0.001263,31,0.8929,CRM_1691_PACK,0.404,CRM_1644_PACK,CRM_1564_PACK,CRM_1691_PACK,0.3684,True,True,0.0032,False,False
BIL_4049_PACK,0.007554,90,0.9655,CRM_1687_PACK,0.6875,CRM_1540_PACK,CRM_1537_PACK,CRM_1687_PACK,0.9157,True,True,0.0016,False,False
BIL_4053_PACK,0.001515,3,0.5,CRM_1734_PACK,0.438,CRM_1613_PACK,CRM_1583_PACK,CRM_1734_PACK,0.4697,True,True,0.0029,False,True
BIL_4058_PACK,0.004523,40,0.9157,CRM_1842_PACK,0.777,CRM_1538_PACK,CRM_1539_PACK,CRM_1842_PACK,0.848,True,True,0.0047,False,True
BIL_4059_PACK,0.006475,87,0.9767,CRM_1633_PACK,0.6602,CRM_1754_PACK,CRM_1610_PACK,CRM_1633_PACK,0.8582,True,True,0.0295,False,False
BIL_4070_PACK,0.002641,29,0.8148,CRM_1758_PACK,0.7065,CRM_1537_PACK,CRM_2088_PACK,CRM_1758_PACK,0.7304,True,True,0.713,False,True
BIL_4073_PACK,0.00326,33,0.8955,CRM_1620_PACK,0.482,CRM_1818_PACK,CRM_1524_PACK,CRM_1620_PACK,0.7606,True,True,0.013,False,True
BIL_4074_PACK,0.00388,41,0.9231,CRM_1818_PACK,0.6185,CRM_1620_PACK,CRM_1524_PACK,CRM_1818_PACK,0.7988,True,True,0.0031,False,False
BIL_4077_PACK,0.004845,53,0.9505,CRM_1726_PACK,0.7429,CRM_1529_PACK,CRM_2088_PACK,CRM_1726_PACK,0.8578,True,True,0.0032,False,False
BIL_4081_PACK,0.004431,59,0.9649,CRM_1741_PACK,0.6338,CRM_1755_PACK,CRM_1611_PACK,CRM_1741_PACK,0.8549,True,True,0.0032,False,False
BIL_4085_PACK,0.001171,2,0.0,CRM_2082_PACK,0.1334,CRM_1575_PACK,CRM_2088_PACK,CRM_1718_PACK,0.4314,False,False,0.0087,False,False
BIL_4086_PACK,0.003421,34,0.8406,CRM_1777_PACK,0.6931,CRM_1557_PACK,CRM_2077_PACK,CRM_1777_PACK,0.8523,True,True,0.0024,False,True
BIL_4087_PACK,0.001768,31,0.8727,CRM_1799_PACK,0.4509,CRM_1828_PACK,CRM_1548_PACK,CRM_1799_PACK,0.7215,True,True,0.6371,False,False
BIL_4088_PACK,0.004546,69,0.9778,CRM_1531_PACK,0.7414,CRM_1561_PACK,CRM_1560_PACK,CRM_1531_PACK,0.8535,True,True,0.0071,False,False
BIL_4090_PACK,0.000666,12,0.8,CRM_1717_PACK,0.4528,CRM_1644_PACK,CRM_1564_PACK,CRM_1717_PACK,0.2857,True,True,0.4553,False,False
BIL_4091_PACK,0.001194,29,0.8846,CRM_1725_PACK,0.3403,CRM_1724_PACK,CRM_1560_PACK,CRM_1724_PACK,0.4615,False,True,0.6375,False,False
BIL_4093_PACK,0.002296,24,0.8444,CRM_1765_PACK,0.7247,CRM_SUBSCRIBER_STATUS_ORIG_Active,CRM_1527_PACK,CRM_1765_PACK,0.71,True,True,0.7282,False,False
BIL_4095_PACK,0.002021,28,0.8929,CRM_1735_PACK,0.6852,CRM_SUBSCRIBER_TYPE_ORIG_Postpaid,CRM_1558_PACK,CRM_1735_PACK,0.6705,True,True,0.6874,False,True
BIL_4098_PACK,0.001217,13,0.7619,CRM_1693_PACK,0.5939,CRM_1585_PACK,CRM_1553_PACK,CRM_1693_PACK,0.5094,True,True,0.5961,False,False
BIL_4099_PACK,0.000987,5,0.0,CRM_1833_PACK,0.1651,CRM_2087_PACK,CRM_2165_PACK,CRM_1833_PACK,0.3721,True,True,0.3065,False,False
BIL_4100_PACK,0.004891,67,0.9313,CRM_1674_PACK,0.7168,CRM_1538_PACK,CRM_1528_PACK,CRM_1674_PACK,0.8884,True,True,0.006,False,False
BIL_4101_PACK,0.001263,26,0.9388,CRM_1725_PACK,0.3719,CRM_1724_PACK,CRM_1585_PACK,CRM_1724_PACK,0.4182,False,True,0.645,False,False
BIL_4104_PACK,0.00163,11,0.5882,CRM_1813_PACK,0.6482,CRM_1532_PACK,CRM_1533_PACK,CRM_1813_PACK,0.5493,True,True,0.6693,True,False
BIL_4109_PACK,0.00597,86,0.9529,CRM_1637_PACK,0.7354,CRM_1561_PACK,CRM_SUBSCRIBER_TYPE_ORIG_Postpaid,CRM_1637_PACK,0.8615,True,True,0.0026,False,True
BIL_4110_PACK,0.002204,23,0.913,CRM_1721_PACK,0.7473,CRM_1538_PACK,CRM_1575_PACK,CRM_1721_PACK,0.6562,True,True,0.7497,False,True
BIL_4112_PACK,0.004133,38,0.9351,CRM_1667_PACK,0.7716,CRM_2091_PACK,CRM_SUBSCRIBER_STATUS_ORIG_Block_1_Way,CRM_1667_PACK,0.8182,True,True,0.0089,False,False
BIL_4113_PACK,0.003674,40,0.9474,CRM_1776_PACK,0.6121,CRM_1553_PACK,CRM_1536_PACK,CRM_1776_PACK,0.7688,True,True,0.0357,False,False
BIL_4114_PACK,0.003215,66,0.9524,CRM_1845_PACK,0.6486,CRM_1563_PACK,CRM_1629_PACK,CRM_1845_PACK,0.7286,True,True,0.0167,False,False
BIL_4115_PACK,0.001424,13,0.9167,CRM_1748_PACK,0.763,CRM_1529_PACK,CRM_1653_PACK,CRM_1748_PACK,0.5484,True,True,0.7653,False,False
BIL_4117_PACK,0.004661,61,0.9483,CRM_1611_PACK,0.6206,CRM_1610_PACK,CRM_1755_PACK,CRM_1611_PACK,0.8177,True,True,0.0035,False,False
BIL_4118_PACK,0.000987,8,0.3636,CRM_1746_PACK,0.35,CRM_1558_PACK,CRM_1533_PACK,CRM_1746_PACK,0.3721,True,True,0.3532,False,False
BIL_4119_PACK,0.001676,29,0.8889,CRM_1697_PACK,0.5939,CRM_1696_PACK,CRM_1537_PACK,CRM_1697_PACK,0.6301,True,True,0.7328,False,False
BIL_4120_PACK,0.00101,17,0.9375,CRM_1696_PACK,0.4277,CRM_1697_PACK,CRM_1536_PACK,CRM_1696_PACK,0.4773,True,True,0.7556,True,False
BIL_4122_PACK,0.004363,57,0.9821,CRM_1745_PACK,0.7879,CRM_1610_PACK,CRM_1575_PACK,CRM_1745_PACK,0.8639,True,True,0.0016,False,False
BIL_4123_PACK,0.002089,16,0.8571,CRM_1827_PACK,0.6899,CRM_1575_PACK,CRM_1529_PACK,CRM_1827_PACK,0.5495,True,True,0.6936,True,True
BIL_4124_PACK,0.002709,27,0.902,CRM_1865_PACK,0.7625,CRM_SUBSCRIBER_STATUS_ORIG_Block_1_Way,CRM_1583_PACK,CRM_1865_PACK,0.8729,True,True,0.7693,False,False
BIL_4125_PACK,0.001125,6,0.6667,CRM_1760_PACK,0.3803,CRM_1844_PACK,CRM_2268_PACK,CRM_1760_PACK,0.3469,True,True,0.4613,False,False
BIL_4131_PACK,0.005097,74,0.9583,CRM_1679_PACK,0.721,CRM_1618_PACK,CRM_1527_PACK,CRM_1679_PACK,0.87,True,True,0.0037,False,True
BIL_4132_PACK,0.007279,108,0.9763,CRM_1618_PACK,0.6994,CRM_1679_PACK,CRM_1583_PACK,CRM_1618_PACK,0.8959,True,True,0.0031,False,False
BIL_4135_PACK,0.001745,10,0.6667,CRM_1825_PACK,0.4431,CRM_1541_PACK,CRM_1547_PACK,CRM_1825_PACK,0.6184,True,True,0.5046,False,False
BIL_4136_PACK,0.00085,7,0.4,CRM_1824_PACK,0.3279,CRM_1844_PACK,CRM_1848_PACK,CRM_1824_PACK,0.4595,True,True,0.3715,False,False
BIL_4137_PACK,0.001699,17,0.9032,CRM_1621_PACK,0.7247,CRM_2252_PACK,CRM_1553_PACK,CRM_1621_PACK,0.5946,True,True,0.7547,True,True
BIL_4139_PACK,0.002595,34,0.9375,CRM_1727_PACK,0.5429,CRM_SUBSCRIBER_STATUS_ORIG_Pre_Expired,CRM_1532_PACK,CRM_1727_PACK,0.6814,True,True,0.5473,True,False
BIL_4140_PACK,0.004202,52,0.9804,CRM_1699_PACK,0.7054,CRM_1524_PACK,CRM_1530_PACK,CRM_1699_PACK,0.8415,True,True,0.0137,False,False
BIL_4141_PACK,0.001929,29,0.8235,CRM_1698_PACK,0.4445,CRM_1699_PACK,CRM_SUBSCRIBER_STATUS_ORIG_Active,CRM_1698_PACK,0.6471,True,True,0.4472,False,False
BIL_4142_PACK,0.001309,12,0.8571,CRM_1832_PACK,0.3536,CRM_1759_PACK,CRM_1575_PACK,CRM_1759_PACK,0.4561,False,True,0.7126,False,False
BIL_4143_PACK,0.002457,37,0.9577,CRM_1791_PACK,0.5181,CRM_1790_PACK,CRM_1538_PACK,CRM_1791_PACK,0.729,True,True,0.5234,False,False
BIL_4144_PACK,0.004845,35,0.8533,CRM_1798_PACK,0.7479,CRM_1529_PACK,CRM_1556_PACK,CRM_1798_PACK,0.8626,True,True,0.0067,True,True
BIL_4145_PACK,0.001217,12,0.6667,CRM_1770_PACK,0.4479,CRM_1644_PACK,CRM_2091_PACK,CRM_1770_PACK,0.5849,True,True,0.4521,False,False
BIL_4147_PACK,0.00062,2,0.0,CRM_1677_PACK,0.2857,CRM_1844_PACK,CRM_1575_PACK,CRM_1677_PACK,0.1852,True,True,0.2896,False,False
BIL_4151_PACK,0.001171,8,0.4,CRM_1843_PACK,0.24,CRM_1553_PACK,CRM_1844_PACK,CRM_1843_PACK,0.3725,True,True,0.2819,False,False
BIL_4152_PACK,0.002572,25,0.9583,CRM_1740_PACK,0.7163,CRM_1530_PACK,CRM_1537_PACK,CRM_1740_PACK,0.7679,True,True,0.7195,False,False
BIL_4153_PACK,0.001102,9,0.7143,CRM_1844_PACK,0.3896,CRM_1553_PACK,CRM_1564_PACK,CRM_1844_PACK,0.4,True,True,0.0476,False,False
BIL_4154_PACK,0.001102,2,0.6667,CRM_1877_PACK,0.3985,CRM_1754_PACK,CRM_1564_PACK,CRM_1877_PACK,0.2708,True,True,0.4434,True,False
BIL_4155_PACK,0.003169,48,0.9213,CRM_1790_PACK,0.7206,CRM_1524_PACK,CRM_1791_PACK,CRM_1790_PACK,0.7746,True,True,0.0307,False,False
BIL_4156_PACK,0.002044,16,0.9333,CRM_1820_PACK,0.7423,CRM_1553_PACK,CRM_SUBSCRIBER_STATUS_ORIG_Active,CRM_1820_PACK,0.618,True,True,0.7447,False,False
BIL_4157_PACK,0.001676,9,0.9412,CRM_1656_PACK,0.6272,CRM_1524_PACK,CRM_1530_PACK,CRM_1656_PACK,0.5479,True,True,0.6353,False,False
BIL_4160_PACK,0.001424,21,0.8649,CRM_1803_PACK,0.5542,CRM_1804_PACK,CRM_1524_PACK,CRM_1803_PACK,0.629,True,True,0.7492,False,False
BIL_4161_PACK,0.001355,21,0.8333,CRM_1804_PACK,0.4674,CRM_1803_PACK,CRM_1524_PACK,CRM_1803_PACK,0.4068,False,True,0.7362,False,False
BIL_4162_PACK,0.002526,39,0.9315,CRM_1600_PACK,0.6636,CRM_1797_PACK,CRM_1655_PACK,CRM_1600_PACK,0.7479,True,True,0.0562,False,False
BIL_4163_PACK,0.00225,28,0.963,CRM_1797_PACK,0.5972,CRM_1600_PACK,CRM_1586_PACK,CRM_1797_PACK,0.6531,True,True,0.5994,False,False
BIL_4165_PACK,0.00124,11,0.7778,CRM_1815_PACK,0.4509,CRM_1644_PACK,CRM_1564_PACK,CRM_1815_PACK,0.463,True,True,0.4583,False,False
BIL_4166_PACK,0.003398,38,0.9444,CRM_1775_PACK,0.7856,CRM_1575_PACK,CRM_1541_PACK,CRM_1775_PACK,0.8581,True,True,0.79,True,False
BIL_4167_PACK,0.000827,46,0.9778,CRM_1876_PACK,0.2645,CRM_1761_PACK,CRM_1719_PACK,CRM_1761_PACK,0.1111,False,True,0.5044,False,False
BIL_4168_PACK,0.000827,46,0.9778,CRM_1876_PACK,0.4232,CRM_1761_PACK,CRM_1719_PACK,CRM_1876_PACK,0.1389,True,True,0.6532,False,False
BIL_4170_PACK,0.001079,9,0.5,CRM_1649_PACK,0.548,CRM_1537_PACK,CRM_2077_PACK,CRM_1649_PACK,0.383,True,True,0.5577,True,False
BIL_4172_PACK,0.001837,18,0.8235,CRM_1673_PACK,0.4222,CRM_1672_PACK,CRM_1595_PACK,CRM_1673_PACK,0.6625,True,True,0.6645,False,False
BIL_4173_PACK,0.002044,17,0.9032,CRM_1672_PACK,0.4799,CRM_1673_PACK,CRM_1536_PACK,CRM_1672_PACK,0.5843,True,True,0.7031,False,False
BIL_4174_PACK,0.002273,24,0.9787,CRM_1684_PACK,0.5921,CRM_1685_PACK,CRM_SUBSCRIBER_TYPE_ORIG_Postpaid,CRM_1684_PACK,0.798,True,True,0.8282,False,False
BIL_4175_PACK,0.002618,24,0.9787,CRM_1684_PACK,0.5799,CRM_1685_PACK,CRM_1538_PACK,CRM_1684_PACK,0.693,True,True,0.7923,False,False
BIL_4176_PACK,0.001424,11,0.7368,CRM_1624_PACK,0.6456,CRM_1555_PACK,CRM_1594_PACK,CRM_1624_PACK,0.5806,True,True,0.648,True,True
BIL_4177_PACK,0.002273,26,0.8511,CRM_1769_PACK,0.6551,CRM_1776_PACK,CRM_1582_PACK,CRM_1769_PACK,0.7576,True,True,0.6575,False,True
BIL_4178_PACK,0.001309,17,0.7857,CRM_1752_PACK,0.5925,CRM_1554_PACK,CRM_1589_PACK,CRM_1752_PACK,0.5263,True,True,0.5946,True,False
BIL_4179_PACK,0.001263,10,0.6667,CRM_1744_PACK,0.4201,CRM_1663_PACK,CRM_1527_PACK,CRM_1744_PACK,0.4,True,True,0.6838,False,False
BIL_4181_PACK,0.003559,29,0.8889,CRM_1816_PACK,0.7843,CRM_SUBSCRIBER_STATUS_ORIG_Active,CRM_2092_PACK,CRM_1816_PACK,0.8,True,True,0.7913,True,True
BIL_4182_PACK,0.002778,40,0.9333,CRM_1779_PACK,0.6282,CRM_1712_PACK,CRM_1524_PACK,CRM_1779_PACK,0.748,True,True,0.0018,False,False
BIL_4183_PACK,0.002319,22,0.9767,CRM_1712_PACK,0.6289,CRM_1779_PACK,CRM_1575_PACK,CRM_1712_PACK,0.6832,True,True,0.0026,False,False
BIL_4186_PACK,0.000758,4,0.0,CRM_1832_PACK,0.1443,CRM_1543_PACK,CRM_1575_PACK,CRM_1851_PACK,0.1212,False,False,0.1524,False,False
BIL_4187_PACK,0.002227,25,0.8889,CRM_1663_PACK,0.6779,CRM_1536_PACK,CRM_1537_PACK,CRM_1663_PACK,0.7938,True,True,0.682,False,False
BIL_4188_PACK,0.001102,8,0.8571,CRM_1811_PACK,0.4519,CRM_1660_PACK,CRM_1587_PACK,CRM_1660_PACK,0.3333,False,True,0.6763,False,False
BIL_4189_PACK,0.001332,8,0.9333,CRM_1660_PACK,0.5743,CRM_1811_PACK,CRM_1524_PACK,CRM_1660_PACK,0.4655,True,True,0.7101,False,False
BIL_4191_PACK,0.001056,6,0.0,CRM_1642_PACK,0.0841,CRM_2122_PACK,CRM_2077_PACK,CRM_1743_PACK,0.1304,False,False,0.0092,True,False
BIL_4195_PACK,0.00062,5,0.0,CRM_1685_PACK,0.1276,CRM_2087_PACK,CRM_1595_PACK,CRM_2190_PACK,0.0426,False,False,0.2122,False,False
BIL_4196_PACK,0.000643,1,0.0,CRM_2093_PACK,0.088,CRM_1533_PACK,CRM_SUBSCRIBER_STATUS_ORIG_Block_1_Way,CRM_1944_PACK,0.0714,False,False,0.0109,False,False
BIL_4197_PACK,0.000643,1,0.0,CRM_2165_PACK,0.2892,CRM_1575_PACK,CRM_1537_PACK,CRM_1932_PACK,0.0714,False,False,0.2958,True,False
BIL_4198_PACK,0.000597,5,0.0,CRM_1570_PACK,0.0856,CRM_2089_PACK,CRM_1539_PACK,CRM_2342_PACK,0.0769,False,False,0.009,False,False
BIL_4200_PACK,0.002709,72,0.9859,CRM_1652_PACK,0.6721,CRM_1524_PACK,CRM_1537_PACK,CRM_1652_PACK,0.7559,True,True,0.002,False,False
BIL_4201_PACK,0.001447,21,0.8333,CRM_1651_PACK,0.4473,CRM_1652_PACK,CRM_1524_PACK,CRM_1651_PACK,0.4762,True,True,0.4502,False,False
BIL_4204_PACK,0.001079,13,0.6316,CRM_1711_PACK,0.5405,CRM_1564_PACK,CRM_2077_PACK,CRM_1711_PACK,0.3617,True,True,0.5462,True,False
BIL_4205_PACK,0.002824,23,0.8636,CRM_1597_PACK,0.7602,CRM_1553_PACK,CRM_1529_PACK,CRM_1597_PACK,0.8226,True,True,0.7619,False,False
BIL_4207_PACK,0.002732,30,0.8302,CRM_1738_PACK,0.7157,CRM_1533_PACK,CRM_1556_PACK,CRM_1738_PACK,0.6471,True,True,0.7232,False,False
BIL_4208_PACK,0.001515,17,0.7568,CRM_1794_PACK,0.5546,CRM_1602_PACK,CRM_2076_PACK,CRM_1794_PACK,0.5455,True,True,0.5613,False,True
BIL_4209_PACK,0.001699,20,0.7879,CRM_1732_PACK,0.4387,CRM_1784_PACK,CRM_1528_PACK,CRM_1732_PACK,0.5405,True,True,0.6771,False,False
BIL_4210_PACK,0.001561,18,0.8387,CRM_1732_PACK,0.4226,CRM_1784_PACK,CRM_1530_PACK,CRM_1732_PACK,0.5882,True,True,0.7029,False,False
BIL_4226_PACK,0.001883,16,0.8571,CRM_1763_PACK,0.6486,CRM_1524_PACK,CRM_1527_PACK,CRM_1763_PACK,0.622,True,True,0.6641,False,False
BIL_4227_PACK,0.00124,10,0.5714,CRM_1762_PACK,0.3335,CRM_1763_PACK,CRM_1524_PACK,CRM_1762_PACK,0.2407,True,True,0.5809,True,False
BIL_4234_PACK,0.000482,4,0.6667,CRM_1749_PACK,0.2422,CRM_1843_PACK,CRM_2147_PACK,CRM_1749_PACK,0.1154,True,True,0.3732,False,False
BIL_4236_PACK,0.002549,33,0.8889,CRM_1739_PACK,0.698,CRM_1538_PACK,CRM_SUBSCRIBER_STATUS_ORIG_Active,CRM_1739_PACK,0.7387,True,True,0.7046,False,True
BIL_4238_PACK,0.002158,30,0.8889,CRM_1799_PACK,0.3396,CRM_1548_PACK,CRM_1633_PACK,CRM_1799_PACK,0.6064,True,True,0.435,True,False
BIL_4240_PACK,0.001768,38,0.8824,CRM_1848_PACK,0.5067,CRM_1706_PACK,CRM_1554_PACK,CRM_1848_PACK,0.5181,True,True,0.0114,False,False
BIL_4250_PACK,0.001401,14,0.8333,CRM_1875_PACK,0.4346,CRM_1874_PACK,CRM_1547_PACK,CRM_1875_PACK,0.6557,True,True,0.7614,False,False
BIL_4251_PACK,0.00147,15,0.8,CRM_1875_PACK,0.4432,CRM_1874_PACK,CRM_2077_PACK,CRM_1874_PACK,0.625,False,True,0.7311,False,False
BIL_4253_PACK,0.000689,3,0.0,CRM_1542_PACK,0.0984,CRM_2169_PACK,CRM_1564_PACK,CRM_1866_PACK,0.0667,False,False,0.0097,False,False
BIL_4254_PACK,0.000804,8,0.8571,CRM_1783_PACK,0.5696,CRM_1654_PACK,CRM_1558_PACK,CRM_1783_PACK,0.3429,True,True,0.5724,False,False
BIL_4255_PACK,0.002181,21,0.9302,CRM_1849_PACK,0.77,CRM_SUBSCRIBER_STATUS_ORIG_Active,CRM_1575_PACK,CRM_1849_PACK,0.7368,True,True,0.7724,False,False
BIL_4262_PACK,0.001125,5,0.8889,CRM_1786_PACK,0.7002,CRM_2087_PACK,CRM_2089_PACK,CRM_1786_PACK,0.5306,True,True,0.7035,True,False
BIL_4267_PACK,0.002962,25,0.9583,CRM_1826_PACK,0.5749,CRM_1772_PACK,CRM_1540_PACK,CRM_1826_PACK,0.7769,True,True,0.1348,False,False
BIL_4278_PACK,0.002755,24,0.9091,CRM_1772_PACK,0.5376,CRM_1826_PACK,CRM_1540_PACK,CRM_1772_PACK,0.775,True,True,0.5403,False,False
BIL_4285_PACK,0.000758,37,0.0,CRM_1723_PACK,0.3724,CRM_1694_PACK,CRM_1595_PACK,CRM_1694_PACK,0.1212,False,True,0.2663,False,False
BIL_4286_PACK,0.00085,7,0.0,CRM_1575_PACK,0.1556,CRM_1529_PACK,CRM_1684_PACK,CRM_1809_PACK,0.2973,False,False,0.0967,False,False
BIL_4288_PACK,0.000758,41,0.975,CRM_1836_PACK,0.4152,CRM_1723_PACK,CRM_1686_PACK,CRM_1836_PACK,0.2059,True,True,0.0021,False,False
BIL_4307_PACK,0.001355,14,0.88,CRM_1753_PACK,0.634,CRM_1529_PACK,CRM_1539_PACK,CRM_1753_PACK,0.5424,True,True,0.655,False,False
BIL_4308_PACK,0.001102,10,0.75,CRM_1751_PACK,0.3669,CRM_1753_PACK,CRM_2081_PACK,CRM_1751_PACK,0.25,True,True,0.6121,False,False
BIL_4314_PACK,0.001033,6,0.0,CRM_1780_PACK,0.1874,CRM_1558_PACK,CRM_1836_PACK,CRM_1780_PACK,0.0889,True,True,0.1922,True,False
BIL_3783_PACK,0.001148,9,0.6154,CRM_2238_PACK,0.4618,CRM_1533_PACK,CRM_1563_PACK,CRM_2238_PACK,0.44,True,True,0.4905,True,False
BIL_3800_PACK,0.000666,6,0.0,CRM_2254_PACK,0.1009,CRM_2077_PACK,CRM_2079_PACK,CRM_2253_PACK,0.1034,False,False,0.1622,True,False
BIL_3814_PACK,0.000873,5,0.3333,CRM_2198_PACK,0.1958,CRM_1529_PACK,CRM_1553_PACK,CRM_2198_PACK,0.2632,True,True,0.2013,False,False
BIL_3818_PACK,0.000804,9,0.0,CRM_2093_PACK,0.0706,CRM_2078_PACK,CRM_1532_PACK,CRM_1750_PACK,0.0571,False,False,0.085,True,False
BIL_3843_PACK,0.000873,6,0.5,CRM_2216_PACK,0.2416,CRM_1538_PACK,CRM_2077_PACK,CRM_2216_PACK,0.3158,True,True,0.2447,False,False
BIL_3853_PACK,0.000666,5,0.0,CRM_1556_PACK,0.1427,CRM_1560_PACK,CRM_1538_PACK,CRM_2184_PACK,0.1034,False,False,0.048,False,False
BIL_3859_PACK,0.000827,8,0.5455,CRM_2181_PACK,0.3199,CRM_2116_PACK,CRM_1533_PACK,CRM_2181_PACK,0.1667,True,True,0.3375,False,False
BIL_3861_PACK,0.000758,4,0.4,CRM_2259_PACK,0.1632,CRM_1533_PACK,CRM_2191_PACK,CRM_2259_PACK,0.2424,True,True,0.3989,False,False
BIL_3864_PACK,0.000781,4,0.0,CRM_1594_PACK,0.1163,CRM_1582_PACK,CRM_1527_PACK,CRM_2166_PACK,0.1176,False,False,0.0092,False,False
BIL_3865_PACK,0.000643,5,0.0,CRM_1542_PACK,0.217,CRM_SUBSCRIBER_STATUS_ORIG_Barring,CRM_1533_PACK,CRM_2253_PACK,0.1429,False,False,0.0196,False,False
BIL_3866_PACK,0.000804,3,0.0,CRM_1654_PACK,0.1035,CRM_2087_PACK,CRM_1575_PACK,CRM_1747_PACK,0.0571,False,False,0.079,False,False
BIL_3867_PACK,0.001056,11,0.6667,CRM_2221_PACK,0.4458,CRM_2141_PACK,CRM_2078_PACK,CRM_2221_PACK,0.2609,True,True,0.4488,True,False
BIL_3868_PACK,0.000781,5,0.0,CRM_2081_PACK,0.0732,CRM_SUBSCRIBER_STATUS_ORIG_Suspend,CRM_1527_PACK,CRM_1846_PACK,0.0588,False,False,0.0076,False,False
BIL_3870_PACK,0.001079,4,0.4,CRM_2238_PACK,0.1896,CRM_2200_PACK,CRM_1570_PACK,CRM_2238_PACK,0.2979,True,True,0.3656,True,False
BIL_3871_PACK,0.000964,4,0.0,CRM_1671_PACK,0.0877,CRM_2088_PACK,CRM_1617_PACK,CRM_2166_PACK,0.0714,False,False,0.0069,False,False
BIL_3873_PACK,0.000643,6,0.0,CRM_1532_PACK,0.1262,CRM_1855_PACK,CRM_1563_PACK,CRM_2243_PACK,0.0714,False,False,0.1062,True,False
BIL_3875_PACK,0.001079,6,0.2857,CRM_2196_PACK,0.447,CRM_2076_PACK,CRM_2091_PACK,CRM_2196_PACK,0.2553,True,True,0.4529,True,False
BIL_3876_PACK,0.000528,3,0.0,CRM_1532_PACK,0.2839,CRM_1539_PACK,CRM_2134_PACK,CRM_1787_PACK,0.08,False,False,0.0072,False,False
BIL_3878_PACK,0.000459,4,0.0,CRM_1575_PACK,0.0814,CRM_1542_PACK,CRM_2092_PACK,CRM_1963_PACK,0.1,False,False,0.0084,False,False
BIL_3879_PACK,0.00101,7,0.0,CRM_2194_PACK,0.3424,CRM_1532_PACK,CRM_2078_PACK,CRM_2194_PACK,0.2045,True,True,0.3906,True,False
BIL_3881_PACK,0.000918,7,0.2222,CRM_2203_PACK,0.3952,CRM_2078_PACK,CRM_1542_PACK,CRM_2203_PACK,0.3,True,True,0.3993,False,False
BIL_3882_PACK,0.000781,5,0.0,CRM_2076_PACK,0.1029,CRM_2093_PACK,CRM_1538_PACK,CRM_2218_PACK,0.2353,False,False,0.0087,False,False
BIL_3883_PACK,0.00062,2,0.0,CRM_1586_PACK,0.1452,CRM_2078_PACK,CRM_1556_PACK,CRM_2226_PACK,0.0741,False,False,0.0083,True,False
BIL_3885_PACK,0.000873,5,0.0,CRM_2223_PACK,0.2416,CRM_2079_PACK,CRM_2104_PACK,CRM_2223_PACK,0.0789,True,True,0.2502,False,False
BIL_3886_PACK,0.000827,4,0.0,CRM_1532_PACK,0.2008,CRM_1553_PACK,CRM_2082_PACK,CRM_2176_PACK,0.1944,False,False,0.0046,True,False
BIL_3887_PACK,0.00062,6,0.0,CRM_1536_PACK,0.2018,CRM_1594_PACK,CRM_1539_PACK,CRM_1764_PACK,0.0741,False,False,0.0249,False,False
BIL_3888_PACK,0.000895,2,0.0,CRM_1528_PACK,0.1295,CRM_1564_PACK,CRM_1525_PACK,CRM_2208_PACK,0.0769,False,False,0.0101,False,False
BIL_3889_PACK,0.000804,6,0.0,CRM_2091_PACK,0.0761,CRM_1575_PACK,CRM_2119_PACK,CRM_1766_PACK,0.0571,False,False,0.0412,False,False
BIL_3890_PACK,0.000781,4,0.0,CRM_1861_PACK,0.0937,CRM_2089_PACK,CRM_1529_PACK,CRM_2223_PACK,0.0588,False,False,0.0998,True,False
BIL_3891_PACK,0.00085,2,0.6667,CRM_2183_PACK,0.3906,CRM_2077_PACK,CRM_2091_PACK,CRM_2183_PACK,0.1892,True,True,0.3948,True,False
BIL_3892_PACK,0.000895,10,0.8235,CRM_2204_PACK,0.4668,CRM_2090_PACK,CRM_2088_PACK,CRM_2204_PACK,0.2821,True,True,0.4691,False,False
BIL_3893_PACK,0.000781,3,0.0,CRM_2080_PACK,0.1298,CRM_2076_PACK,CRM_2093_PACK,CRM_2242_PACK,0.1471,False,False,0.0169,False,False
BIL_3894_PACK,0.00101,3,0.0,CRM_1617_PACK,0.1835,CRM_2104_PACK,CRM_1555_PACK,CRM_2166_PACK,0.0455,False,False,0.0055,True,False
BIL_3895_PACK,0.000941,7,0.3636,CRM_2244_PACK,0.496,CRM_1541_PACK,CRM_2076_PACK,CRM_2244_PACK,0.1951,True,True,0.4995,True,False
BIL_3896_PACK,0.000895,5,0.0,CRM_1553_PACK,0.0553,CRM_1539_PACK,CRM_2077_PACK,CRM_2305_PACK,0.1026,False,False,0.0758,True,False
BIL_3897_PACK,0.001056,6,0.2857,CRM_2259_PACK,0.1119,CRM_2191_PACK,CRM_2091_PACK,CRM_2191_PACK,0.1522,False,True,0.2656,False,False
BIL_3900_PACK,0.001033,5,0.5714,CRM_2187_PACK,0.3581,CRM_2088_PACK,CRM_2155_PACK,CRM_2187_PACK,0.2444,True,True,0.3609,False,False
BIL_3901_PACK,0.00085,6,0.4,CRM_2206_PACK,0.6241,CRM_2091_PACK,CRM_SUBSCRIBER_TYPE_ORIG_Prepaid,CRM_2206_PACK,0.2703,True,True,0.6325,True,False
BIL_3902_PACK,0.000781,5,0.0,CRM_1542_PACK,0.1029,CRM_1539_PACK,CRM_1524_PACK,CRM_1714_PACK,0.0588,False,False,0.0456,True,False
BIL_3905_PACK,0.000643,4,0.0,CRM_2080_PACK,0.0774,CRM_1715_PACK,CRM_1553_PACK,CRM_1703_PACK,0.0714,False,False,0.0398,False,False
BIL_3906_PACK,0.000436,5,0.0,CRM_2093_PACK,0.104,CRM_2076_PACK,CRM_1527_PACK,CRM_1956_PACK,0.1053,False,False,0.0074,False,False
BIL_3907_PACK,0.00101,6,0.4444,CRM_2236_PACK,0.4755,CRM_1575_PACK,CRM_2079_PACK,CRM_2236_PACK,0.4545,True,True,0.4797,True,True
BIL_3909_PACK,0.000459,17,0.0,CRM_1533_PACK,0.1382,CRM_2081_PACK,CRM_2077_PACK,CRM_1634_PACK,0.05,False,False,0.0072,True,False
BIL_3910_PACK,0.00085,3,0.0,CRM_1564_PACK,0.1162,CRM_1529_PACK,CRM_1553_PACK,CRM_1905_PACK,0.0811,False,False,0.0111,True,False
BIL_3911_PACK,0.000666,16,0.0,CRM_1541_PACK,0.1361,CRM_2077_PACK,CRM_1537_PACK,CRM_1868_PACK,0.069,False,False,0.0093,False,False
BIL_3913_PACK,0.000781,8,0.2222,CRM_2256_PACK,0.2053,CRM_1533_PACK,CRM_2077_PACK,CRM_2256_PACK,0.1471,True,True,0.2133,True,False
BIL_3914_PACK,0.000597,7,0.0,CRM_1527_PACK,0.1772,CRM_2234_PACK,CRM_1964_PACK,CRM_2234_PACK,0.0769,False,True,0.2074,True,False
BIL_3915_PACK,0.00062,3,0.0,CRM_2329_PACK,0.1071,CRM_1527_PACK,CRM_2082_PACK,CRM_2356_PACK,0.0741,False,False,0.114,False,False
BIL_3917_PACK,0.000712,4,0.0,CRM_1542_PACK,0.1092,CRM_2081_PACK,CRM_1606_PACK,CRM_2290_PACK,0.0968,False,False,0.0274,True,False
BIL_3918_PACK,0.000781,9,0.0,CRM_2087_PACK,0.0678,CRM_1553_PACK,CRM_2081_PACK,CRM_2250_PACK,0.0588,False,False,0.0312,True,False
BIL_3945_PACK,0.000941,8,0.6667,CRM_1729_PACK,0.324,CRM_1731_PACK,CRM_1730_PACK,CRM_1729_PACK,0.3659,True,True,0.4665,False,False
BIL_3946_PACK,0.000918,6,0.8,CRM_1731_PACK,0.4233,CRM_1730_PACK,CRM_1564_PACK,CRM_1731_PACK,0.45,True,True,0.4648,False,False
BIL_3967_PACK,0.000689,5,0.0,CRM_2262_PACK,0.0838,CRM_2128_PACK,CRM_1537_PACK,CRM_1941_PACK,0.0667,False,False,0.0893,True,False
BIL_3978_PACK,0.000827,7,0.0,CRM_1867_PACK,0.1057,CRM_2115_PACK,CRM_2122_PACK,CRM_1847_PACK,0.1111,False,False,0.1595,False,False
BIL_4007_PACK,0.001286,7,0.6,CRM_1821_PACK,0.3882,CRM_2077_PACK,CRM_1564_PACK,CRM_1821_PACK,0.1964,True,True,0.392,True,False
BIL_4069_PACK,0.000735,6,0.0,CRM_1695_PACK,0.1468,CRM_1530_PACK,CRM_1586_PACK,CRM_1766_PACK,0.3125,False,False,0.0102,False,False
BIL_4080_PACK,0.001102,16,0.8148,CRM_1858_PACK,0.5927,CRM_1595_PACK,CRM_1537_PACK,CRM_1858_PACK,0.375,True,True,0.6188,False,False
BIL_4083_PACK,0.000689,4,0.6667,CRM_1840_PACK,0.5051,CRM_1654_PACK,CRM_SUBSCRIBER_TYPE_ORIG_Postpaid,CRM_1840_PACK,0.3636,True,True,0.5088,False,False
BIL_4092_PACK,0.000895,8,0.0,CRM_1774_PACK,0.1446,CRM_2089_PACK,CRM_1541_PACK,CRM_2347_PACK,0.0769,False,False,0.1601,True,False
BIL_4094_PACK,0.000758,3,0.4,CRM_1890_PACK,0.4499,CRM_1800_PACK,CRM_1792_PACK,CRM_1890_PACK,0.2727,True,True,0.5829,False,False
BIL_4096_PACK,0.000735,9,0.0,CRM_1894_PACK,0.3,CRM_1564_PACK,CRM_1528_PACK,CRM_1894_PACK,0.0625,True,True,0.3576,True,False
BIL_4116_PACK,0.000597,8,0.2,CRM_2188_PACK,0.2911,CRM_2079_PACK,CRM_1606_PACK,CRM_2188_PACK,0.2308,True,True,0.353,False,False
BIL_4121_PACK,0.000781,2,0.0,CRM_1541_PACK,0.1286,CRM_1573_PACK,CRM_1537_PACK,CRM_1731_PACK,0.1,False,False,0.0073,True,False
BIL_4127_PACK,0.000735,1,0.0,CRM_SUBSCRIBER_STATUS_ORIG_Block_1_Way,0.2157,CRM_1606_PACK,CRM_1553_PACK,CRM_1787_PACK,0.1875,False,False,0.0065,True,False
BIL_4130_PACK,0.001033,10,0.8235,CRM_1893_PACK,0.3053,CRM_1719_PACK,CRM_1528_PACK,CRM_1893_PACK,0.1333,True,True,0.309,False,False
BIL_4133_PACK,0.000918,2,0.6667,CRM_1901_PACK,0.4391,CRM_SUBSCRIBER_TYPE_ORIG_Postpaid,CRM_1676_PACK,CRM_1901_PACK,0.35,True,True,0.4643,False,False
BIL_4134_PACK,0.001102,7,0.8333,CRM_1883_PACK,0.3621,CRM_1861_PACK,CRM_1548_PACK,CRM_1861_PACK,0.375,False,True,0.571,False,False
BIL_4138_PACK,0.001194,3,1.0,CRM_1841_PACK,0.4646,CRM_1825_PACK,CRM_1541_PACK,CRM_1841_PACK,0.4808,True,True,0.7635,True,False
BIL_4146_PACK,0.000712,1,0.0,CRM_SUBSCRIBER_STATUS_ORIG_Barring,0.1328,CRM_2090_PACK,CRM_2089_PACK,CRM_1859_PACK,0.129,False,False,0.0081,True,False
BIL_4149_PACK,0.00062,0,,CRM_2076_PACK,0.0505,CRM_1596_PACK,CRM_1533_PACK,CRM_1808_PACK,0.0741,False,False,0.0151,True,False
BIL_4158_PACK,0.001217,9,0.7143,CRM_1883_PACK,0.3037,CRM_1861_PACK,CRM_1548_PACK,CRM_1861_PACK,0.3396,False,True,0.5289,False,False
BIL_4159_PACK,0.000827,8,0.4,CRM_1854_PACK,0.3085,CRM_1594_PACK,CRM_1532_PACK,CRM_1854_PACK,0.3611,True,True,0.3122,False,False
BIL_4164_PACK,0.000918,3,0.3333,CRM_1810_PACK,0.6603,CRM_1538_PACK,CRM_1536_PACK,CRM_1810_PACK,0.2,True,True,0.6663,False,False
BIL_4169_PACK,0.001286,6,0.5,CRM_1862_PACK,0.3415,CRM_2265_PACK,CRM_1585_PACK,CRM_1862_PACK,0.1786,True,True,0.4063,True,False
BIL_4180_PACK,0.001102,9,0.7143,CRM_1728_PACK,0.5027,CRM_1542_PACK,CRM_2087_PACK,CRM_1728_PACK,0.4167,True,True,0.5051,False,False
BIL_4192_PACK,0.000895,6,0.2857,CRM_1885_PACK,0.2662,CRM_1538_PACK,CRM_1676_PACK,CRM_1885_PACK,0.1795,True,True,0.3179,False,False
BIL_4193_PACK,0.000597,4,0.0,CRM_1755_PACK,0.0835,CRM_1596_PACK,CRM_2078_PACK,CRM_2191_PACK,0.0769,False,False,0.0093,True,False
BIL_4194_PACK,0.000873,5,0.3333,CRM_1834_PACK,0.3889,CRM_1529_PACK,CRM_1536_PACK,CRM_1834_PACK,0.1316,True,True,0.3948,False,False
BIL_4199_PACK,0.000712,3,0.0,CRM_1907_PACK,0.1496,CRM_2093_PACK,CRM_1539_PACK,CRM_1855_PACK,0.0645,False,False,0.166,False,False
BIL_4202_PACK,0.000918,8,0.6667,CRM_1756_PACK,0.2824,CRM_1757_PACK,CRM_1528_PACK,CRM_1756_PACK,0.25,True,True,0.5625,True,False
BIL_4203_PACK,0.000941,10,0.5714,CRM_1756_PACK,0.3077,CRM_1757_PACK,CRM_1528_PACK,CRM_1756_PACK,0.2439,True,True,0.5651,False,False
BIL_4206_PACK,0.001102,5,0.5714,CRM_1713_PACK,0.3342,CRM_1825_PACK,CRM_1541_PACK,CRM_1713_PACK,0.2708,True,True,0.4848,False,False
BIL_4212_PACK,0.001079,5,0.0,CRM_2079_PACK,0.1831,CRM_1553_PACK,CRM_2080_PACK,CRM_1764_PACK,0.2766,False,False,0.0095,False,False
BIL_4213_PACK,0.000804,8,0.5455,CRM_1747_PACK,0.4715,CRM_2259_PACK,CRM_1575_PACK,CRM_1747_PACK,0.2571,True,True,0.5323,True,False
BIL_4214_PACK,0.000551,3,0.0,CRM_1646_PACK,0.1234,CRM_2090_PACK,CRM_1554_PACK,CRM_2207_PACK,0.0833,False,False,0.0095,False,False
BIL_4215_PACK,0.000597,2,0.0,CRM_1573_PACK,0.1293,CRM_1575_PACK,CRM_1606_PACK,CRM_1793_PACK,0.1538,False,False,0.0126,False,False
BIL_4216_PACK,0.00062,4,0.0,CRM_1888_PACK,0.5348,CRM_1556_PACK,CRM_1564_PACK,CRM_1888_PACK,0.2222,True,True,0.5381,False,False
BIL_4217_PACK,0.000689,3,0.0,CRM_1558_PACK,0.1208,CRM_2122_PACK,CRM_1556_PACK,CRM_1907_PACK,0.1333,False,False,0.0044,True,False
BIL_4218_PACK,0.000643,1,0.0,CRM_2232_PACK,0.1261,CRM_1533_PACK,CRM_SUBSCRIBER_STATUS_ORIG_Barring,CRM_1912_PACK,0.0714,False,False,0.1313,False,False
BIL_4219_PACK,0.000758,4,0.0,CRM_2137_PACK,0.1015,CRM_1547_PACK,CRM_2089_PACK,CRM_2105_PACK,0.0606,False,False,0.0344,False,False
BIL_4220_PACK,0.000804,4,0.8571,CRM_1962_PACK,0.409,CRM_1961_PACK,CRM_1558_PACK,CRM_1962_PACK,0.3714,True,True,0.7047,False,False
BIL_4221_PACK,0.000873,5,0.6667,CRM_1961_PACK,0.2768,CRM_1962_PACK,CRM_1528_PACK,CRM_1961_PACK,0.3158,True,True,0.5732,False,False
BIL_4222_PACK,0.001148,7,0.7143,CRM_1659_PACK,0.5963,CRM_1533_PACK,CRM_1607_PACK,CRM_1659_PACK,0.24,True,True,0.6125,False,False
BIL_4223_PACK,0.000758,3,0.5,CRM_1906_PACK,0.4617,CRM_1553_PACK,CRM_1855_PACK,CRM_1906_PACK,0.1515,True,True,0.5482,False,False
BIL_4224_PACK,0.00085,3,0.0,CRM_1542_PACK,0.1453,CRM_1537_PACK,CRM_1555_PACK,CRM_1795_PACK,0.0541,False,False,0.0828,False,False
BIL_4225_PACK,0.000689,2,0.0,CRM_1552_PACK,0.1231,CRM_1582_PACK,CRM_1527_PACK,CRM_1789_PACK,0.0667,False,False,0.0118,False,False
BIL_4228_PACK,0.001033,9,0.2,CRM_1946_PACK,0.4297,CRM_2080_PACK,CRM_1589_PACK,CRM_1946_PACK,0.2,True,True,0.4354,True,False
BIL_4229_PACK,0.000941,6,0.5,CRM_1880_PACK,0.3058,CRM_1585_PACK,CRM_1539_PACK,CRM_1880_PACK,0.1707,True,True,0.31,True,False
BIL_4230_PACK,0.001286,14,0.7273,CRM_1707_PACK,0.5636,CRM_SUBSCRIBER_STATUS_ORIG_Active,CRM_2077_PACK,CRM_1707_PACK,0.4643,True,True,0.5804,False,False
BIL_4231_PACK,0.000987,11,0.4286,CRM_1905_PACK,0.4471,CRM_1532_PACK,CRM_SUBSCRIBER_TYPE_ORIG_Postpaid,CRM_1905_PACK,0.2791,True,True,0.4605,True,False
BIL_4232_PACK,0.000712,4,0.0,CRM_2327_PACK,0.1242,CRM_1541_PACK,CRM_1538_PACK,CRM_2231_PACK,0.0645,False,False,0.1315,False,False
BIL_4233_PACK,0.001217,4,0.0,CRM_1555_PACK,0.0878,CRM_1566_PACK,CRM_1553_PACK,CRM_1733_PACK,0.2642,False,False,0.0131,False,False
BIL_4235_PACK,0.001102,6,0.0,CRM_1857_PACK,0.0639,CRM_1594_PACK,CRM_SUBSCRIBER_STATUS_ORIG_Block_1_Way,CRM_1827_PACK,0.0435,False,False,0.0726,True,False
BIL_4237_PACK,0.000873,6,0.6667,CRM_1800_PACK,0.2612,CRM_1815_PACK,CRM_1532_PACK,CRM_1800_PACK,0.2368,True,True,0.5131,True,False
BIL_4241_PACK,0.000666,1,0.0,CRM_1553_PACK,0.2095,CRM_1529_PACK,CRM_SUBSCRIBER_STATUS_ORIG_Active,CRM_1823_PACK,0.069,False,False,0.005,False,False
BIL_4242_PACK,0.000643,5,0.0,CRM_1850_PACK,0.2476,CRM_1527_PACK,CRM_1553_PACK,CRM_1850_PACK,0.1429,True,True,0.2543,True,False
BIL_4244_PACK,0.000987,5,0.0,CRM_1917_PACK,0.3839,CRM_1575_PACK,CRM_1541_PACK,CRM_1917_PACK,0.2558,True,True,0.401,False,False
BIL_4245_PACK,0.000964,6,0.0,CRM_1926_PACK,0.1356,CRM_2089_PACK,CRM_1917_PACK,CRM_1917_PACK,0.1905,False,True,0.2495,False,False
BIL_4246_PACK,0.000873,5,0.3333,CRM_1873_PACK,0.2048,CRM_1542_PACK,CRM_2281_PACK,CRM_1873_PACK,0.1579,True,True,0.2848,True,False
BIL_4247_PACK,0.00085,3,0.0,CRM_2114_PACK,0.0893,CRM_1524_PACK,CRM_2152_PACK,CRM_1869_PACK,0.1622,False,False,0.1449,True,False
BIL_4248_PACK,0.00101,12,0.4706,CRM_1795_PACK,0.5138,CRM_1575_PACK,CRM_2087_PACK,CRM_1795_PACK,0.2955,True,True,0.5446,False,False
BIL_4249_PACK,0.000643,7,0.25,CRM_1953_PACK,0.2909,CRM_1587_PACK,CRM_1564_PACK,CRM_1953_PACK,0.2857,True,True,0.312,False,False
BIL_4252_PACK,0.000804,4,0.0,CRM_1952_PACK,0.1496,CRM_1953_PACK,CRM_1527_PACK,CRM_1952_PACK,0.1143,True,True,0.2983,False,False
BIL_4256_PACK,0.000643,5,0.0,CRM_1553_PACK,0.1005,CRM_2127_PACK,CRM_2088_PACK,CRM_1963_PACK,0.0714,False,False,0.0093,False,False
BIL_4257_PACK,0.001102,8,0.2222,CRM_1864_PACK,0.3219,CRM_2079_PACK,CRM_1530_PACK,CRM_1864_PACK,0.3333,True,True,0.3616,True,False
BIL_4258_PACK,0.000781,6,0.0,CRM_1814_PACK,0.1589,CRM_1539_PACK,CRM_1536_PACK,CRM_1814_PACK,0.1176,True,True,0.1634,True,False
BIL_4259_PACK,0.000873,11,0.7059,CRM_1868_PACK,0.5932,CRM_1559_PACK,CRM_1553_PACK,CRM_1868_PACK,0.3158,True,True,0.5966,False,False
BIL_4260_PACK,0.000643,4,0.0,CRM_1575_PACK,0.0838,CRM_2090_PACK,CRM_SUBSCRIBER_STATUS_ORIG_Active,CRM_1787_PACK,0.1071,False,False,0.0324,False,False
BIL_4261_PACK,0.000758,5,0.0,CRM_1857_PACK,0.3039,CRM_1532_PACK,CRM_1954_PACK,CRM_1857_PACK,0.0606,True,True,0.3809,True,False
BIL_4263_PACK,0.000895,6,0.0,CRM_1903_PACK,0.2228,CRM_1816_PACK,CRM_2100_PACK,CRM_1903_PACK,0.2051,True,True,0.3377,True,False
BIL_4268_PACK,0.001056,6,0.5,CRM_1886_PACK,0.3277,CRM_1815_PACK,CRM_1583_PACK,CRM_1815_PACK,0.0652,False,True,0.5387,True,False
BIL_4270_PACK,0.00062,6,0.0,CRM_2075_PACK,0.1767,CRM_1549_PACK,CRM_2093_PACK,CRM_2075_PACK,0.1111,True,True,0.1832,True,False
BIL_4271_PACK,0.000941,7,0.0,CRM_1532_PACK,0.0953,CRM_SUBSCRIBER_STATUS_ORIG_Block_1_Way,CRM_1553_PACK,CRM_1887_PACK,0.0488,False,False,0.0329,True,False
BIL_4272_PACK,0.000597,7,0.0,CRM_1768_PACK,0.3226,CRM_1537_PACK,CRM_2082_PACK,CRM_1768_PACK,0.1154,True,True,0.3278,False,False
BIL_4273_PACK,0.000873,7,0.0,CRM_1819_PACK,0.1715,CRM_2104_PACK,CRM_SUBSCRIBER_STATUS_ORIG_Block_1_Way,CRM_1819_PACK,0.1053,True,True,0.202,True,False
BIL_4274_PACK,0.00085,4,0.8571,CRM_1703_PACK,0.5338,CRM_1558_PACK,CRM_1595_PACK,CRM_1703_PACK,0.2162,True,True,0.5376,False,False
BIL_4275_PACK,0.001401,9,0.625,CRM_1884_PACK,0.6251,CRM_1619_PACK,CRM_1541_PACK,CRM_1884_PACK,0.6885,True,True,0.6405,True,False
BIL_4276_PACK,0.000712,5,0.0,CRM_1667_PACK,0.0726,CRM_1595_PACK,CRM_1553_PACK,CRM_1636_PACK,0.0645,False,False,0.0136,True,False
BIL_4277_PACK,0.001056,7,0.0,CRM_1908_PACK,0.3957,CRM_1553_PACK,CRM_1536_PACK,CRM_1908_PACK,0.1522,True,True,0.3999,False,False
BIL_4279_PACK,0.000827,4,0.4,CRM_1933_PACK,0.285,CRM_1639_PACK,CRM_2078_PACK,CRM_1933_PACK,0.2778,True,True,0.2898,True,False
BIL_4280_PACK,0.000918,3,0.0,CRM_1782_PACK,0.352,CRM_2077_PACK,CRM_2078_PACK,CRM_1782_PACK,0.075,True,True,0.3982,False,False
BIL_4281_PACK,0.000666,3,0.0,CRM_1542_PACK,0.0814,CRM_1553_PACK,CRM_1617_PACK,CRM_2105_PACK,0.0345,False,False,0.0075,True,False
BIL_4282_PACK,0.000781,2,0.0,CRM_1614_PACK,0.1866,CRM_1575_PACK,CRM_1653_PACK,CRM_2195_PACK,0.0588,False,False,0.0045,True,False
BIL_4283_PACK,0.000482,4,0.0,CRM_1802_PACK,0.2849,CRM_2089_PACK,CRM_1594_PACK,CRM_1802_PACK,0.122,True,True,0.2889,False,False
BIL_4284_PACK,0.000689,5,0.0,CRM_1533_PACK,0.15,CRM_1539_PACK,CRM_1595_PACK,CRM_1806_PACK,0.0667,False,False,0.0295,True,False
BIL_4289_PACK,0.000689,38,0.0,CRM_1788_PACK,0.4931,CRM_1575_PACK,CRM_1686_PACK,CRM_1788_PACK,0.0667,True,True,0.4961,True,False
BIL_4290_PACK,0.000895,11,0.7059,CRM_1835_PACK,0.3399,CRM_1863_PACK,CRM_1536_PACK,CRM_1835_PACK,0.3333,True,True,0.6389,True,False
BIL_4291_PACK,0.000666,3,0.0,CRM_1732_PACK,0.1201,CRM_2078_PACK,CRM_2104_PACK,CRM_2285_PACK,0.069,False,False,0.1274,True,False
BIL_4292_PACK,0.000689,6,0.0,CRM_1899_PACK,0.3978,CRM_2132_PACK,CRM_1537_PACK,CRM_1899_PACK,0.129,True,True,0.4363,True,False
BIL_4293_PACK,0.000551,4,0.0,CRM_2117_PACK,0.1887,CRM_2089_PACK,CRM_2079_PACK,CRM_2354_PACK,0.0833,False,False,0.0076,False,False
BIL_4294_PACK,0.000827,4,0.0,CRM_1966_PACK,0.2436,CRM_1526_PACK,CRM_1537_PACK,CRM_1966_PACK,0.0833,True,True,0.2501,True,False
BIL_4297_PACK,0.000712,33,0.0,CRM_1771_PACK,0.4447,CRM_1558_PACK,CRM_1564_PACK,CRM_2270_PACK,0.0645,False,False,0.4493,True,False
BIL_4298_PACK,0.001033,3,0.0,CRM_2076_PACK,0.1633,CRM_2156_PACK,CRM_2093_PACK,CRM_1822_PACK,0.1333,False,False,0.0542,False,False
BIL_4299_PACK,0.000918,10,0.1818,CRM_1911_PACK,0.2504,CRM_SUBSCRIBER_STATUS_ORIG_Block_2_Way,CRM_SUBSCRIBER_STATUS_ORIG_Active,CRM_1911_PACK,0.2,True,True,0.2565,False,False
BIL_4301_PACK,0.000781,3,0.0,CRM_1541_PACK,0.1735,CRM_1573_PACK,CRM_1563_PACK,CRM_1817_PACK,0.0588,False,False,0.0081,False,False
BIL_4303_PACK,0.000804,12,0.6667,CRM_1835_PACK,0.3893,CRM_1863_PACK,CRM_1540_PACK,CRM_1835_PACK,0.3714,True,True,0.6771,True,False
BIL_4304_PACK,0.00085,3,0.0,CRM_1909_PACK,0.2929,CRM_1654_PACK,CRM_1536_PACK,CRM_1909_PACK,0.0811,True,True,0.3072,False,False
BIL_4305_PACK,0.000643,9,0.0,CRM_1529_PACK,0.0984,CRM_1595_PACK,CRM_1594_PACK,CRM_2183_PACK,0.0714,False,False,0.0094,True,False
BIL_4309_PACK,0.000689,2,0.0,CRM_1634_PACK,0.1985,CRM_1579_PACK,CRM_2079_PACK,CRM_1634_PACK,0.2,True,True,0.2025,False,False
BIL_4311_PACK,0.000758,5,0.0,CRM_1541_PACK,0.1246,CRM_1611_PACK,CRM_1675_PACK,CRM_2066_PACK,0.0909,False,False,0.0036,False,False
BIL_4312_PACK,0.000597,4,0.0,CRM_1541_PACK,0.2103,CRM_1575_PACK,CRM_2114_PACK,CRM_2235_PACK,0.0769,False,False,0.0071,True,False
BIL_4313_PACK,0.000643,7,0.0,CRM_1542_PACK,0.0826,CRM_SUBSCRIBER_STATUS_ORIG_Block_2_Way,CRM_2370_PACK,CRM_2248_PACK,0.0714,False,False,0.0626,False,False
BIL_4316_PACK,0.000551,5,0.0,CRM_1527_PACK,0.1195,CRM_1563_PACK,CRM_2091_PACK,CRM_2287_PACK,0.0833,False,False,0.035,True,False
BIL_4317_PACK,0.001056,5,0.5714,CRM_1736_PACK,0.439,CRM_1524_PACK,CRM_2080_PACK,CRM_1736_PACK,0.3913,True,True,0.4485,False,False
BIL_4318_PACK,0.000712,2,0.0,CRM_2104_PACK,0.1645,CRM_1627_PACK,CRM_2092_PACK,CRM_1716_PACK,0.2258,False,False,0.0034,False,False
BIL_4320_PACK,0.000735,4,0.0,CRM_1529_PACK,0.1098,CRM_1578_PACK,CRM_1774_PACK,CRM_1694_PACK,0.0625,False,False,0.0749,True,False
BIL_4323_PACK,0.000758,8,0.0,CRM_1853_PACK,0.2119,CRM_1532_PACK,CRM_1541_PACK,CRM_2309_PACK,0.0606,False,False,0.2156,True,False
BIL_4324_PACK,0.000597,5,0.0,CRM_1895_PACK,0.2339,CRM_2340_PACK,CRM_1527_PACK,CRM_1895_PACK,0.1538,True,True,0.2983,False,False
BIL_4325_PACK,0.00062,6,0.0,CRM_1533_PACK,0.2254,CRM_1828_PACK,CRM_1527_PACK,CRM_1852_PACK,0.0741,False,False,0.0977,True,False
BIL_4326_PACK,0.000827,8,0.0,CRM_2076_PACK,0.0943,CRM_1896_PACK,CRM_1690_PACK,CRM_1801_PACK,0.0556,False,False,0.1757,True,False
BIL_4328_PACK,0.000712,5,0.0,CRM_1555_PACK,0.1546,CRM_1527_PACK,CRM_1547_PACK,CRM_1649_PACK,0.0645,False,False,0.0206,False,False
BIL_4329_PACK,0.000735,2,0.0,CRM_2087_PACK,0.1805,CRM_2090_PACK,CRM_2077_PACK,CRM_1807_PACK,0.0625,False,False,0.0055,True,False
BIL_4330_PACK,0.000712,5,0.0,CRM_1944_PACK,0.4979,CRM_1527_PACK,CRM_1529_PACK,CRM_1944_PACK,0.0968,True,True,0.5013,False,False
BIL_4332_PACK,0.000758,5,0.0,CRM_2081_PACK,0.0782,CRM_2088_PACK,CRM_1629_PACK,CRM_1686_PACK,0.0615,False,False,0.0313,True,False
BIL_4333_PACK,0.000689,7,0.25,CRM_2148_PACK,0.1117,CRM_1686_PACK,CRM_1900_PACK,CRM_1900_PACK,0.2333,False,True,0.1234,False,False
BIL_4336_PACK,0.000666,2,0.0,CRM_1589_PACK,0.1393,CRM_2091_PACK,CRM_2080_PACK,CRM_1782_PACK,0.069,False,False,0.0098,False,False
BIL_4337_PACK,0.000941,5,0.0,CRM_1537_PACK,0.0741,CRM_2203_PACK,CRM_2338_PACK,CRM_1856_PACK,0.0976,False,False,0.1739,False,False
BIL_4338_PACK,0.000804,4,0.0,CRM_2088_PACK,0.1973,CRM_2255_PACK,CRM_1537_PACK,CRM_1956_PACK,0.0571,False,False,0.0706,True,False
BIL_4339_PACK,0.000758,10,0.3333,CRM_1896_PACK,0.2432,CRM_1587_PACK,CRM_1524_PACK,CRM_1896_PACK,0.1892,True,True,0.2775,False,False
BIL_4340_PACK,0.000804,5,0.0,CRM_2076_PACK,0.1794,CRM_1594_PACK,CRM_2079_PACK,CRM_1911_PACK,0.0571,False,False,0.0116,True,False
BIL_4341_PACK,0.000689,4,0.0,CRM_1533_PACK,0.1944,CRM_1583_PACK,CRM_1556_PACK,CRM_2276_PACK,0.1333,False,False,0.0079,True,False
BIL_4342_PACK,0.000597,3,0.0,CRM_1950_PACK,0.2363,CRM_1582_PACK,CRM_1558_PACK,CRM_1950_PACK,0.0769,True,True,0.2409,True,False
BIL_4343_PACK,0.00085,0,,CRM_1527_PACK,0.0968,CRM_1553_PACK,CRM_1575_PACK,CRM_2283_PACK,0.1622,False,False,0.0179,False,False
BIL_4344_PACK,0.000735,4,0.0,CRM_1863_PACK,0.2267,CRM_2093_PACK,CRM_1524_PACK,CRM_1822_PACK,0.0625,False,False,0.2339,True,False
BIL_4346_PACK,0.000735,4,0.0,CRM_1723_PACK,0.1563,CRM_2072_PACK,CRM_1536_PACK,CRM_1900_PACK,0.125,False,False,0.1606,False,False
BIL_4349_PACK,0.000827,5,0.0,CRM_2301_PACK,0.1906,CRM_1575_PACK,CRM_2093_PACK,CRM_2301_PACK,0.0833,True,True,0.1997,True,False
BIL_4351_PACK,0.000758,3,0.0,CRM_1619_PACK,0.0891,CRM_1583_PACK,CRM_2080_PACK,CRM_1888_PACK,0.0606,False,False,0.0073,True,False
BIL_4353_PACK,0.000804,5,0.0,CRM_1878_PACK,0.0945,CRM_2120_PACK,CRM_1617_PACK,CRM_2237_PACK,0.1143,False,False,0.1022,True,False
BIL_4365_PACK,0.001056,7,0.4,CRM_2267_PACK,0.4379,CRM_1658_PACK,CRM_1527_PACK,CRM_2267_PACK,0.2826,True,True,0.4434,True,False
BIL_4366_PACK,0.000895,5,0.3333,CRM_2302_PACK,0.2173,CRM_1541_PACK,CRM_1553_PACK,CRM_2302_PACK,0.1282,True,True,0.2256,True,False
BIL_4370_PACK,0.000597,6,0.0,CRM_2299_PACK,0.2722,CRM_1542_PACK,CRM_2091_PACK,CRM_2195_PACK,0.0769,False,False,0.2752,False,False
BIL_4374_PACK,0.000827,11,0.0,CRM_1542_PACK,0.0648,CRM_1620_PACK,CRM_1556_PACK,CRM_1792_PACK,0.0833,False,False,0.0069,True,False
BIL_4376_PACK,0.000551,5,0.0,CRM_1588_PACK,0.0976,CRM_1555_PACK,CRM_SUBSCRIBER_STATUS_ORIG_Block_2_Way,CRM_1892_PACK,0.125,False,False,0.0097,False,False
BIL_4387_PACK,0.000574,7,0.0,CRM_1732_PACK,0.0868,CRM_1537_PACK,CRM_1553_PACK,CRM_2069_PACK,0.08,False,False,0.1307,True,False
BIL_4389_PACK,0.000804,6,0.0,CRM_1529_PACK,0.1072,CRM_2061_PACK,CRM_1617_PACK,CRM_1941_PACK,0.0571,False,False,0.0938,False,False
BIL_4390_PACK,0.000735,3,0.0,CRM_1575_PACK,0.0751,CRM_1525_PACK,CRM_SUBSCRIBER_STATUS_ORIG_Block_2_Way,CRM_1946_PACK,0.0938,False,False,0.011,False,False
BIL_4394_PACK,0.000597,2,0.0,CRM_1594_PACK,0.1921,CRM_1541_PACK,CRM_1525_PACK,CRM_1941_PACK,0.069,False,False,0.0072,True,False
BIL_4399_PACK,0.000735,7,0.0,CRM_1575_PACK,0.0903,CRM_1591_PACK,CRM_SUBSCRIBER_STATUS_ORIG_Active,CRM_2213_PACK,0.0938,False,False,0.0213,False,False
BIL_4404_PACK,0.000804,7,0.0,CRM_1606_PACK,0.0975,CRM_1586_PACK,CRM_1538_PACK,CRM_2226_PACK,0.0857,False,False,0.0222,True,False
BIL_4405_PACK,0.000551,4,0.0,CRM_1542_PACK,0.1404,CRM_1537_PACK,CRM_1606_PACK,CRM_2387_PACK,0.0833,False,False,0.0081,False,False
BIL_4408_PACK,0.000459,7,0.25,CRM_1912_PACK,0.1541,CRM_1675_PACK,CRM_1522_PACK,CRM_1912_PACK,0.1667,True,True,0.2054,False,False
BIL_4414_PACK,0.000781,5,0.3333,CRM_2070_PACK,0.1576,CRM_1575_PACK,CRM_2069_PACK,CRM_1846_PACK,0.0588,False,False,0.2357,True,False
BIL_4416_PACK,0.000918,4,0.4,CRM_2069_PACK,0.2506,CRM_1527_PACK,CRM_1564_PACK,CRM_2069_PACK,0.15,True,True,0.2596,False,False
BIL_4453_PACK,0.000941,5,0.0,CRM_1902_PACK,0.15,CRM_1609_PACK,CRM_1537_PACK,CRM_1622_PACK,0.0488,False,False,0.2051,False,False
BIL_3903_PACK,0.000712,3,0.0,CRM_1583_PACK,0.1529,CRM_1536_PACK,CRM_2080_PACK,CRM_2228_PACK,0.0645,False,False,0.0085,True,False
BIL_3904_PACK,0.000735,7,0.0,CRM_1542_PACK,0.1008,CRM_2303_PACK,CRM_1533_PACK,CRM_1885_PACK,0.0625,False,False,0.1241,True,False
BIL_3908_PACK,0.000827,9,0.0,CRM_2320_PACK,0.0888,CRM_1570_PACK,CRM_1555_PACK,CRM_1787_PACK,0.0556,False,False,0.097,True,False
BIL_3916_PACK,0.000873,4,0.0,CRM_2088_PACK,0.1399,CRM_1575_PACK,CRM_2090_PACK,CRM_1622_PACK,0.0526,False,False,0.0155,True,False
BIL_4128_PACK,0.000643,1,0.0,CRM_1542_PACK,0.1351,CRM_2087_PACK,CRM_1556_PACK,CRM_1822_PACK,0.0714,False,False,0.0169,False,False
BIL_4185_PACK,0.000528,4,0.0,CRM_2079_PACK,0.0837,CRM_2078_PACK,CRM_2077_PACK,CRM_2252_PACK,0.087,False,False,0.0081,True,False
BIL_4190_PACK,0.000551,7,0.0,CRM_1538_PACK,0.1568,CRM_1606_PACK,CRM_1556_PACK,CRM_1857_PACK,0.125,False,False,0.0078,True,False
BIL_4211_PACK,0.000735,3,0.0,CRM_2076_PACK,0.1329,CRM_1539_PACK,CRM_1595_PACK,CRM_2176_PACK,0.0625,False,False,0.0074,True,False
BIL_4239_PACK,0.000551,4,0.0,CRM_2088_PACK,0.0995,CRM_1533_PACK,CRM_1553_PACK,CRM_1751_PACK,0.0571,False,False,0.0456,False,False
BIL_4243_PACK,0.000551,2,0.0,CRM_SUBSCRIBER_STATUS_ORIG_Suspend,0.1599,CRM_1553_PACK,CRM_2088_PACK,CRM_2229_PACK,0.0833,False,False,0.0097,False,False
BIL_4264_PACK,0.000781,7,0.0,CRM_2087_PACK,0.1073,CRM_1541_PACK,CRM_1575_PACK,CRM_1789_PACK,0.0588,False,False,0.0053,True,False
BIL_4265_PACK,0.000574,4,0.0,CRM_2079_PACK,0.1173,CRM_1538_PACK,CRM_1594_PACK,CRM_2230_PACK,0.08,False,False,0.011,True,False
BIL_4266_PACK,0.00062,4,0.0,CRM_2087_PACK,0.0694,CRM_SUBSCRIBER_TYPE_ORIG_Prepaid,CRM_1653_PACK,CRM_1863_PACK,0.0882,False,False,0.0173,False,False
BIL_4287_PACK,0.000597,3,0.0,CRM_1533_PACK,0.1376,CRM_1537_PACK,CRM_1527_PACK,CRM_1622_PACK,0.0741,False,False,0.008,True,False
BIL_4295_PACK,0.000735,2,0.0,CRM_1542_PACK,0.0901,CRM_1541_PACK,CRM_1527_PACK,CRM_2064_PACK,0.0625,False,False,0.0073,True,False
BIL_4296_PACK,0.000551,3,0.0,CRM_1690_PACK,0.1545,CRM_1555_PACK,CRM_2091_PACK,CRM_2064_PACK,0.0833,False,False,0.0082,False,False
BIL_4300_PACK,0.000643,7,0.0,CRM_2089_PACK,0.1037,CRM_1537_PACK,CRM_2088_PACK,CRM_1881_PACK,0.0714,False,False,0.0088,False,False
BIL_4302_PACK,0.000781,2,0.0,CRM_1653_PACK,0.0987,CRM_1553_PACK,CRM_1555_PACK,CRM_1941_PACK,0.0588,False,False,0.0076,False,False
BIL_4306_PACK,0.000758,5,0.0,CRM_2091_PACK,0.1117,CRM_1575_PACK,CRM_1587_PACK,CRM_1893_PACK,0.0606,False,False,0.0614,False,False
BIL_4315_PACK,0.000827,3,0.0,CRM_1638_PACK,0.1253,CRM_SUBSCRIBER_STATUS_ORIG_Suspend,CRM_1553_PACK,CRM_2395_PACK,0.1111,False,False,0.0139,True,False
BIL_4321_PACK,0.000551,4,0.0,CRM_2093_PACK,0.1338,CRM_2076_PACK,CRM_1553_PACK,CRM_2227_PACK,0.0833,False,False,0.0333,True,False
BIL_4327_PACK,0.000689,4,0.0,CRM_1532_PACK,0.1861,CRM_1555_PACK,CRM_1527_PACK,CRM_2211_PACK,0.1,False,False,0.0143,True,False
BIL_4334_PACK,0.000643,2,0.0,CRM_1594_PACK,0.0807,CRM_2080_PACK,CRM_1553_PACK,CRM_1789_PACK,0.0714,False,False,0.0055,True,False
BIL_4335_PACK,0.000781,5,0.0,CRM_2147_PACK,0.0895,CRM_1530_PACK,CRM_1533_PACK,CRM_1860_PACK,0.0882,False,False,0.0151,False,False
BIL_4345_PACK,0.000941,4,0.0,CRM_1575_PACK,0.0911,CRM_1533_PACK,CRM_1547_PACK,CRM_1771_PACK,0.0488,False,False,0.0077,False,False
BIL_4347_PACK,0.000528,2,0.0,CRM_2165_PACK,0.2128,CRM_2360_PACK,CRM_2090_PACK,CRM_2072_PACK,0.087,False,False,0.3343,False,False
BIL_4348_PACK,0.000528,4,0.0,CRM_1532_PACK,0.1387,CRM_1563_PACK,CRM_1555_PACK,CRM_2191_PACK,0.08,False,False,0.0481,True,False
BIL_4350_PACK,0.000781,5,0.0,CRM_1772_PACK,0.0753,CRM_2255_PACK,CRM_1533_PACK,CRM_2232_PACK,0.0882,False,False,0.1537,True,False
BIL_4354_PACK,0.00085,2,0.0,CRM_SUBSCRIBER_STATUS_ORIG_Barring,0.096,CRM_2092_PACK,CRM_2080_PACK,CRM_1756_PACK,0.0541,False,False,0.012,True,False
BIL_4355_PACK,0.000712,2,0.0,CRM_1537_PACK,0.1981,CRM_2134_PACK,CRM_1531_PACK,CRM_1840_PACK,0.0606,False,False,0.0081,True,False
BIL_4356_PACK,0.000528,7,0.0,CRM_1527_PACK,0.083,CRM_1531_PACK,CRM_SUBSCRIBER_STATUS_ORIG_Barring,CRM_1857_PACK,0.087,False,False,0.0073,False,False
BIL_4357_PACK,0.000482,8,0.0,CRM_1575_PACK,0.1476,CRM_2091_PACK,CRM_1563_PACK,CRM_2282_PACK,0.0952,False,False,0.0827,True,False
BIL_4358_PACK,0.000505,3,0.0,CRM_2104_PACK,0.175,CRM_1540_PACK,CRM_1527_PACK,CRM_2096_PACK,0.0455,False,False,0.0078,True,False
BIL_4359_PACK,0.000666,6,0.0,CRM_1556_PACK,0.1638,CRM_1596_PACK,CRM_1616_PACK,CRM_1841_PACK,0.0426,False,False,0.0477,True,False
BIL_4360_PACK,0.00062,2,0.0,CRM_SUBSCRIBER_STATUS_ORIG_Block_1_Way,0.0768,CRM_1536_PACK,CRM_2089_PACK,CRM_1767_PACK,0.0938,False,False,0.0164,False,False
BIL_4361_PACK,0.000781,4,0.0,CRM_2087_PACK,0.137,CRM_2078_PACK,CRM_2106_PACK,CRM_2191_PACK,0.0588,False,False,0.0063,False,False
BIL_4362_PACK,0.000781,5,0.0,CRM_1555_PACK,0.0926,CRM_1623_PACK,CRM_SUBSCRIBER_STATUS_ORIG_Barring,CRM_1781_PACK,0.0408,False,False,0.0111,True,False
BIL_4363_PACK,0.000689,6,0.0,CRM_1575_PACK,0.1069,CRM_1538_PACK,CRM_1536_PACK,CRM_2297_PACK,0.0667,False,False,0.0137,False,False
BIL_4367_PACK,0.000712,4,0.0,CRM_1575_PACK,0.1,CRM_1730_PACK,CRM_1601_PACK,CRM_1805_PACK,0.0645,False,False,0.0074,False,False
BIL_4368_PACK,0.000666,6,0.0,CRM_2089_PACK,0.0912,CRM_1586_PACK,CRM_1644_PACK,CRM_1850_PACK,0.069,False,False,0.0306,False,False
BIL_4369_PACK,0.000689,6,0.0,CRM_2080_PACK,0.0764,CRM_1537_PACK,CRM_1575_PACK,CRM_1873_PACK,0.0667,False,False,0.0076,False,False
BIL_4371_PACK,0.000528,2,0.0,CRM_1533_PACK,0.1245,CRM_1537_PACK,CRM_1542_PACK,CRM_1872_PACK,0.087,False,False,0.0086,False,False
BIL_4372_PACK,0.000689,4,0.0,CRM_1533_PACK,0.1392,CRM_1563_PACK,CRM_1547_PACK,CRM_1886_PACK,0.0667,False,False,0.0051,True,False
BIL_4373_PACK,0.000781,3,0.0,CRM_1527_PACK,0.1523,CRM_1557_PACK,CRM_1555_PACK,CRM_1767_PACK,0.0588,False,False,0.0079,False,False
BIL_4375_PACK,0.000505,3,0.0,CRM_1583_PACK,0.1134,CRM_2077_PACK,CRM_1527_PACK,CRM_1774_PACK,0.0455,False,False,0.007,False,False
BIL_4377_PACK,0.000528,3,0.0,CRM_1570_PACK,0.2001,CRM_1527_PACK,CRM_SUBSCRIBER_STATUS_ORIG_Active,CRM_1892_PACK,0.087,False,False,0.0649,True,False
BIL_4378_PACK,0.000895,5,0.0,CRM_1617_PACK,0.1517,CRM_1575_PACK,CRM_1542_PACK,CRM_2175_PACK,0.0566,False,False,0.0107,False,False
BIL_4379_PACK,0.000436,5,0.0,CRM_1564_PACK,0.1385,CRM_1529_PACK,CRM_1754_PACK,CRM_2280_PACK,0.1053,False,False,0.0083,False,False
BIL_4380_PACK,0.000873,7,0.0,CRM_1638_PACK,0.11,CRM_1575_PACK,CRM_1532_PACK,CRM_1810_PACK,0.0526,False,False,0.0082,True,False
BIL_4381_PACK,0.00062,7,0.0,CRM_1553_PACK,0.0877,CRM_1608_PACK,CRM_2343_PACK,CRM_2253_PACK,0.0741,False,False,0.1262,False,False
BIL_4382_PACK,0.000941,6,0.0,CRM_1575_PACK,0.0964,CRM_2089_PACK,CRM_1539_PACK,CRM_1767_PACK,0.0488,False,False,0.0122,False,False
BIL_4383_PACK,0.000712,7,0.0,CRM_2087_PACK,0.141,CRM_2077_PACK,CRM_1556_PACK,CRM_1877_PACK,0.0909,False,False,0.0564,False,False
BIL_4384_PACK,0.000712,1,0.0,CRM_2119_PACK,0.1615,CRM_1575_PACK,CRM_1538_PACK,CRM_1963_PACK,0.0645,False,False,0.0078,True,False
BIL_4385_PACK,0.000758,3,0.0,CRM_1553_PACK,0.1196,CRM_1625_PACK,CRM_1527_PACK,CRM_2145_PACK,0.0606,False,False,0.0128,False,False
BIL_4386_PACK,0.000528,4,0.0,CRM_2104_PACK,0.0972,CRM_1533_PACK,CRM_1527_PACK,CRM_2292_PACK,0.087,False,False,0.0114,False,False
BIL_4388_PACK,0.000758,6,0.0,CRM_SUBSCRIBER_STATUS_ORIG_Block_2_Way,0.0997,CRM_1543_PACK,CRM_1578_PACK,CRM_2336_PACK,0.0606,False,False,0.0074,True,False
BIL_4391_PACK,0.000551,2,0.0,CRM_SUBSCRIBER_STATUS_ORIG_Block_2_Way,0.0812,CRM_1553_PACK,CRM_1588_PACK,CRM_1714_PACK,0.0417,False,False,0.0054,True,False
BIL_4392_PACK,0.000804,5,0.0,CRM_1575_PACK,0.1098,CRM_1570_PACK,CRM_1533_PACK,CRM_1941_PACK,0.0857,False,False,0.0104,True,False
BIL_4393_PACK,0.000666,6,0.0,CRM_1596_PACK,0.1386,CRM_2272_PACK,CRM_1554_PACK,CRM_2293_PACK,0.069,False,False,0.1276,True,False
BIL_4396_PACK,0.000436,5,0.0,CRM_2076_PACK,0.1602,CRM_2238_PACK,CRM_1575_PACK,CRM_1851_PACK,0.0526,False,False,0.1274,False,False
BIL_4397_PACK,0.000459,6,0.0,CRM_1583_PACK,0.0823,CRM_2174_PACK,CRM_2106_PACK,CRM_2096_PACK,0.05,False,False,0.0572,False,False
BIL_4398_PACK,0.000643,4,0.0,CRM_1850_PACK,0.1392,CRM_1545_PACK,CRM_1532_PACK,CRM_2184_PACK,0.0714,False,False,0.1491,True,False
BIL_4400_PACK,0.000781,3,0.0,CRM_2081_PACK,0.1082,CRM_1710_PACK,CRM_1591_PACK,CRM_1714_PACK,0.0588,False,False,0.006,False,False
BIL_4401_PACK,0.000712,4,0.0,CRM_2085_PACK,0.1159,CRM_1570_PACK,CRM_SUBSCRIBER_STATUS_ORIG_Active,CRM_2360_PACK,0.0645,False,False,0.0052,False,False
BIL_4402_PACK,0.000551,8,0.0,CRM_2156_PACK,0.0746,CRM_2169_PACK,CRM_2148_PACK,CRM_1857_PACK,0.0833,False,False,0.0231,False,False
BIL_4403_PACK,0.000505,2,0.0,CRM_2085_PACK,0.1235,CRM_2079_PACK,CRM_1537_PACK,CRM_2373_PACK,0.0909,False,False,0.0095,False,False
BIL_4406_PACK,0.000712,2,0.0,CRM_1545_PACK,0.1231,CRM_1586_PACK,CRM_1532_PACK,CRM_1788_PACK,0.0645,False,False,0.0115,True,False
BIL_4407_PACK,0.000712,5,0.0,CRM_2079_PACK,0.132,CRM_1617_PACK,CRM_1529_PACK,CRM_1876_PACK,0.0645,False,False,0.0332,False,False
BIL_4409_PACK,0.00062,9,0.0,CRM_1553_PACK,0.1065,CRM_1564_PACK,CRM_2077_PACK,CRM_1771_PACK,0.0741,False,False,0.0074,False,False
BIL_4410_PACK,0.00062,0,,CRM_1594_PACK,0.086,CRM_1532_PACK,CRM_1575_PACK,CRM_2069_PACK,0.1111,False,False,0.0167,True,False
BIL_4411_PACK,0.000574,3,0.0,CRM_1575_PACK,0.1649,CRM_2103_PACK,CRM_2093_PACK,CRM_1789_PACK,0.08,False,False,0.0074,False,False
BIL_4412_PACK,0.000941,2,0.0,CRM_1606_PACK,0.1183,CRM_1648_PACK,CRM_1564_PACK,CRM_1713_PACK,0.0488,False,False,0.0088,False,False
BIL_4413_PACK,0.000643,5,0.0,CRM_1532_PACK,0.1281,CRM_2076_PACK,CRM_1795_PACK,CRM_1892_PACK,0.0714,False,False,0.0679,False,False
BIL_4415_PACK,0.000781,1,0.0,CRM_1575_PACK,0.1569,CRM_2093_PACK,CRM_2079_PACK,CRM_1951_PACK,0.0882,False,False,0.0067,True,False
BIL_4417_PACK,0.000528,3,0.0,CRM_2076_PACK,0.1307,CRM_2081_PACK,CRM_1813_PACK,CRM_1829_PACK,0.0435,False,False,0.1328,True,False
BIL_4418_PACK,0.000735,3,0.0,CRM_1585_PACK,0.0956,CRM_1553_PACK,CRM_1538_PACK,CRM_1714_PACK,0.0625,False,False,0.0086,True,False
BIL_4419_PACK,0.000643,6,0.0,CRM_1528_PACK,0.0988,CRM_1676_PACK,CRM_2139_PACK,CRM_2230_PACK,0.0714,False,False,0.0074,True,False
BIL_4420_PACK,0.000597,4,0.0,CRM_1590_PACK,0.1439,CRM_1594_PACK,CRM_1606_PACK,CRM_1847_PACK,0.0769,False,False,0.0081,True,False
BIL_4421_PACK,0.000666,2,0.0,CRM_1641_PACK,0.1875,CRM_1588_PACK,CRM_1586_PACK,CRM_2215_PACK,0.1034,False,False,0.0088,False,False
BIL_4422_PACK,0.000551,2,0.0,CRM_1537_PACK,0.1141,CRM_1530_PACK,CRM_2088_PACK,CRM_2208_PACK,0.0769,False,False,0.0146,True,False
BIL_4423_PACK,0.000804,2,0.0,CRM_1542_PACK,0.1876,CRM_1533_PACK,CRM_2134_PACK,CRM_2231_PACK,0.0571,False,False,0.0041,True,False
BIL_4424_PACK,0.000781,4,0.0,CRM_1741_PACK,0.1267,CRM_1553_PACK,CRM_1533_PACK,CRM_2362_PACK,0.0588,False,False,0.0298,True,False
BIL_4425_PACK,0.000528,2,0.0,CRM_2089_PACK,0.097,CRM_2081_PACK,CRM_2078_PACK,CRM_2340_PACK,0.087,False,False,0.0048,False,False
BIL_4426_PACK,0.00085,5,0.0,CRM_1734_PACK,0.1136,CRM_1583_PACK,CRM_1556_PACK,CRM_1734_PACK,0.0806,True,True,0.1116,True,False
BIL_4427_PACK,0.000781,5,0.0,CRM_1617_PACK,0.1093,CRM_2128_PACK,CRM_2088_PACK,CRM_2259_PACK,0.0588,False,False,0.0513,False,False
BIL_4428_PACK,0.000918,3,0.0,CRM_1575_PACK,0.1775,CRM_1964_PACK,CRM_2087_PACK,CRM_1890_PACK,0.05,False,False,0.1696,False,False
BIL_4429_PACK,0.000666,2,0.0,CRM_1647_PACK,0.3266,CRM_1524_PACK,CRM_1625_PACK,CRM_1943_PACK,0.069,False,False,0.0054,False,False
BIL_4430_PACK,0.000804,2,0.0,CRM_1532_PACK,0.2185,CRM_1617_PACK,CRM_1575_PACK,CRM_2311_PACK,0.0857,False,False,0.006,True,False
BIL_4431_PACK,0.000895,6,0.0,CRM_1542_PACK,0.111,CRM_1539_PACK,CRM_1537_PACK,CRM_1729_PACK,0.0513,False,False,0.0076,True,False
BIL_4432_PACK,0.000505,7,0.0,CRM_2077_PACK,0.1242,CRM_1556_PACK,CRM_2072_PACK,CRM_2266_PACK,0.0909,False,False,0.1194,True,False
BIL_4433_PACK,0.000804,6,0.0,CRM_2093_PACK,0.141,CRM_2174_PACK,CRM_1541_PACK,CRM_1774_PACK,0.0571,False,False,0.0322,True,False
BIL_4435_PACK,0.000735,3,0.0,CRM_1538_PACK,0.1854,CRM_2089_PACK,CRM_1527_PACK,CRM_1949_PACK,0.0625,False,False,0.0094,False,False
BIL_4436_PACK,0.000895,3,0.0,CRM_1532_PACK,0.1824,CRM_1553_PACK,CRM_1555_PACK,CRM_2385_PACK,0.0769,False,False,0.011,True,False
BIL_4437_PACK,0.000597,6,0.0,CRM_1570_PACK,0.1076,CRM_1575_PACK,CRM_1641_PACK,CRM_2071_PACK,0.0769,False,False,0.0077,False,False
BIL_4439_PACK,0.000666,4,0.0,CRM_1782_PACK,0.1529,CRM_2087_PACK,CRM_1575_PACK,CRM_2184_PACK,0.069,False,False,0.1585,False,False
BIL_4440_PACK,0.000597,3,0.0,CRM_1558_PACK,0.1234,CRM_1738_PACK,CRM_1542_PACK,CRM_1887_PACK,0.0769,False,False,0.0896,False,False
BIL_4441_PACK,0.000804,4,0.0,CRM_1538_PACK,0.1437,CRM_1527_PACK,CRM_1586_PACK,CRM_2248_PACK,0.0571,False,False,0.0066,False,False
BIL_4442_PACK,0.000758,6,0.0,CRM_2387_PACK,0.0905,CRM_1546_PACK,CRM_1570_PACK,CRM_1771_PACK,0.0606,False,False,0.1304,True,False
BIL_4443_PACK,0.000666,4,0.0,CRM_2132_PACK,0.0996,CRM_2077_PACK,CRM_1575_PACK,CRM_1866_PACK,0.069,False,False,0.0083,True,False
BIL_4444_PACK,0.000987,3,0.0,CRM_2080_PACK,0.1255,CRM_2091_PACK,CRM_1575_PACK,CRM_1729_PACK,0.0698,False,False,0.0109,False,False
BIL_4445_PACK,0.000712,3,0.0,CRM_1895_PACK,0.1863,CRM_1529_PACK,CRM_2079_PACK,CRM_1809_PACK,0.0645,False,False,0.1931,False,False
BIL_4446_PACK,0.000689,3,0.0,CRM_2093_PACK,0.1436,CRM_2077_PACK,CRM_2091_PACK,CRM_1807_PACK,0.0667,False,False,0.0055,True,False
BIL_4447_PACK,0.000781,3,0.0,CRM_1553_PACK,0.1444,CRM_1653_PACK,CRM_1570_PACK,CRM_1749_PACK,0.0588,False,False,0.0135,False,False
BIL_4448_PACK,0.000551,10,0.0,CRM_2076_PACK,0.0833,CRM_2089_PACK,CRM_1533_PACK,CRM_1677_PACK,0.0833,False,False,0.0292,True,False
BIL_4449_PACK,0.00062,4,0.0,CRM_2078_PACK,0.104,CRM_1556_PACK,CRM_2093_PACK,CRM_2263_PACK,0.0741,False,False,0.0095,True,False
BIL_4450_PACK,0.000804,3,0.0,CRM_2077_PACK,0.2677,CRM_SUBSCRIBER_STATUS_ORIG_Suspend,CRM_1533_PACK,CRM_2309_PACK,0.0571,False,False,0.0249,False,False
BIL_4451_PACK,0.000643,1,0.0,CRM_1573_PACK,0.4248,CRM_1606_PACK,CRM_SUBSCRIBER_STATUS_ORIG_Active,CRM_2208_PACK,0.0714,False,False,0.0072,True,False
BIL_4452_PACK,0.000413,5,0.0,CRM_2089_PACK,0.1073,CRM_SUBSCRIBER_STATUS_ORIG_Block_2_Way,CRM_SUBSCRIBER_STATUS_ORIG_Active,CRM_1878_PACK,0.0556,False,False,0.0064,False,False
BIL_4454_PACK,0.000597,3,0.0,CRM_2112_PACK,0.1807,CRM_1539_PACK,CRM_1810_PACK,CRM_2184_PACK,0.0769,False,False,0.0972,True,False
BIL_4455_PACK,0.000528,9,0.0,CRM_1653_PACK,0.0757,CRM_2079_PACK,CRM_1553_PACK,CRM_1876_PACK,0.087,False,False,0.0094,True,False
BIL_4456_PACK,0.000712,4,0.0,CRM_1617_PACK,0.1016,CRM_1625_PACK,CRM_1594_PACK,CRM_2287_PACK,0.0645,False,False,0.0049,False,False
BIL_4457_PACK,0.000735,6,0.0,CRM_1730_PACK,0.1136,CRM_1583_PACK,CRM_1519_PACK,CRM_2165_PACK,0.0625,False,False,0.0362,True,False
BIL_4458_PACK,0.000758,4,0.0,CRM_1541_PACK,0.099,CRM_2255_PACK,CRM_2077_PACK,CRM_2229_PACK,0.0606,False,False,0.0572,False,False
BIL_4459_PACK,0.000804,0,,CRM_1542_PACK,0.2293,CRM_1532_PACK,CRM_SUBSCRIBER_STATUS_ORIG_Active,CRM_1717_PACK,0.0571,False,False,0.0128,False,False
BIL_4460_PACK,0.00062,6,0.0,CRM_2077_PACK,0.1044,CRM_1555_PACK,CRM_1553_PACK,CRM_1749_PACK,0.037,False,False,0.0502,False,False
BIL_4461_PACK,0.000873,0,,CRM_2091_PACK,0.0809,CRM_2079_PACK,CRM_2148_PACK,CRM_1694_PACK,0.0526,False,False,0.0115,True,False
BIL_4462_PACK,0.00062,4,0.0,CRM_1617_PACK,0.1175,CRM_1561_PACK,CRM_1789_PACK,CRM_1694_PACK,0.037,False,False,0.0635,False,False
BIL_4463_PACK,0.000781,2,0.0,CRM_1570_PACK,0.1233,CRM_1553_PACK,CRM_1527_PACK,CRM_2185_PACK,0.0588,False,False,0.0074,True,False
BIL_4464_PACK,0.000482,3,0.0,CRM_1542_PACK,0.1157,CRM_2078_PACK,CRM_1594_PACK,CRM_1677_PACK,0.0476,False,False,0.0049,True,False
BIL_4465_PACK,0.000574,3,0.0,CRM_1547_PACK,0.0885,CRM_2078_PACK,CRM_1538_PACK,CRM_1787_PACK,0.08,False,False,0.0071,True,False
BIL_4466_PACK,0.00062,5,0.0,CRM_1538_PACK,0.1541,CRM_2292_PACK,CRM_1532_PACK,CRM_2342_PACK,0.0741,False,False,0.1539,False,False
BIL_4467_PACK,0.00062,1,0.0,CRM_1529_PACK,0.2718,CRM_1532_PACK,CRM_1527_PACK,CRM_1950_PACK,0.0741,False,False,0.005,False,False
BIL_4468_PACK,0.000666,4,0.0,CRM_1575_PACK,0.1234,CRM_1529_PACK,CRM_1586_PACK,CRM_2096_PACK,0.069,False,False,0.0883,False,False
BIL_4504_PACK,0.00062,5,0.0,CRM_1594_PACK,0.1043,CRM_1547_PACK,CRM_1701_PACK,CRM_2276_PACK,0.0741,False,False,0.1058,False,False
BIL_4506_PACK,0.000827,6,0.0,CRM_1666_PACK,0.0779,CRM_1532_PACK,CRM_SUBSCRIBER_STATUS_ORIG_Suspend,CRM_1767_PACK,0.0556,False,False,0.1111,False,False
BIL_4507_PACK,0.000666,5,0.0,CRM_SUBSCRIBER_TYPE_ORIG_Prepaid,0.1314,CRM_2082_PACK,CRM_1556_PACK,CRM_2063_PACK,0.069,False,False,0.0088,True,False
BIL_4508_PACK,0.00085,5,0.0,CRM_2131_PACK,0.1057,CRM_1543_PACK,CRM_2095_PACK,CRM_1767_PACK,0.0811,False,False,0.1138,False,False
BIL_4509_PACK,0.000643,6,0.0,CRM_1527_PACK,0.0931,CRM_SUBSCRIBER_STATUS_ORIG_Active,CRM_1532_PACK,CRM_1836_PACK,0.0882,False,False,0.0039,False,False
BIL_4510_PACK,0.000804,4,0.0,CRM_1709_PACK,0.0852,CRM_1575_PACK,CRM_1529_PACK,CRM_2231_PACK,0.0857,False,False,0.007,False,False
