model,owner,rules,train_s,description,emr,hamming_loss,share_dist1,share_dist2,share_dist3plus,emr_vs_raw
blend-wd-nd-lgbm-rules,Andre,True,0.0,"same blend, with the additive rules applied",0.8828638175072145,0.0014058122521964996,0.013851862031056754,0.008080252851449773,0.09520406761027896,0.878741239521781
blend-wd-nd-lgbm,Andre,False,0.0,"equal average of wide-deep-512, neighbour-delta, br-lgbm",0.8826439466813247,0.0013638533189384615,0.01426411982960011,0.00827263982410334,0.09481929366497183,0.8785213686958911
wide-deep-512,Andre,False,129.3,"wide additive path + shared 512-unit hidden layer, BCE",0.8792634327332692,0.0023277056603390515,0.014868764600797032,0.007090834134945719,0.09877696853098804,0.875305757867253
br-lgbm-rules,Andre,True,309.4,"same fit, with the additive rules applied",0.8784114332829462,0.0013752453949036816,0.018743987907104576,0.008327607530575787,0.09451697127937336,0.8735467912601347
br-lgbm,Andre,False,309.4,"binary relevance LightGBM, min_child_samples=20, reg_lambda=1",0.8765425312628831,0.0013269324654802239,0.020805276899821354,0.008602446062938024,0.09404974577435757,0.8716778892400715
chain-l1-lr,Pedro,True,2084.9,"cluster-ordered classifier chain, L1 LR base + additive rules",0.8681599560258348,0.0016101176673615333,0.022289404974577435,0.011873024598048646,0.09767761440153909,0.8634052494159681
ovr-l1-lr,Pedro,True,564.5,one-vs-rest L1 logistic regression + additive rules,0.864367184279236,0.001588123065250465,0.026192112134121204,0.011763089185103751,0.09767761440153909,0.8600522193211488
neighbour-delta,Andre,False,28.1,"nearest CRM config, then the known per-pack BIL delta",0.8149512161605057,0.002059634697857143,0.06983647107324446,0.010114057990930328,0.1050982547753195,0.811433282946269
lookup-majority,Ze,False,0.1,"exact CRM-config lookup, global modal BIL fallback",0.00016490311941734232,0.02335804185629178,0.0,0.0,0.9998350968805827,0.00016490311941734232
