exp_id,pipeline,family,train_time_s,notes,ts,emr,hamming_loss,share_dist1,share_dist2,share_dist3plus,emr_vs_raw,params,emr_testlike,emr_cleanlike
E1a,raw,Global mode config,0.1,,2026-09-25 19:21,0.0,0.03350920868873258,0.0,2.7483853236223717e-05,0.9999725161467637,0.0,{},,
E1-knn1,raw,Hamming k-NN (unique configs),24.0,val exact-lookup coverage 0.00%; test 0.0051%,2026-09-25 19:21,0.004782190463102927,0.003197789561286643,0.5910127799917548,0.2325408822316889,0.17166414731345334,0.004727222756630479,"{""k"": 1, ""n_train_configs"": 53947}",,
E1-knn3,raw,Hamming k-NN (unique configs),24.0,val exact-lookup coverage 0.00%; test 0.0051%,2026-09-25 19:21,0.33700700838257525,0.002350978581205293,0.40060464477119695,0.12790985296138518,0.13447849388484265,0.33519307406898446,"{""k"": 3, ""n_train_configs"": 53947}",,
E1-knn5,raw,Hamming k-NN (unique configs),24.0,val exact-lookup coverage 0.00%; test 0.0051%,2026-09-25 19:21,0.45988731620173146,0.0021340779665407583,0.30693967294214647,0.09971141954101966,0.13346159131510238,0.457248866291054,"{""k"": 5, ""n_train_configs"": 53947}",,
E1-knn15,raw,Hamming k-NN (unique configs),24.0,val exact-lookup coverage 0.00%; test 0.0051%,2026-09-25 19:21,0.5198296001099354,0.002067868574544876,0.2479593238972104,0.09622097018001924,0.13599010581283497,0.5165315377215886,"{""k"": 15, ""n_train_configs"": 53947}",,
E1-knn1,s10,Hamming k-NN (unique configs),23.0,val exact-lookup coverage 0.00%; test 0.0051%,2026-09-25 19:22,0.015858183317301086,0.003909775510307667,0.5251889514909991,0.18345472035179333,0.27549814483990653,0.015720764051119968,"{""k"": 1, ""n_train_configs"": 53715}",,
E1-knn3,s10,Hamming k-NN (unique configs),23.0,val exact-lookup coverage 0.00%; test 0.0051%,2026-09-25 19:22,0.2436993266455957,0.0025162200791166516,0.4715404699738903,0.14846777518208054,0.13629242819843343,0.2427373917823279,"{""k"": 3, ""n_train_configs"": 53715}",,
E1-knn5,s10,Hamming k-NN (unique configs),23.0,val exact-lookup coverage 0.00%; test 0.0051%,2026-09-25 19:22,0.4463377765562732,0.002169607708412484,0.31469011955476156,0.10383399752645321,0.13513810636251203,0.44455132609591863,"{""k"": 5, ""n_train_configs"": 53715}",,
E1-knn15,s10,Hamming k-NN (unique configs),23.0,val exact-lookup coverage 0.00%; test 0.0051%,2026-09-25 19:22,0.5176583757042738,0.0020852386705710532,0.2448536484815171,0.09957400027483854,0.13791397553937063,0.5148550226741789,"{""k"": 15, ""n_train_configs"": 53715}",,
E3a,raw+consensus,Binary Relevance LightGBM,184.3,"unique configs, consensus labels, weight=multiplicity",2026-09-25 19:26,0.586615363473959,0.0037008079914472958,0.1893362649443452,0.04848151710869864,0.1755668544729971,0.5838120104438642,"{""n_estimators"": 100, ""num_leaves"": 15}",,
E3b,s10,Binary Relevance LightGBM,440.1,"all rows, S10 relabeled targets",2026-09-25 19:34,0.5057853511062251,0.003867553393776505,0.2532911914250378,0.08792084650267967,0.15300261096605744,0.5023773533049334,"{""n_estimators"": 100, ""num_leaves"": 15}",,
E3c,s11,Binary Relevance LightGBM,685.1,"all rows, raw targets, 742 CRM + 45 SVD",2026-09-25 19:45,0.12799230452109386,0.006223720445223384,0.1847189776006596,0.2745087261234025,0.41277999175484403,0.12738765974989694,"{""n_estimators"": 100, ""num_leaves"": 15}",,
E3c+rules,s11,Binary Relevance LightGBM + 42 additive rules,685.1,42 Section 11 rule columns overwritten,2026-09-25 19:45,0.14871512986120655,0.005985201204552243,0.17908478768723374,0.28008794833035594,0.39211213412120377,0.14805551738353717,"{""n_estimators"": 100, ""num_leaves"": 15}",,
E3a2,raw+consensus,Binary Relevance LightGBM,183.2,"unique configs, consensus labels, unweighted",2026-09-25 19:50,0.8004672255050158,0.0024537704481653964,0.06826989143877972,0.026054692867940085,0.1052081901882644,0.7960148412807475,"{""n_estimators"": 100, ""num_leaves"": 15}",,
E3a2+rules,raw+consensus,Binary Relevance LightGBM + 42 additive rules,183.2,42 Section 11 rule columns overwritten,2026-09-25 19:50,0.8037927717465989,0.0024572294283264533,0.06736292428198433,0.024103339288168203,0.10474096468324859,0.7993403875223306,"{""n_estimators"": 100, ""num_leaves"": 15}",,
E3d,s10+consensus,Binary Relevance LightGBM,161.0,"s10 features, unique configs, consensus labels, unweighted",2026-09-25 19:53,0.7430534560945444,0.002516671250442007,0.13068572213824378,0.019073794145939262,0.1071870276212725,0.7383812010443864,"{""n_estimators"": 100, ""num_leaves"": 15}",,
E3e,s11+consensus,Binary Relevance LightGBM,265.1,"s11 features, unique configs, consensus labels, unweighted",2026-09-25 19:58,0.47423388759104024,0.004259734068341553,0.26263570152535387,0.08099491548715129,0.18213549539645457,0.4712656314415281,"{""n_estimators"": 100, ""num_leaves"": 15}",,
E3e+rules,s11+consensus,Binary Relevance LightGBM + 42 additive rules,265.1,42 Section 11 rule columns overwritten,2026-09-25 19:58,0.49157619898309746,0.004144647782765519,0.2563968668407311,0.07678988594200907,0.17523704823416242,0.4884155558609317,"{""n_estimators"": 100, ""num_leaves"": 15}",,
E2-lp,raw+consensus,Label Powerset decoder (all seen configs),20.5,ceiling 23.12%; top-1000 ceiling 0.97%,2026-09-25 19:59,0.23091933489075167,0.002583256618542352,0.4905318125601209,0.1401951353579772,0.1383537171911502,0.22924281984334205,"{""probs_from"": ""E3a2"", ""n_configs"": 53369}",,
E2-hyb0.5,raw+consensus,BR + LP snap when within delta log-lik,20.5,snapped 23.5% of rows,2026-09-25 19:59,0.800604644771197,0.0024526801174624543,0.0681324721725986,0.026137144427648758,0.10512573862855572,0.7961522605469287,"{""probs_from"": ""E3a2"", ""delta"": 0.5}",,
E2-hyb1.0,raw+consensus,BR + LP snap when within delta log-lik,20.5,snapped 23.6% of rows,2026-09-25 19:59,0.8003847739453072,0.002452003360474422,0.0684897622646695,0.026082176721176308,0.10504328706884705,0.7959323897210389,"{""probs_from"": ""E3a2"", ""delta"": 1.0}",,
E2-hyb2.0,raw+consensus,BR + LP snap when within delta log-lik,20.5,snapped 23.9% of rows,2026-09-25 19:59,0.8005496770647245,0.0024501610775625546,0.06868214923732308,0.026054692867940085,0.10471348083001236,0.795822454308094,"{""probs_from"": ""E3a2"", ""delta"": 2.0}",,
E2-hyb4.0,raw+consensus,BR + LP snap when within delta log-lik,20.5,snapped 30.0% of rows,2026-09-25 19:59,0.7425587467362924,0.0025275745574714252,0.12601346708808575,0.026851724611790573,0.10457606156383124,0.7382437817782053,"{""probs_from"": ""E3a2"", ""delta"": 4.0}",,
E4-cc30,raw+consensus,Co-occurrence Classifier Chain LightGBM,186.5,"teacher-forced training, sequential prediction",2026-09-25 20:03,0.8056616737666621,0.002508625361806505,0.0657138930878109,0.02017314827538821,0.10845128487013879,0.8020338051394805,"{""n_parents"": 30, ""order"": ""prevalence desc""}",,
E5-br-t0.5,raw+consensus,br probs + rules + threshold,0.0,,2026-09-25 20:04,0.8037927717465989,0.0024573798187682385,0.06736292428198433,0.024103339288168203,0.10474096468324859,0.7993403875223306,"{""thr"": 0.5}",,
E5-br-t0.6,raw+consensus,br probs + rules + threshold,0.0,,2026-09-25 20:04,0.8053593513810636,0.0023734243546417164,0.06673079565755119,0.023910952315514634,0.10399890064587056,0.8009069671567954,"{""thr"": 0.6}",,
E5-cc-t0.5,raw+consensus,cc probs + rules + threshold,0.0,,2026-09-25 20:04,0.8098667033118043,0.0025102420590556946,0.06274563693829875,0.01945856809124639,0.10792909165865054,0.8062388346846228,"{""thr"": 0.5}",,
E5-cc-t0.6,raw+consensus,cc probs + rules + threshold,0.0,,2026-09-25 20:04,0.8124227016627731,0.0024190678537234886,0.061893637487975814,0.01945856809124639,0.10622509275800467,0.8087673491823554,"{""thr"": 0.6}",,
E5-avg-t0.5,raw+consensus,avg probs + rules + threshold,0.0,,2026-09-25 20:04,0.7810911089734781,0.002436475547360112,0.08940497457743575,0.0214374055242545,0.10806651092483166,0.7777930465851313,"{""thr"": 0.5}",,
E5-avg-t0.6,raw+consensus,avg probs + rules + threshold,0.0,,2026-09-25 20:04,0.872117630891851,0.0014668331739507963,0.024130823141404426,0.008519994503229354,0.09523155146351518,0.8683248591452521,"{""thr"": 0.6}",,
E5-knnroute100,raw+consensus,"avg+rules+t0.6, k-NN on rare-pack rows",0.0,0.0% rows routed to k-NN,2026-09-25 20:04,0.872117630891851,0.0014668331739507963,0.024130823141404426,0.008519994503229354,0.09523155146351518,0.8683248591452521,"{""R"": 100}",,
E5-knnroute200,raw+consensus,"avg+rules+t0.6, k-NN on rare-pack rows",0.0,11.1% rows routed to k-NN,2026-09-25 20:04,0.8661261508863543,0.0013612214862072226,0.021629792496908065,0.010746186615363473,0.1014978700013742,0.8623608629929916,"{""R"": 200}",,
E5-knnroute400,raw+consensus,"avg+rules+t0.6, k-NN on rare-pack rows",0.0,24.0% rows routed to k-NN,2026-09-25 20:04,0.8072282534011268,0.0015054083222686698,0.053126288305620446,0.027044111584444138,0.11260134670880857,0.8035454170674728,"{""R"": 400}",,
E5-reg-mcs20-t0.5,raw+consensus,BR LightGBM (variance reduction) + rules,211.1,,2026-09-25 20:08,0.8784114332829462,0.0013752453949036816,0.018743987907104576,0.008327607530575787,0.09451697127937336,0.8735467912601347,"{""min_child_samples"": 20, ""reg_lambda"": 1.0, ""n_models"": 1, ""thr"": 0.5, ""split_seed"": 42}",,
E5-reg-mcs20-t0.6,raw+consensus,BR LightGBM (variance reduction) + rules,211.1,,2026-09-25 20:08,0.8729971141954102,0.0013794939248841101,0.02253675965370345,0.009426961660024736,0.09503916449086162,0.8686821492373231,"{""min_child_samples"": 20, ""reg_lambda"": 1.0, ""n_models"": 1, ""thr"": 0.6, ""split_seed"": 42}",,
E5-reg-mcs50-t0.5,raw+consensus,BR LightGBM (variance reduction) + rules,210.1,,2026-09-25 20:12,0.877889240071458,0.0013808474388601758,0.019321148825065273,0.008245155970867116,0.09454445513260959,0.8730245980486464,"{""min_child_samples"": 50, ""reg_lambda"": 1.0, ""n_models"": 1, ""thr"": 0.5, ""split_seed"": 42}",,
E5-reg-mcs50-t0.6,raw+consensus,BR LightGBM (variance reduction) + rules,210.1,,2026-09-25 20:12,0.8720901470386148,0.0013849831760092655,0.022591727360175895,0.010333928816820118,0.09498419678438917,0.8677476982272915,"{""min_child_samples"": 50, ""reg_lambda"": 1.0, ""n_models"": 1, ""thr"": 0.6, ""split_seed"": 42}",,
E5-bag3-t0.5,raw+consensus,BR LightGBM (variance reduction) + rules,570.6,,2026-09-25 20:21,0.8728322110759928,0.0014875870549171375,0.022261921121341212,0.009426961660024736,0.09547890614264119,0.869039439329394,"{""subsample"": 0.8, ""subsample_freq"": 1, ""colsample_bytree"": 0.8, ""n_models"": 3, ""thr"": 0.5, ""split_seed"": 42}",,
E5-bag3-t0.6,raw+consensus,BR LightGBM (variance reduction) + rules,570.6,,2026-09-25 20:21,0.8723375017177408,0.0014463800738680253,0.023965920021987084,0.008437542943520681,0.09525903531675141,0.8676652466675828,"{""subsample"": 0.8, ""subsample_freq"": 1, ""colsample_bytree"": 0.8, ""n_models"": 3, ""thr"": 0.6, ""split_seed"": 42}",,
E4-cc30-mcs20,raw+consensus,Co-occurrence Classifier Chain LightGBM + rules,188.1,"teacher-forced training, sequential prediction",2026-09-25 20:26,0.8770922083276075,0.0013753957853454664,0.018743987907104576,0.009619348632678302,0.09454445513260959,0.8722275663047959,"{""n_parents"": 30, ""order"": ""prevalence desc"", ""min_child_samples"": 20}",,
E5-avg-mcs20-t0.5,raw+consensus,"avg(BR mcs20, chain mcs20) + rules",0.0,,2026-09-25 20:27,0.8772296275937886,0.0013737414904858305,0.019870825889789747,0.00835509138381201,0.09454445513260959,0.8723649855709771,"{""thr"": 0.5}",,
E5-avg-mcs20-t0.6,raw+consensus,"avg(BR mcs20, chain mcs20) + rules",0.0,,2026-09-25 20:27,0.8730245980486464,0.001376711701711086,0.022426824240758553,0.009619348632678302,0.09492922907791672,0.8686821492373231,"{""thr"": 0.6}",,
E5-reg-mcs20-s7-t0.5,raw+consensus,BR LightGBM (variance reduction) + rules,203.7,,2026-09-25 20:30,0.8649383611312546,0.0014740106879725095,0.024776408025138988,0.00676818950930626,0.10351704133430022,0.8614636209813875,"{""min_child_samples"": 20, ""reg_lambda"": 1.0, ""n_models"": 1, ""thr"": 0.5, ""split_seed"": 7}",,
E5-reg-mcs20-s7-t0.6,raw+consensus,BR LightGBM (variance reduction) + rules,203.7,,2026-09-25 20:30,0.8599528643944888,0.001474258691789784,0.02927846265409717,0.007070340826686004,0.10369833212472807,0.8566594150350495,"{""min_child_samples"": 20, ""reg_lambda"": 1.0, ""n_models"": 1, ""thr"": 0.6, ""split_seed"": 7}",,
EXT-solution,raw+consensus,FINAL champion on test (solution.csv diagnostic),212.4,"external diagnostic only, not used for any selection",2026-09-25 20:36,0.950442842430484,9.029291308408976e-05,0.04122554067971164,0.006302780638516993,0.0020288362512873325,0.950442842430484,"{""min_child_samples"": 20, ""reg_lambda"": 1.0, ""thr"": 0.5, ""rules"": true, ""trained_on"": ""all train""}",,
E6-base,raw+consensus,"Sprint 2 champion, re-scored",0.0,same predictions as E5-reg-mcs20; adds test-like metric,2026-10-02 19:13,0.8784114332829462,0.0013752453949036816,0.018743987907104576,0.008327607530575787,0.09451697127937336,0.8735467912601347,"{""min_child_samples"": 20, ""reg_lambda"": 1.0, ""split_seed"": 42}",0.892232955497236,
E6-clean,raw+consensus (test-like rows),Champion trained without non-test-like rows,209.3,"51,669 unique train configs",2026-10-02 19:17,0.8793458842929779,0.0013914123673955778,0.01684760203380514,0.009124639274426274,0.09468187439879071,0.8744812422701663,"{""min_child_samples"": 20, ""reg_lambda"": 1.0, ""split_seed"": 42, ""dropped_train_rows"": 2278}",0.893210117817857,
E7-rescore-E5-reg-mcs20,raw+consensus,"Sprint 2 champion, re-scored",0.0,adds clean-like metric,2026-10-02 19:20,0.8784114332829462,0.0013752453949036816,0.018743987907104576,0.008327607530575787,0.09451697127937336,0.8735467912601347,"{""split_seed"": 42}",0.892232955497236,0.9593217281500857
E7-rescore-E6-clean,raw+consensus,"E6-clean (non-test-like dropped), re-scored",0.0,adds clean-like metric,2026-10-02 19:20,0.8793458842929779,0.0013914123673955778,0.01684760203380514,0.009124639274426274,0.09468187439879071,0.8744812422701663,"{""split_seed"": 42}",0.893210117817857,0.9602838158804606
E7-drop-k2,raw+consensus (corrupted rows dropped),Champion trained without suspected-corrupted rows (>= 2 rare packs or not test-like),103.6,"39,676 unique train configs",2026-10-02 19:21,0.8727222756630479,0.0015215752947605663,0.013522055792222069,0.014538958361962347,0.09921671018276762,0.8676652466675828,"{""min_child_samples"": 20, ""reg_lambda"": 1.0, ""k"": 2, ""split_seed"": 42, ""dropped_train_rows"": 14807, ""dropped_share"": 0.098}",0.8864816572672958,0.9545112894982111
E7-drop-k3,raw+consensus (corrupted rows dropped),Champion trained without suspected-corrupted rows (>= 3 rare packs or not test-like),111.4,"41,891 unique train configs",2026-10-02 19:23,0.8818743987907105,0.0014800675328278837,0.011818056891576199,0.009509413219733406,0.09679813109797994,0.876789885942009,"{""min_child_samples"": 20, ""reg_lambda"": 1.0, ""k"": 3, ""split_seed"": 42, ""dropped_train_rows"": 12221, ""dropped_share"": 0.0809}",0.8957786587749177,0.964102101560386
E7-drop-k4,raw+consensus (corrupted rows dropped),Champion trained without suspected-corrupted rows (>= 4 rare packs or not test-like),141.0,"43,552 unique train configs",2026-10-02 19:26,0.8841005909028445,0.0014696529947342666,0.012395217809536898,0.007750446612615088,0.09575374467500343,0.8789885942009069,"{""min_child_samples"": 20, ""reg_lambda"": 1.0, ""k"": 4, ""split_seed"": 42, ""dropped_train_rows"": 10476, ""dropped_share"": 0.0694}",0.8980400915740689,0.9656654941222452
E7-rescore-E5-reg-mcs20,raw+consensus,"Sprint 2 champion, re-scored",0.0,adds clean-like metric,2026-10-02 19:26,0.8784114332829462,0.0013752453949036816,0.018743987907104576,0.008327607530575787,0.09451697127937336,0.8735467912601347,"{""split_seed"": 42}",0.892232955497236,0.9593217281500857
E7-rescore-E6-clean,raw+consensus,"E6-clean (non-test-like dropped), re-scored",0.0,adds clean-like metric,2026-10-02 19:26,0.8793458842929779,0.0013914123673955778,0.01684760203380514,0.009124639274426274,0.09468187439879071,0.8744812422701663,"{""split_seed"": 42}",0.893210117817857,0.9602838158804606
E7-drop-k5,raw+consensus (corrupted rows dropped),Champion trained without suspected-corrupted rows (>= 5 rare packs or not test-like),185.8,"45,128 unique train configs",2026-10-02 19:29,0.8837707846640099,0.001464990891038929,0.01404424900371032,0.006788511749347258,0.09539645458293253,0.8786587879620723,"{""min_child_samples"": 20, ""reg_lambda"": 1.0, ""k"": 5, ""split_seed"": 42, ""dropped_train_rows"": 8827, ""dropped_share"": 0.0584}",0.8977050644927131,0.9650341240491868
E7-drop-k6,raw+consensus (corrupted rows dropped),Champion trained without suspected-corrupted rows (>= 6 rare packs or not test-like),203.7,"46,514 unique train configs",2026-10-02 19:32,0.8849800742064038,0.0014503278229648837,0.012037927717465988,0.007887865878796207,0.09509413219733406,0.8798680775044662,"{""min_child_samples"": 20, ""reg_lambda"": 1.0, ""k"": 6, ""split_seed"": 42, ""dropped_train_rows"": 7433, ""dropped_share"": 0.0492}",0.8989334971243509,0.9661766032290069
E7-drop-k8,raw+consensus (corrupted rows dropped),Champion trained without suspected-corrupted rows (>= 8 rare packs or not test-like),193.7,"48,793 unique train configs",2026-10-02 19:36,0.8821217534698365,0.001423295141054015,0.014236635976363887,0.00893225230177271,0.09470935825202693,0.8771196921808437,"{""min_child_samples"": 20, ""reg_lambda"": 1.0, ""k"": 8, ""split_seed"": 42, ""dropped_train_rows"": 5154, ""dropped_share"": 0.0341}",0.8960299290859345,0.9630498181052884
E7-rescore-E5-reg-mcs20-s7,raw+consensus,"Sprint 2 champion, re-scored",0.0,adds clean-like metric,2026-10-02 19:36,0.8649383611312546,0.0014740106879725095,0.024776408025138988,0.00676818950930626,0.10351704133430022,0.8614636209813875,"{""split_seed"": 7}",0.8804638715432649,0.950625915567985
E7-drop-k4-s7,raw+consensus (corrupted rows dropped),Champion trained without suspected-corrupted rows (>= 4 rare packs or not test-like),143.0,"43,508 unique train configs",2026-10-02 19:38,0.873851824993957,0.0015701535011360228,0.015681653372008702,0.005831520425429055,0.10463500120860526,0.8693799854967368,"{""min_child_samples"": 20, ""reg_lambda"": 1.0, ""k"": 4, ""split_seed"": 7, ""dropped_train_rows"": 10505, ""dropped_share"": 0.0681}",0.8895998031314405,0.9615461446264483
E7-drop-k6-s7,raw+consensus (corrupted rows dropped),Champion trained without suspected-corrupted rows (>= 6 rare packs or not test-like),172.9,"46,479 unique train configs",2026-10-02 19:41,0.8713137539279672,0.0015526278980486066,0.018733381677544115,0.005861735557167029,0.10409112883732173,0.867899444041576,"{""min_child_samples"": 20, ""reg_lambda"": 1.0, ""k"": 6, ""split_seed"": 7, ""dropped_train_rows"": 7468, ""dropped_share"": 0.0484}",0.8870159032883201,0.9579504594486616
EXT-solution-drop-k4,raw+consensus,FINAL model on test (solution.csv diagnostic),158.7,"external diagnostic only, not used for any selection",2026-10-02 19:46,0.9704016477857879,6.056627139155904e-05,0.023130792996910402,0.0042327497425334705,0.00223480947476828,0.9704016477857879,"{""min_child_samples"": 20, ""reg_lambda"": 1.0, ""thr"": 0.5, ""rules"": true, ""drop_k"": 4, ""trained_on"": ""all train minus suspected-corrupted rows""}",,
E8-mcs5-l1,"raw+consensus (corrupted rows dropped, k=4)",BR LightGBM re-tuned on clean data,162.2,"43,552 unique train configs",2026-10-02 19:53,0.886491686134396,0.0014608551538898393,0.010553799642709909,0.007118317988181943,0.09583619623471211,0.8813796894324585,"{""min_child_samples"": 5, ""reg_lambda"": 1.0, ""drop_k"": 4, ""split_seed"": 42}",0.900469037913898,0.9681007786897567
E8-mcs10-l1,"raw+consensus (corrupted rows dropped, k=4)",BR LightGBM re-tuned on clean data,160.0,"43,552 unique train configs",2026-10-02 19:56,0.8861618798955614,0.0014670963572239203,0.010828638175072146,0.007145801841418167,0.09586368008794834,0.8811048509000962,"{""min_child_samples"": 10, ""reg_lambda"": 1.0, ""drop_k"": 4, ""split_seed"": 42}",0.9001340108325423,0.9678001262740146
E8-mcs5-l1-s7,"raw+consensus (corrupted rows dropped, k=4)",BR LightGBM re-tuned on clean data,117.3,"43,508 unique train configs",2026-10-02 19:58,0.8763294657964709,0.0015608120240186735,0.013143582306018853,0.005801305293691081,0.1047256466038192,0.8717367657722987,"{""min_child_samples"": 5, ""reg_lambda"": 1.0, ""drop_k"": 4, ""split_seed"": 7}",0.8921221815497247,0.96327740045279
E8-mcs10-l1-s7,"raw+consensus (corrupted rows dropped, k=4)",BR LightGBM re-tuned on clean data,116.2,"43,508 unique train configs",2026-10-02 20:00,0.8743654822335025,0.0015694508236537444,0.015167996132463137,0.00558979937152526,0.10487672226250906,0.8706792361614697,"{""min_child_samples"": 10, ""reg_lambda"": 1.0, ""drop_k"": 4, ""split_seed"": 7}",0.8901227352425483,0.9611466240511386
E8-mcs2-l1,"raw+consensus (corrupted rows dropped, k=4)",BR LightGBM re-tuned on clean data,117.9,"43,552 unique train configs",2026-10-02 20:02,0.8866291054005772,0.0014549899266602213,0.010333928816820118,0.007338188814071733,0.09569877696853099,0.8815171086986395,"{""min_child_samples"": 2, ""reg_lambda"": 1.0, ""drop_k"": 4, ""split_seed"": 42}",0.9006086325311295,0.9682210396560537
E8-mcs5-l0,"raw+consensus (corrupted rows dropped, k=4)",BR LightGBM re-tuned on clean data,114.2,"43,552 unique train configs",2026-10-02 20:04,0.30169025697402774,0.00386932048146748,0.26706060189638586,0.1697677614401539,0.26148137968943247,0.2997938711007283,"{""min_child_samples"": 5, ""reg_lambda"": 0.0, ""drop_k"": 4, ""split_seed"": 42}",0.3064660226701658,0.33002615676016955
E8-mcs5-l5,"raw+consensus (corrupted rows dropped, k=4)",BR LightGBM re-tuned on clean data,118.4,"43,552 unique train configs",2026-10-02 20:06,0.8844853648481517,0.001414234116936464,0.01242270166277312,0.007420640373780404,0.09567129311529476,0.8793733681462141,"{""min_child_samples"": 5, ""reg_lambda"": 5.0, ""drop_k"": 4, ""split_seed"": 42}",0.8984309565023173,0.9660563422627101
E8-mcs2-l1-s7,"raw+consensus (corrupted rows dropped, k=4)",BR LightGBM re-tuned on clean data,123.1,"43,508 unique train configs",2026-10-02 20:09,0.8766920473773265,0.001556017283551362,0.012690355329949238,0.005831520425429055,0.10478607686729514,0.8720389170896785,"{""min_child_samples"": 2, ""reg_lambda"": 1.0, ""drop_k"": 4, ""split_seed"": 7}",0.8924913100987419,0.9636436276468238
E8-mcs5-l0-s7,"raw+consensus (corrupted rows dropped, k=4)",BR LightGBM re-tuned on clean data,115.3,"43,508 unique train configs",2026-10-02 20:10,0.2385484650713077,0.004066063918189162,0.2814539521392313,0.22084239787285473,0.2591551849166062,0.2374909354604786,"{""min_child_samples"": 5, ""reg_lambda"": 0.0, ""drop_k"": 4, ""split_seed"": 7}",0.24285582454089635,0.2628512451724597
E8-mcs5-l5-s7,"raw+consensus (corrupted rows dropped, k=4)",BR LightGBM re-tuned on clean data,121.6,"43,508 unique train configs",2026-10-02 20:12,0.8749395697365241,0.0015103019132337151,0.014412617839013778,0.006133671742808798,0.10451414068165338,0.8704072999758279,"{""min_child_samples"": 5, ""reg_lambda"": 5.0, ""drop_k"": 4, ""split_seed"": 7}",0.8907071887784921,0.9625116526834465
EXT-solution-drop-k4-mcs5,raw+consensus,FINAL model on test (solution.csv diagnostic),117.5,"external diagnostic only, not used for any selection",2026-10-02 20:17,0.9726776519052523,5.6339734658023866e-05,0.02118434603501545,0.0039752832131822865,0.0021627188465499483,0.9726776519052523,"{""min_child_samples"": 5, ""reg_lambda"": 1.0, ""thr"": 0.5, ""rules"": true, ""drop_k"": 4, ""trained_on"": ""all train minus suspected-corrupted rows""}",,
E10-cl-m1,"raw+consensus (corrupted rows dropped, k=4)",Step 4 champion + confident-learning cleaning,47.6,"38,974 unique train configs",2026-10-02 20:28,0.8844853648481517,0.0018128815804982698,0.007255737254363062,0.007420640373780404,0.10083825752370483,0.8796207228253401,"{""min_child_samples"": 5, ""reg_lambda"": 1.0, ""drop_k"": 4, ""split_seed"": 42, ""cl_min_disagreements"": 1, ""cl_dropped_configs"": 4578, ""cl_dropped_share"": 0.1051}",0.8984309565023173,0.9659060160548391
E10-cl-m2,"raw+consensus (corrupted rows dropped, k=4)",Step 4 champion + confident-learning cleaning,63.2,"39,656 unique train configs",2026-10-02 20:29,0.8734368558471898,0.001640834915096136,0.021519857083963173,0.006238834684622784,0.09880445238422426,0.8687096330905593,"{""min_child_samples"": 5, ""reg_lambda"": 1.0, ""drop_k"": 4, ""split_seed"": 42, ""cl_min_disagreements"": 2, ""cl_dropped_configs"": 3896, ""cl_dropped_share"": 0.0895}",0.8872075492768999,0.9538197889420041
E10-repair,"raw+consensus (corrupted rows dropped, k=4)",Step 4 champion + repaired corrupted rows,142.3,"51,306 unique train configs",2026-10-02 20:32,0.8844853648481517,0.0014250998263554363,0.012615088635426687,0.007503091933489075,0.09539645458293253,0.8794558197059228,"{""min_child_samples"": 5, ""reg_lambda"": 1.0, ""drop_k"": 4, ""split_seed"": 42, ""repaired_rows"": 8198}",0.8984309565023173,0.9659661465379874
E10-cap,"raw+consensus (corrupted rows dropped, k=4)",Step 4 champion with more capacity,210.0,"43,552 unique train configs",2026-10-02 20:35,0.8871238147588292,0.001488038226242493,0.01005909028445788,0.006596124776693692,0.09622097018001924,0.8819293664971829,"{""min_child_samples"": 5, ""reg_lambda"": 1.0, ""n_estimators"": 200, ""num_leaves"": 31, ""drop_k"": 4, ""split_seed"": 42}",0.9011111731531632,0.9686720182796669
E10-cl-m1-s7,"raw+consensus (corrupted rows dropped, k=4)",Step 4 champion + confident-learning cleaning,45.4,"38,982 unique train configs",2026-10-02 20:40,0.8727338651196519,0.0019405058682663242,0.011209813874788494,0.008037225042301184,0.1080190959632584,0.8684433164128595,"{""min_child_samples"": 5, ""reg_lambda"": 1.0, ""drop_k"": 4, ""split_seed"": 7, ""cl_min_disagreements"": 1, ""cl_dropped_configs"": 4526, ""cl_dropped_share"": 0.104}",0.8884616567719709,0.9600812358503129
E10-cl-m2-s7,"raw+consensus (corrupted rows dropped, k=4)",Step 4 champion + confident-learning cleaning,59.0,"39,627 unique train configs",2026-10-02 20:41,0.8727036499879139,0.0017358200510755593,0.01559100797679478,0.005317863185883491,0.10638747884940779,0.8693799854967368,"{""min_child_samples"": 5, ""reg_lambda"": 1.0, ""drop_k"": 4, ""split_seed"": 7, ""cl_min_disagreements"": 2, ""cl_dropped_configs"": 3881, ""cl_dropped_share"": 0.0892}",0.8884308960595527,0.9593487814622453
E10-repair-s7,"raw+consensus (corrupted rows dropped, k=4)",Step 4 champion + repaired corrupted rows,136.7,"51,310 unique train configs",2026-10-02 20:43,0.8737007493352671,0.0015272075067779443,0.015893159294174522,0.005801305293691081,0.1046047860768673,0.8700145032632343,"{""min_child_samples"": 5, ""reg_lambda"": 1.0, ""drop_k"": 4, ""split_seed"": 7, ""repaired_rows"": 8247}",0.88944599956935,0.9602809961379678
E10-cap-s7,"raw+consensus (corrupted rows dropped, k=4)",Step 4 champion with more capacity,197.4,"43,508 unique train configs",2026-10-02 20:47,0.8768129079042785,0.0015893737969748165,0.011874546773023931,0.005861735557167029,0.10545080976553058,0.8721295624848925,"{""min_child_samples"": 5, ""reg_lambda"": 1.0, ""n_estimators"": 200, ""num_leaves"": 31, ""drop_k"": 4, ""split_seed"": 7}",0.8926143529484143,0.9639099746970302
E11-npk,"raw+consensus (corrupted rows dropped, k=4)",Champion + count features (npk),141.1,"746 features, 43,552 unique train configs",2026-10-04 00:17,0.8862718153085063,0.0015071002147387519,0.010608767349182355,0.007255737254363062,0.09586368008794834,0.8812147863130411,"{""min_child_samples"": 5, ""reg_lambda"": 1.0, ""drop_k"": 4, ""split_seed"": 42, ""extra_features"": ""npk""}",0.9002456865263275,0.967860256757163
E11-npk_rare,"raw+consensus (corrupted rows dropped, k=4)",Champion + count features (npk_rare),129.4,"747 features, 43,552 unique train configs",2026-10-04 00:19,0.8866840731070496,0.0014150988619767281,0.010498831936237461,0.007145801841418167,0.09567129311529476,0.8815445925518758,"{""min_child_samples"": 5, ""reg_lambda"": 1.0, ""drop_k"": 4, ""split_seed"": 42, ""extra_features"": ""npk_rare""}",0.9006644703780222,0.9684916268302216
E11-npk-s7,"raw+consensus (corrupted rows dropped, k=4)",Champion + count features (npk),145.1,"746 features, 43,508 unique train configs",2026-10-04 00:22,0.8769337684312304,0.0016029313389858363,0.012599709934735316,0.005650229635001208,0.10481629199903311,0.8721295624848925,"{""min_child_samples"": 5, ""reg_lambda"": 1.0, ""drop_k"": 4, ""split_seed"": 7, ""extra_features"": ""npk""}",0.8927373957980866,0.9640764416034092
E11-npk_rare-s7,"raw+consensus (corrupted rows dropped, k=4)",Champion + count features (npk_rare),149.1,"747 features, 43,508 unique train configs",2026-10-04 00:24,0.8748187092095722,0.0015187753769906026,0.0146241237611796,0.005801305293691081,0.10475586173555716,0.8699842881314963,"{""min_child_samples"": 5, ""reg_lambda"": 1.0, ""drop_k"": 4, ""split_seed"": 7, ""extra_features"": ""npk_rare""}",0.8905841459288197,0.9618790784392063
E12-lr,"raw+consensus (corrupted rows dropped, k=4)","Binary relevance logistic regression (liblinear, C=1)",48.0,"43,552 unique train configs",2026-10-04 01:38,0.8784389171361825,0.0015344336775331908,0.014648893774907242,0.009426961660024736,0.09748522742888553,0.8734918235536622,"{""C"": 1.0, ""split_seed"": 42}",0.8922887933441287,0.959652445807402
E12-floor,"raw+consensus (corrupted rows dropped, k=4)",Rules floor: OR of CRM columns with P(BIL|CRM) >= 0.9,0.0,173 BIL columns have at least one trigger,2026-10-04 01:39,0.6211350831386561,0.003052437199301361,0.12804727222756632,0.05414319087536072,0.19667445375841694,0.6175896660711832,"{""split_seed"": 42, ""min_support"": 5}",0.6309676698866492,0.67938426385256
E12-lr-s7,"raw+consensus (corrupted rows dropped, k=4)","Binary relevance logistic regression (liblinear, C=1)",52.9,"43,508 unique train configs",2026-10-04 01:39,0.8598320038675369,0.0016461666711307353,0.024474256707759247,0.00918540004834421,0.10650833937635969,0.8551788735798888,"{""C"": 1.0, ""split_seed"": 7}",0.8752960718570242,0.9461313090957517
E12-knn15,raw+consensus,"Hamming k-NN (k=15), re-scored on all metrics",0.0,Sprint 2 E1 set-up,2026-10-04 01:39,0.5198296001099354,0.002067868574544876,0.2479593238972104,0.09622097018001924,0.13599010581283497,0.5165315377215886,"{""k"": 15, ""split_seed"": 42}",0.5280026802166509,0.5681428700279607
E12-floor-s7,"raw+consensus (corrupted rows dropped, k=4)",Rules floor: OR of CRM columns with P(BIL|CRM) >= 0.9,0.0,169 BIL columns have at least one trigger,2026-10-04 01:39,0.6729816291999033,0.002908547435028787,0.11034566110708242,0.0658085569253082,0.15086415276770607,0.6705039883973894,"{""split_seed"": 7, ""min_support"": 5}",0.6851333476883325,0.7415101877746704
E12-knn15-s7,raw+consensus,"Hamming k-NN (k=15), re-scored on all metrics",0.0,Sprint 2 E1 set-up,2026-10-04 01:40,0.4510212714527435,0.002278907076937728,0.2921198936427363,0.10581339134638627,0.1510454435581339,0.44929900894367897,"{""k"": 15, ""split_seed"": 7}",0.45910363284013656,0.49643760820348914
E12-kfold-f0,"raw+consensus (corrupted rows dropped, k=4)","Final model, 5-fold GroupKFold",150.0,"37,489 held-out rows",2026-10-04 01:42,0.8933020352636774,0.0013094584352130432,0.010349702579423298,0.005788364586945504,0.09055989756995385,0.8875936941502841,"{""min_child_samples"": 5, ""reg_lambda"": 1.0, ""fold"": 0, ""n_splits"": 5}",0.9063819421890225,0.9693726616201166
E12-kfold-thr-f0,"raw+consensus (corrupted rows dropped, k=4)","Final model + rare-column threshold 0.45, 5-fold GroupKFold",0.0,same fit as E12-kfold,2026-10-04 01:42,0.8935421056843341,0.001323032868483191,0.010162981141134732,0.005708341113393262,0.09058657206113793,0.8878337645709408,"{""min_child_samples"": 5, ""reg_lambda"": 1.0, ""fold"": 0, ""n_splits"": 5, ""rare_thr"": 0.45}",0.906625527768756,0.9696046869108733
E12-kfold-f1,"raw+consensus (corrupted rows dropped, k=4)","Final model, 5-fold GroupKFold",132.9,"37,489 held-out rows",2026-10-04 01:44,0.8899677238656672,0.0013650333327142126,0.01208354450638854,0.005708341113393262,0.09224039051455094,0.8853797113820054,"{""min_child_samples"": 5, ""reg_lambda"": 1.0, ""fold"": 1, ""n_splits"": 5}",0.90402124430956,0.9676022780102278
E12-kfold-thr-f1,"raw+consensus (corrupted rows dropped, k=4)","Final model + rare-column threshold 0.45, 5-fold GroupKFold",0.0,same fit as E12-kfold,2026-10-04 01:44,0.8902611432686921,0.001380724209881319,0.011710101629811412,0.005654992131025101,0.09237376297047134,0.8856731307850303,"{""min_child_samples"": 5, ""reg_lambda"": 1.0, ""fold"": 1, ""n_splits"": 5, ""rare_thr"": 0.45}",0.904319314979406,0.9679218967921897
E12-kfold-f2,"raw+consensus (corrupted rows dropped, k=4)","Final model, 5-fold GroupKFold",128.9,"37,488 held-out rows",2026-10-04 01:46,0.8897247119078106,0.0013397812151689727,0.013257575757575758,0.006108621425522834,0.09090909090909091,0.8851899274434486,"{""min_child_samples"": 5, ""reg_lambda"": 1.0, ""fold"": 2, ""n_splits"": 5}",0.9037283910475261,0.9664392509798229
E12-kfold-thr-f2,"raw+consensus (corrupted rows dropped, k=4)","Final model + rare-column threshold 0.45, 5-fold GroupKFold",0.0,same fit as E12-kfold,2026-10-04 01:46,0.8900981647460521,0.001355071105653946,0.012804097311139564,0.006161971830985915,0.09093576611182246,0.8855633802816901,"{""min_child_samples"": 5, ""reg_lambda"": 1.0, ""fold"": 2, ""n_splits"": 5, ""rare_thr"": 0.45}",0.9041077331599198,0.9668747278269705
E12-kfold-f3,"raw+consensus (corrupted rows dropped, k=4)","Final model, 5-fold GroupKFold",120.2,"37,488 held-out rows",2026-10-04 01:48,0.8881775501493812,0.0013912340685909596,0.013284250960307298,0.004988262910798122,0.09354993597951344,0.8822556551429791,"{""min_child_samples"": 5, ""reg_lambda"": 1.0, ""fold"": 3, ""n_splits"": 5}",0.9017658848383078,0.9670236917166307
E12-kfold-thr-f3,"raw+consensus (corrupted rows dropped, k=4)","Final model + rare-column threshold 0.45, 5-fold GroupKFold",0.0,same fit as E12-kfold,2026-10-04 01:48,0.8884443021766966,0.001406523959075933,0.013070849338454973,0.0048548868971404185,0.09362996158770806,0.8825224071702945,"{""min_child_samples"": 5, ""reg_lambda"": 1.0, ""fold"": 3, ""n_splits"": 5, ""rare_thr"": 0.45}",0.9020367260711771,0.967343850049479
E12-kfold-f4,"raw+consensus (corrupted rows dropped, k=4)","Final model, 5-fold GroupKFold",116.2,"37,488 held-out rows",2026-10-04 01:50,0.8925256081946222,0.001338868930533831,0.011363636363636364,0.004934912505335041,0.09117584293640632,0.8864169867690994,"{""min_child_samples"": 5, ""reg_lambda"": 1.0, ""fold"": 4, ""n_splits"": 5}",0.9063033290895793,0.9712491642198902
E12-kfold-thr-f4,"raw+consensus (corrupted rows dropped, k=4)","Final model + rare-column threshold 0.45, 5-fold GroupKFold",0.0,same fit as E12-kfold,2026-10-04 01:50,0.8927123346137431,0.0013535384674669081,0.011336961160904822,0.004801536491677336,0.09114916773367478,0.8866037131882202,"{""min_child_samples"": 5, ""reg_lambda"": 1.0, ""fold"": 4, ""n_splits"": 5, ""rare_thr"": 0.45}",0.9064929436303059,0.9714235878949969
E12-lr-C0.1,"raw+consensus (corrupted rows dropped, k=4)","Binary relevance logistic regression (liblinear, C=0.1)",42.2,"43,552 unique train configs",2026-10-04 02:44,0.8386697815033668,0.0014459665001531163,0.043424488113233475,0.01654527964820668,0.10136045073519308,0.8344922358114608,"{""C"": 0.1, ""split_seed"": 42}",0.851862192193869,0.917049998496738
E12-lr-C10,"raw+consensus (corrupted rows dropped, k=4)","Binary relevance logistic regression (liblinear, C=10)",59.7,"43,552 unique train configs",2026-10-04 02:46,0.8838807200769548,0.0025972429296283643,0.010801154321835921,0.005936512299024323,0.09938161330218497,0.8789336264944345,"{""C"": 10.0, ""split_seed"": 42}",0.8978446591099447,0.9655752983975227
E12-lr-C0.1-s7,"raw+consensus (corrupted rows dropped, k=4)","Binary relevance logistic regression (liblinear, C=0.1)",42.4,"43,508 unique train configs",2026-10-04 02:47,0.8130589799371525,0.0015704841728923892,0.0555354121343969,0.0168600435097897,0.11454556441866086,0.8103094029489969,"{""C"": 0.1, ""split_seed"": 7}",0.8276477283213879,0.8956918364629112
E12-lr-C10-s7,"raw+consensus (corrupted rows dropped, k=4)","Binary relevance logistic regression (liblinear, C=10)",59.8,"43,508 unique train configs",2026-10-04 02:48,0.8738820401256949,0.0027664825816998977,0.01305293691080493,0.0045322697606961565,0.10853275320280396,0.8689267585206671,"{""C"": 10.0, ""split_seed"": 7}",0.8896305638438586,0.9614795578638966
E12-lr-C100,"raw+consensus (corrupted rows dropped, k=4)","Binary relevance logistic regression (liblinear, C=100)",70.0,"43,552 unique train configs",2026-10-04 02:50,0.8837982685172461,0.0032627582321377983,0.00931702624707984,0.004424900371032018,0.10245980486464203,0.8787962072282534,"{""C"": 100.0, ""split_seed"": 42}",0.8977609023396058,0.9654550374312257
E12-lr-C100-s7,"raw+consensus (corrupted rows dropped, k=4)","Binary relevance logistic regression (liblinear, C=100)",63.9,"43,508 unique train configs",2026-10-04 02:51,0.8727036499879139,0.0034797002262125483,0.012750785593425188,0.0040790427846265406,0.11046652163403432,0.8678087986463621,"{""C"": 100.0, ""split_seed"": 7}",0.8884308960595527,0.9601145292315888
