component,explained_variance_ratio,cumulative_variance_ratio
SVD_COMP_1,0.04762959,0.04762959
SVD_COMP_2,0.30501017,0.35263976
SVD_COMP_3,0.064022385,0.41666216
SVD_COMP_4,0.04378775,0.4604499
SVD_COMP_5,0.028213663,0.48866355
SVD_COMP_6,0.02522238,0.5138859
SVD_COMP_7,0.021346424,0.53523237
SVD_COMP_8,0.017843632,0.55307597
SVD_COMP_9,0.016042614,0.56911856
SVD_COMP_10,0.015321182,0.58443975
SVD_COMP_11,0.013936293,0.59837604
SVD_COMP_12,0.01289392,0.61126995
SVD_COMP_13,0.011931244,0.6232012
SVD_COMP_14,0.010857804,0.634059
SVD_COMP_15,0.01035983,0.64441884
SVD_COMP_16,0.009896856,0.6543157
SVD_COMP_17,0.009482414,0.66379815
SVD_COMP_18,0.008377837,0.672176
SVD_COMP_19,0.008218554,0.68039453
SVD_COMP_20,0.00802473,0.6884193
SVD_COMP_21,0.007422698,0.69584197
SVD_COMP_22,0.0071495567,0.70299155
SVD_COMP_23,0.0070035313,0.7099951
SVD_COMP_24,0.006217362,0.71621245
SVD_COMP_25,0.006012105,0.72222453
SVD_COMP_26,0.0057865162,0.7280111
SVD_COMP_27,0.005636923,0.733648
SVD_COMP_28,0.0055437596,0.7391918
SVD_COMP_29,0.0053764004,0.74456817
SVD_COMP_30,0.0050123823,0.74958056
SVD_COMP_31,0.004636653,0.7542172
SVD_COMP_32,0.0043769446,0.75859416
SVD_COMP_33,0.003979254,0.7625734
SVD_COMP_34,0.0038531632,0.76642656
SVD_COMP_35,0.0037664233,0.770193
SVD_COMP_36,0.0036988175,0.7738918
SVD_COMP_37,0.0035760961,0.7774679
SVD_COMP_38,0.0034414097,0.7809093
SVD_COMP_39,0.0033031774,0.78421247
SVD_COMP_40,0.0032775311,0.78749
SVD_COMP_41,0.0030759322,0.79056597
SVD_COMP_42,0.003049571,0.7936155
SVD_COMP_43,0.0029387858,0.7965543
SVD_COMP_44,0.002897487,0.7994518
SVD_COMP_45,0.0027717692,0.8022236
