crm_pack,billed_as,conf_min,n_kept,flagged_kept,n_dropped,flagged_dropped,rate_kept,rate_dropped,lookup_found,lookup_same
CRM_1543_PACK,BIL_3920_PACK;BIL_3971_PACK,0.9842,3486,54,423,144,0.01549053356282272,0.3404255319148936,1,0
CRM_1552_PACK,BIL_4102_PACK,0.9895,5025,53,553,164,0.01054726368159204,0.2965641952983725,0,0
CRM_2091_PACK,BIL_3739_PACK,0.9989,48534,52,3655,178,0.0010714138542052994,0.048700410396716826,1,0
CRM_1585_PACK,BIL_3988_PACK,0.9872,3898,50,508,168,0.012827090815802977,0.33070866141732286,0,0
CRM_1570_PACK,BIL_3953_PACK,0.9959,12217,50,1047,183,0.004092657771957109,0.17478510028653296,1,0
CRM_1527_PACK,BIL_3929_PACK,0.999,48939,50,3757,173,0.0010216800506753305,0.046047378227309026,3,1
CRM_1603_PACK,BIL_3989_PACK,0.9921,6353,50,677,170,0.007870297497245396,0.2511078286558346,3,0
CRM_2139_PACK,BIL_3805_PACK,0.9264,652,48,201,154,0.0736196319018405,0.7661691542288557,2,1
CRM_2118_PACK,BIL_3815_PACK,0.9498,936,47,226,157,0.050213675213675216,0.6946902654867256,0,0
CRM_2089_PACK,BIL_3740_PACK,0.9981,25287,47,1949,157,0.001858662553881441,0.08055413032324268,4,2
CRM_2079_PACK,BIL_3737_PACK,0.999,48514,47,3668,169,0.0009687925135012574,0.04607415485278081,0,0
CRM_2082_PACK,BIL_3775_PACK,0.9935,7093,46,661,166,0.006485267164810377,0.25113464447806355,0,0
CRM_1601_PACK,BIL_4065_PACK;BIL_4066_PACK,0.9538,996,45,233,168,0.045180722891566265,0.721030042918455,0,0
CRM_1653_PACK,BIL_4076_PACK,0.9906,4784,45,474,160,0.009406354515050168,0.33755274261603374,1,0
CRM_1583_PACK,BIL_4107_PACK,0.9966,13050,44,1240,182,0.003371647509578544,0.14677419354838708,0,0
CRM_1715_PACK,BIL_4078_PACK,0.9832,2612,44,361,171,0.016845329249617153,0.47368421052631576,0,0
CRM_2102_PACK,BIL_3785_PACK,0.984,2743,44,353,175,0.016040831206707983,0.49575070821529743,1,0
CRM_2093_PACK,BIL_3742_PACK;BIL_3746_PACK,0.8463,43071,44,3386,151,0.0010215690371711825,0.04459539279385706,0,0
CRM_1586_PACK,BIL_3964_PACK,0.9976,18262,43,1531,186,0.002354616142810207,0.12148922273024167,0,0
CRM_1630_PACK,BIL_4040_PACK,0.9667,1290,43,285,197,0.03333333333333333,0.6912280701754386,0,0
CRM_1643_PACK,BIL_4184_PACK,0.964,1195,43,264,176,0.03598326359832636,0.6666666666666666,1,0
CRM_1667_PACK,BIL_4112_PACK,0.832,256,43,181,158,0.16796875,0.8729281767955801,2,0
CRM_1652_PACK,BIL_3955_PACK;BIL_3956_PACK;BIL_4200_PACK,0.8274,307,43,196,159,0.14006514657980457,0.8112244897959183,1,0
CRM_1616_PACK,BIL_3962_PACK;BIL_4064_PACK,0.9837,2697,42,379,151,0.01557285873192436,0.39841688654353563,0,0
CRM_1575_PACK,BIL_3771_PACK,0.9982,22840,42,1892,173,0.0018388791593695272,0.09143763213530655,0,0
CRM_2178_PACK,BIL_SUBSCRIBER_TYPE_ORIG_Postpaid,0.8197,233,42,163,124,0.18025751072961374,0.7607361963190185,0,0
CRM_1555_PACK,BIL_3965_PACK,0.9983,24834,42,1978,199,0.0016912297656438754,0.1006066734074823,1,0
CRM_1564_PACK,BIL_3928_PACK,0.9964,11534,42,1185,191,0.0036414080110976246,0.16118143459915613,1,0
CRM_2122_PACK,BIL_3779_PACK;BIL_3849_PACK,0.8547,296,42,177,154,0.14189189189189189,0.8700564971751412,0,0
CRM_1554_PACK,BIL_3931_PACK,0.9911,4600,41,528,166,0.008913043478260869,0.3143939393939394,1,0
CRM_1540_PACK,BIL_3957_PACK;BIL_3996_PACK;BIL_3997_PACK,0.9009,8425,41,799,174,0.0048664688427299705,0.21777221526908636,2,1
CRM_2095_PACK,BIL_3761_PACK,0.9937,6477,41,666,197,0.006330091091554732,0.2957957957957958,1,0
CRM_2174_PACK,BIL_3816_PACK,0.8194,227,41,194,184,0.18061674008810572,0.9484536082474226,0,0
CRM_1612_PACK,BIL_4013_PACK,0.9079,445,41,168,151,0.09213483146067415,0.8988095238095238,2,1
CRM_1524_PACK,BIL_3955_PACK;BIL_3956_PACK,0.9138,8282,40,780,175,0.004829751267809708,0.22435897435897437,0,0
CRM_1790_PACK,BIL_3955_PACK;BIL_4155_PACK,0.819,221,40,213,182,0.18099547511312217,0.8544600938967136,1,0
CRM_1798_PACK,BIL_4144_PACK,0.8438,256,40,170,152,0.15625,0.8941176470588236,0,0
CRM_1562_PACK,BIL_4071_PACK;BIL_4089_PACK,0.8697,307,40,202,179,0.13029315960912052,0.8861386138613861,1,0
CRM_1842_PACK,BIL_4058_PACK,0.8465,254,39,164,147,0.15354330708661418,0.8963414634146342,0,0
CRM_2154_PACK,BIL_3804_PACK,0.9542,851,39,238,180,0.045828437132784956,0.7563025210084033,0,0
CRM_1655_PACK,BIL_4022_PACK,0.9189,481,39,213,169,0.08108108108108109,0.7934272300469484,1,0
CRM_1567_PACK,BIL_4040_PACK;BIL_4041_PACK,0.9363,628,39,195,150,0.06210191082802548,0.7692307692307693,1,0
CRM_1559_PACK,BIL_3932_PACK;BIL_3954_PACK;BIL_3955_PACK;BIL_3956_PACK,0.9502,2168,38,335,160,0.017527675276752766,0.47761194029850745,0,0
CRM_1557_PACK,BIL_4025_PACK,0.9935,5856,38,561,167,0.006489071038251366,0.2976827094474153,0,0
CRM_1708_PACK,BIL_3980_PACK,0.9428,664,38,225,184,0.0572289156626506,0.8177777777777778,2,0
CRM_1609_PACK,BIL_4067_PACK,0.9717,1344,38,264,170,0.028273809523809524,0.6439393939393939,1,0
CRM_1591_PACK,BIL_3950_PACK;BIL_3955_PACK;BIL_3956_PACK,0.9281,1975,38,298,155,0.019240506329113925,0.5201342281879194,1,0
CRM_1534_PACK,BIL_3958_PACK,0.9799,1886,38,303,186,0.02014846235418876,0.6138613861386139,0,0
CRM_1519_PACK,BIL_3884_PACK;BIL_3923_PACK;BIL_4001_PACK;BIL_SUBSCRIBER_TYPE_ORIG_Postpaid;BIL_4111_PACK,0.9433,1058,38,233,126,0.035916824196597356,0.5407725321888412,1,0
CRM_1530_PACK,BIL_3955_PACK;BIL_3956_PACK,0.9408,8045,37,749,158,0.004599129894344313,0.2109479305740988,0,0
CRM_1528_PACK,BIL_3944_PACK;BIL_SUBSCRIBER_TYPE_ORIG_Postpaid,0.9962,11957,37,1172,140,0.0030944216776783474,0.11945392491467577,2,0
CRM_1593_PACK,BIL_4150_PACK,0.9884,3186,37,360,155,0.011613308223477715,0.4305555555555556,1,0
CRM_1599_PACK,BIL_4065_PACK;BIL_4066_PACK,0.9626,989,37,242,179,0.03741152679474216,0.7396694214876033,0,0
CRM_1710_PACK,BIL_4089_PACK,0.9518,768,37,249,185,0.048177083333333336,0.7429718875502008,2,1
CRM_2081_PACK,BIL_3760_PACK,0.9977,16216,37,1346,169,0.002281697089294524,0.12555720653789004,1,1
CRM_1640_PACK,BIL_4015_PACK,0.9576,872,37,218,160,0.04243119266055046,0.7339449541284404,0,0
CRM_1566_PACK,BIL_3948_PACK,0.989,3376,37,448,187,0.010959715639810427,0.4174107142857143,0,0
CRM_1639_PACK,BIL_4052_PACK,0.9405,622,37,230,185,0.0594855305466238,0.8043478260869565,1,0
CRM_2135_PACK,BIL_3799_PACK,0.9476,706,37,208,160,0.05240793201133145,0.7692307692307693,0,0
CRM_1682_PACK,BIL_3972_PACK,0.8706,286,37,187,163,0.12937062937062938,0.8716577540106952,0,0
CRM_1598_PACK,BIL_3952_PACK,0.986,2580,36,346,163,0.013953488372093023,0.47109826589595377,1,1
CRM_1648_PACK,BIL_4075_PACK,0.9911,4027,36,460,178,0.00893965731313633,0.3869565217391304,3,2
CRM_1665_PACK,BIL_3944_PACK;BIL_4082_PACK;BIL_SUBSCRIBER_TYPE_ORIG_Postpaid,0.8506,609,36,237,150,0.059113300492610835,0.6329113924050633,1,0
CRM_1582_PACK,BIL_3926_PACK,0.9959,8734,36,768,159,0.00412182276162125,0.20703125,0,0
CRM_1623_PACK,BIL_3968_PACK,0.9612,927,36,229,159,0.038834951456310676,0.6943231441048034,1,0
CRM_1779_PACK,BIL_3955_PACK;BIL_3956_PACK;BIL_4182_PACK,0.834,265,36,183,145,0.13584905660377358,0.7923497267759563,2,0
CRM_1691_PACK,BIL_3928_PACK;BIL_4024_PACK;BIL_4035_PACK,0.8633,300,36,196,160,0.12,0.8163265306122449,1,0
CRM_1690_PACK,BIL_4039_PACK,0.9412,612,36,208,166,0.058823529411764705,0.7980769230769231,1,0
CRM_1619_PACK,BIL_4048_PACK,0.9812,1862,35,291,166,0.018796992481203006,0.570446735395189,0,0
CRM_2100_PACK,BIL_3741_PACK;BIL_3764_PACK;BIL_SUBSCRIBER_TYPE_ORIG_Postpaid,0.948,6788,35,705,147,0.005156157925751326,0.20851063829787234,1,0
CRM_2157_PACK,BIL_3851_PACK,0.8958,336,35,191,167,0.10416666666666667,0.8743455497382199,3,1
CRM_1565_PACK,BIL_3948_PACK;BIL_3949_PACK,0.9763,1604,35,299,170,0.021820448877805487,0.568561872909699,2,0
CRM_2148_PACK,BIL_3782_PACK;BIL_3801_PACK;BIL_3839_PACK;BIL_SUBSCRIBER_TYPE_ORIG_Postpaid,0.9738,1950,35,269,110,0.017948717948717947,0.40892193308550184,0,0
CRM_1631_PACK,BIL_3973_PACK;BIL_3977_PACK;BIL_SUBSCRIBER_TYPE_ORIG_Postpaid,0.9457,773,35,219,129,0.045278137128072445,0.589041095890411,1,0
CRM_1692_PACK,BIL_4043_PACK,0.843,223,35,205,182,0.15695067264573992,0.8878048780487805,0,0
CRM_1658_PACK,BIL_3928_PACK;BIL_3944_PACK;BIL_4056_PACK;BIL_SUBSCRIBER_TYPE_ORIG_Postpaid,0.8871,620,35,218,127,0.056451612903225805,0.5825688073394495,1,0
CRM_1556_PACK,BIL_3962_PACK,0.9981,18534,35,1483,144,0.0018884212798100787,0.09710047201618341,0,0
CRM_2115_PACK,BIL_3841_PACK,0.9556,788,35,219,165,0.044416243654822336,0.7534246575342466,1,0
CRM_1590_PACK,BIL_4105_PACK,0.9941,5980,35,630,168,0.005852842809364548,0.26666666666666666,0,0
CRM_2084_PACK,BIL_3764_PACK;BIL_3770_PACK;BIL_3774_PACK;BIL_SUBSCRIBER_TYPE_ORIG_Postpaid,0.9396,2865,34,394,149,0.0118673647469459,0.37817258883248733,0,0
CRM_2078_PACK,BIL_3742_PACK;BIL_3746_PACK,0.87,41899,34,3218,128,0.0008114752142055897,0.039776258545680544,2,1
CRM_1644_PACK,BIL_3928_PACK;BIL_4024_PACK,0.979,1718,34,290,156,0.01979045401629802,0.5379310344827586,0,0
CRM_1596_PACK,BIL_3960_PACK,0.9974,13143,34,1137,164,0.0025869284029521418,0.1442392260334213,0,0
CRM_1588_PACK,BIL_3975_PACK,0.9903,3513,34,440,186,0.009678337603188158,0.42272727272727273,0,0
CRM_1702_PACK,BIL_4072_PACK,0.9071,366,34,188,168,0.09289617486338798,0.8936170212765957,0,0
CRM_1523_PACK,BIL_3944_PACK;BIL_4044_PACK;BIL_4045_PACK;BIL_4046_PACK;BIL_4047_PACK;BIL_SUBSCRIBER_TYPE_ORIG_Postpaid,0.9822,2363,34,333,112,0.014388489208633094,0.33633633633633636,0,0
CRM_2149_PACK,BIL_3817_PACK,0.8947,323,34,194,168,0.10526315789473684,0.865979381443299,2,1
CRM_1695_PACK,BIL_SUBSCRIBER_TYPE_ORIG_Postpaid;BIL_4017_PACK,0.8049,205,34,197,137,0.16585365853658537,0.6954314720812182,1,0
CRM_1620_PACK,BIL_3955_PACK;BIL_4073_PACK;BIL_4074_PACK,0.8436,243,34,174,144,0.13991769547325103,0.8275862068965517,0,0
CRM_2140_PACK,BIL_3831_PACK,0.9698,1124,34,253,168,0.030249110320284697,0.6640316205533597,0,0
CRM_1712_PACK,BIL_3955_PACK;BIL_3956_PACK;BIL_4182_PACK;BIL_4183_PACK,0.8056,216,34,180,143,0.1574074074074074,0.7944444444444444,0,0
CRM_1699_PACK,BIL_3955_PACK;BIL_3956_PACK;BIL_4140_PACK,0.8022,273,34,215,182,0.12454212454212454,0.8465116279069768,0,0
CRM_1594_PACK,BIL_4036_PACK,0.9984,21928,34,1731,169,0.001550529004013134,0.097631426920855,4,0
CRM_1629_PACK,BIL_4079_PACK,0.9547,728,33,215,170,0.04532967032967033,0.7906976744186046,0,0
CRM_1615_PACK,BIL_3944_PACK;BIL_4037_PACK;BIL_4038_PACK;BIL_4060_PACK;BIL_4061_PACK;BIL_4062_PACK;BIL_SUBSCRIBER_TYPE_ORIG_Postpaid,0.9189,493,33,221,131,0.06693711967545639,0.5927601809954751,0,0
CRM_2104_PACK,BIL_3754_PACK,0.998,16923,33,1363,175,0.001950008863676653,0.12839325018341893,0,0
CRM_1571_PACK,BIL_4097_PACK,0.9498,658,33,214,159,0.05015197568389058,0.7429906542056075,0,0
CRM_1709_PACK,BIL_3974_PACK,0.8911,303,33,170,147,0.10891089108910891,0.8647058823529412,2,0
CRM_1647_PACK,BIL_3939_PACK;BIL_3941_PACK;BIL_3955_PACK;BIL_3956_PACK,0.8655,394,33,185,151,0.08375634517766498,0.8162162162162162,0,0
CRM_1671_PACK,BIL_3928_PACK;BIL_3944_PACK;BIL_3966_PACK;BIL_4019_PACK;BIL_4050_PACK;BIL_4051_PACK;BIL_4068_PACK;BIL_SUBSCRIBER_TYPE_ORIG_Postpaid,0.8551,711,33,195,102,0.046413502109704644,0.5230769230769231,1,0
CRM_2092_PACK,BIL_3751_PACK,0.9981,17417,33,1463,170,0.0018947005798932077,0.11619958988380041,1,0
CRM_1674_PACK,BIL_4100_PACK,0.9138,383,33,198,170,0.08616187989556136,0.8585858585858586,1,0
CRM_1627_PACK,BIL_3924_PACK;BIL_3979_PACK;BIL_3994_PACK;BIL_SUBSCRIBER_TYPE_ORIG_Postpaid,0.8453,530,33,227,142,0.062264150943396226,0.6255506607929515,1,0
CRM_1614_PACK,BIL_3944_PACK;BIL_4037_PACK;BIL_4038_PACK;BIL_4060_PACK;BIL_4061_PACK;BIL_4062_PACK;BIL_SUBSCRIBER_TYPE_ORIG_Postpaid,0.9131,495,33,208,123,0.06666666666666667,0.5913461538461539,0,0
CRM_1706_PACK,BIL_SUBSCRIBER_TYPE_ORIG_Postpaid,0.8207,184,33,191,138,0.1793478260869565,0.7225130890052356,2,0
CRM_1826_PACK,BIL_3957_PACK;BIL_4267_PACK,0.8214,196,33,206,176,0.1683673469387755,0.8543689320388349,0,0
CRM_1818_PACK,BIL_3955_PACK;BIL_4074_PACK,0.8727,275,33,195,166,0.12,0.8512820512820513,2,0
CRM_2130_PACK,BIL_3752_PACK,0.9858,2327,33,378,176,0.014181349376880103,0.4656084656084656,2,1
CRM_1720_PACK,BIL_3938_PACK,0.8458,214,33,176,164,0.1542056074766355,0.9318181818181818,1,0
CRM_2110_PACK,BIL_3829_PACK,0.9033,331,32,173,151,0.09667673716012085,0.8728323699421965,1,0
CRM_1686_PACK,BIL_3928_PACK;BIL_3944_PACK;BIL_4019_PACK;BIL_SUBSCRIBER_TYPE_ORIG_Postpaid;BIL_3991_PACK;BIL_4000_PACK,0.8827,452,32,194,109,0.07079646017699115,0.5618556701030928,0,0
CRM_1688_PACK,BIL_3944_PACK;BIL_SUBSCRIBER_TYPE_ORIG_Postpaid;BIL_3937_PACK,0.81,200,32,175,134,0.16,0.7657142857142857,0,0
CRM_1576_PACK,BIL_3923_PACK;BIL_3969_PACK;BIL_3977_PACK;BIL_3983_PACK;BIL_3985_PACK;BIL_SUBSCRIBER_TYPE_ORIG_Postpaid,0.8302,789,32,234,131,0.04055766793409379,0.5598290598290598,1,1
CRM_1592_PACK,BIL_3950_PACK;BIL_3955_PACK;BIL_3956_PACK;BIL_4042_PACK,0.9169,939,32,235,160,0.03407880724174654,0.6808510638297872,1,1
CRM_2126_PACK,BIL_3772_PACK,0.9565,735,32,216,174,0.04353741496598639,0.8055555555555556,1,0
CRM_2098_PACK,BIL_3823_PACK,0.827,185,32,216,203,0.17297297297297298,0.9398148148148148,2,0
CRM_1726_PACK,BIL_4077_PACK,0.8792,265,32,205,182,0.12075471698113208,0.8878048780487805,0,0
CRM_1573_PACK,BIL_4103_PACK,0.9936,4985,32,509,184,0.0064192577733199595,0.3614931237721022,0,0
CRM_1613_PACK,BIL_3977_PACK;BIL_SUBSCRIBER_TYPE_ORIG_Postpaid,0.9839,2292,32,373,150,0.013961605584642234,0.40214477211796246,1,0
CRM_1625_PACK,BIL_3884_PACK,0.992,3991,32,520,176,0.008018040591330494,0.3384615384615385,0,0
CRM_1521_PACK,BIL_3944_PACK;BIL_4044_PACK;BIL_4045_PACK;BIL_4046_PACK;BIL_4047_PACK;BIL_SUBSCRIBER_TYPE_ORIG_Postpaid,0.9797,2370,32,352,122,0.01350210970464135,0.3465909090909091,0,0
CRM_2083_PACK,BIL_3746_PACK;BIL_3821_PACK,0.8834,2195,32,351,134,0.01457858769931663,0.3817663817663818,0,0
CRM_1581_PACK,BIL_4063_PACK;BIL_4067_PACK,0.9385,520,32,233,189,0.06153846153846154,0.8111587982832618,0,0
CRM_1704_PACK,BIL_4014_PACK,0.9198,399,32,201,179,0.08020050125313283,0.8905472636815921,0,0
CRM_2107_PACK,BIL_3737_PACK;BIL_3755_PACK;BIL_3769_PACK,0.9083,807,31,205,109,0.03841387856257745,0.5317073170731708,0,0
CRM_2085_PACK,BIL_3764_PACK;BIL_3765_PACK;BIL_SUBSCRIBER_TYPE_ORIG_Postpaid,0.8813,7843,31,747,134,0.003952569169960474,0.17938420348058903,0,0
CRM_1642_PACK,BIL_3924_PACK;BIL_3979_PACK;BIL_3994_PACK;BIL_SUBSCRIBER_TYPE_ORIG_Postpaid,0.9085,492,31,221,135,0.06300813008130081,0.6108597285067874,0,0
CRM_1579_PACK,BIL_3926_PACK;BIL_4171_PACK,0.9626,1124,31,243,147,0.027580071174377226,0.6049382716049383,0,0
CRM_2101_PACK,BIL_3737_PACK;BIL_3763_PACK,0.9049,5597,31,532,132,0.005538681436483831,0.24812030075187969,1,1
CRM_1526_PACK,BIL_3944_PACK;BIL_4044_PACK;BIL_4045_PACK;BIL_4046_PACK;BIL_4047_PACK;BIL_SUBSCRIBER_TYPE_ORIG_Postpaid,0.9773,2375,31,394,156,0.013052631578947368,0.39593908629441626,2,0
CRM_1548_PACK,BIL_3944_PACK;BIL_4055_PACK;BIL_SUBSCRIBER_TYPE_ORIG_Postpaid,0.8968,591,31,236,145,0.05245346869712352,0.614406779661017,0,0
CRM_1776_PACK,BIL_4113_PACK,0.8495,206,31,205,187,0.15048543689320387,0.9121951219512195,1,0
CRM_1551_PACK,BIL_3944_PACK;BIL_4037_PACK;BIL_4038_PACK;BIL_4060_PACK;BIL_4061_PACK;BIL_4062_PACK;BIL_SUBSCRIBER_TYPE_ORIG_Postpaid,0.9131,495,31,212,121,0.06262626262626263,0.5707547169811321,0,0
CRM_1679_PACK,BIL_3955_PACK;BIL_3956_PACK;BIL_4131_PACK;BIL_4132_PACK,0.865,311,31,150,120,0.09967845659163987,0.8,0,0
CRM_1687_PACK,BIL_3957_PACK;BIL_4049_PACK,0.9231,468,31,223,177,0.06623931623931624,0.7937219730941704,0,0
CRM_2128_PACK,BIL_3740_PACK;BIL_3743_PACK;BIL_3753_PACK;BIL_3760_PACK;BIL_3764_PACK;BIL_3765_PACK;BIL_3778_PACK;BIL_SUBSCRIBER_TYPE_ORIG_Postpaid,0.8056,1368,31,254,97,0.02266081871345029,0.38188976377952755,0,0
CRM_1600_PACK,BIL_3955_PACK;BIL_4162_PACK,0.8226,186,31,202,176,0.16666666666666666,0.8712871287128713,1,0
CRM_2112_PACK,BIL_3797_PACK;BIL_SUBSCRIBER_TYPE_ORIG_Postpaid,0.8117,1795,31,313,149,0.017270194986072424,0.476038338658147,1,0
CRM_1608_PACK,BIL_3929_PACK;BIL_4004_PACK,0.8562,3039,31,395,111,0.010200723922342876,0.2810126582278481,0,0
CRM_1635_PACK,BIL_4005_PACK;BIL_SUBSCRIBER_TYPE_ORIG_Postpaid,0.9594,886,31,229,133,0.034988713318284424,0.5807860262008734,0,0
CRM_1587_PACK,BIL_3955_PACK;BIL_3956_PACK;BIL_4106_PACK,0.9563,1397,31,254,145,0.02219040801717967,0.5708661417322834,0,0
CRM_1578_PACK,BIL_3998_PACK,0.991,3346,30,435,190,0.008965929468021518,0.4367816091954023,1,0
CRM_1545_PACK,BIL_3954_PACK;BIL_3955_PACK;BIL_3956_PACK,0.964,3420,30,389,141,0.008771929824561403,0.36246786632390743,0,0
CRM_2175_PACK,BIL_3737_PACK;BIL_3742_PACK,0.8283,198,30,202,117,0.15151515151515152,0.5792079207920792,0,0
CRM_1584_PACK,BIL_4012_PACK,0.9843,1912,30,330,182,0.015690376569037656,0.5515151515151515,1,0
CRM_1668_PACK,BIL_3928_PACK;BIL_3944_PACK;BIL_3966_PACK;BIL_4019_PACK;BIL_4050_PACK;BIL_4051_PACK;BIL_4068_PACK;BIL_SUBSCRIBER_TYPE_ORIG_Postpaid,0.8561,709,30,210,107,0.04231311706629055,0.5095238095238095,0,0
CRM_1641_PACK,BIL_3923_PACK;BIL_SUBSCRIBER_TYPE_ORIG_Postpaid,0.9874,2770,30,390,133,0.010830324909747292,0.34102564102564104,2,0
CRM_1568_PACK,BIL_3939_PACK;BIL_3955_PACK;BIL_3956_PACK,0.9145,936,30,236,169,0.03205128205128205,0.7161016949152542,1,0
CRM_1662_PACK,BIL_4016_PACK,0.969,968,30,238,167,0.030991735537190084,0.7016806722689075,0,0
CRM_1550_PACK,BIL_3944_PACK;BIL_4032_PACK;BIL_4054_PACK;BIL_4055_PACK;BIL_SUBSCRIBER_TYPE_ORIG_Postpaid,0.9174,484,30,208,123,0.06198347107438017,0.5913461538461539,0,0
CRM_2137_PACK,BIL_3737_PACK;BIL_3789_PACK,0.838,605,30,220,142,0.049586776859504134,0.6454545454545455,0,0
CRM_1607_PACK,BIL_3928_PACK;BIL_3961_PACK;BIL_4019_PACK;BIL_SUBSCRIBER_TYPE_ORIG_Postpaid;BIL_4031_PACK,0.8137,451,30,216,127,0.06651884700665188,0.5879629629629629,0,0
CRM_1549_PACK,BIL_3957_PACK;BIL_3996_PACK;BIL_3997_PACK,0.9705,7821,29,743,160,0.003707965733282189,0.21534320323014805,1,0
CRM_2120_PACK,BIL_3737_PACK;BIL_3809_PACK,0.8583,628,29,217,125,0.04617834394904458,0.576036866359447,3,0
CRM_1683_PACK,BIL_3963_PACK,0.9825,1655,29,309,197,0.017522658610271902,0.6375404530744336,0,0
CRM_1633_PACK,BIL_3944_PACK;BIL_SUBSCRIBER_TYPE_ORIG_Postpaid;BIL_4059_PACK,0.85,420,29,219,131,0.06904761904761905,0.5981735159817352,2,0
CRM_1723_PACK,BIL_3928_PACK;BIL_3944_PACK;BIL_4019_PACK;BIL_SUBSCRIBER_TYPE_ORIG_Postpaid;BIL_3991_PACK;BIL_4000_PACK,0.885,452,29,230,128,0.06415929203539823,0.5565217391304348,1,0
CRM_2090_PACK,BIL_3764_PACK;BIL_SUBSCRIBER_TYPE_ORIG_Postpaid,0.9945,9739,29,904,132,0.0029777184515864053,0.14601769911504425,2,0
CRM_1670_PACK,BIL_3928_PACK;BIL_3944_PACK;BIL_3966_PACK;BIL_4019_PACK;BIL_4050_PACK;BIL_4051_PACK;BIL_4068_PACK;BIL_SUBSCRIBER_TYPE_ORIG_Postpaid,0.8621,718,28,220,126,0.03899721448467967,0.5727272727272728,1,0
CRM_1595_PACK,BIL_3944_PACK;BIL_3961_PACK;BIL_SUBSCRIBER_TYPE_ORIG_Postpaid,0.8942,6898,28,705,131,0.004059147579008408,0.18581560283687942,1,0
CRM_1666_PACK,BIL_3928_PACK;BIL_3936_PACK;BIL_4024_PACK,0.9066,364,28,203,159,0.07692307692307693,0.7832512315270936,0,0
CRM_1755_PACK,BIL_3944_PACK;BIL_SUBSCRIBER_TYPE_ORIG_Postpaid;BIL_4027_PACK;BIL_4028_PACK;BIL_4029_PACK;BIL_4059_PACK;BIL_4081_PACK;BIL_4117_PACK;BIL_4122_PACK,0.869,313,28,201,135,0.08945686900958466,0.6716417910447762,2,0
CRM_1597_PACK,BIL_4205_PACK,0.8205,156,28,201,185,0.1794871794871795,0.9203980099502488,2,0
CRM_2080_PACK,BIL_3737_PACK;BIL_3746_PACK;BIL_3758_PACK,0.8017,19770,28,1654,115,0.0014162873039959534,0.06952841596130592,0,0
CRM_1638_PACK,BIL_3961_PACK;BIL_3995_PACK;BIL_SUBSCRIBER_TYPE_ORIG_Postpaid,0.8078,921,28,254,129,0.03040173724212812,0.5078740157480315,0,0
CRM_1701_PACK,BIL_3944_PACK;BIL_SUBSCRIBER_TYPE_ORIG_Postpaid;BIL_4033_PACK,0.852,446,28,202,129,0.06278026905829596,0.6386138613861386,0,0
CRM_1730_PACK,BIL_SUBSCRIBER_TYPE_ORIG_Postpaid;BIL_3947_PACK,0.806,201,28,189,132,0.13930348258706468,0.6984126984126984,1,0
CRM_1791_PACK,BIL_3955_PACK;BIL_3956_PACK;BIL_4143_PACK;BIL_4155_PACK,0.8129,171,28,203,175,0.16374269005847952,0.8620689655172413,1,0
CRM_1754_PACK,BIL_3944_PACK;BIL_SUBSCRIBER_TYPE_ORIG_Postpaid;BIL_4027_PACK;BIL_4028_PACK;BIL_4029_PACK;BIL_4059_PACK;BIL_4081_PACK;BIL_4117_PACK;BIL_4122_PACK,0.8718,312,28,179,110,0.08974358974358974,0.6145251396648045,0,0
CRM_1836_PACK,BIL_3928_PACK;BIL_3944_PACK;BIL_4019_PACK;BIL_SUBSCRIBER_TYPE_ORIG_Postpaid;BIL_3991_PACK;BIL_4000_PACK;BIL_4288_PACK,0.848,250,28,189,124,0.112,0.656084656084656,1,0
CRM_2114_PACK,BIL_3743_PACK;BIL_3764_PACK;BIL_SUBSCRIBER_TYPE_ORIG_Postpaid,0.9578,7164,27,692,117,0.0037688442211055275,0.16907514450867053,1,0
CRM_1777_PACK,BIL_4086_PACK,0.8579,190,27,187,175,0.14210526315789473,0.9358288770053476,0,0
CRM_1563_PACK,BIL_3957_PACK;BIL_3996_PACK;BIL_3997_PACK,0.9958,7602,27,720,166,0.003551696921862668,0.23055555555555557,1,1
CRM_1626_PACK,BIL_3929_PACK;BIL_4009_PACK,0.8582,423,27,186,112,0.06382978723404255,0.6021505376344086,1,1
CRM_1546_PACK,BIL_3944_PACK;BIL_4032_PACK;BIL_4054_PACK;BIL_4055_PACK;BIL_SUBSCRIBER_TYPE_ORIG_Postpaid,0.925,480,27,222,141,0.05625,0.6351351351351351,0,0
CRM_1605_PACK,BIL_3928_PACK;BIL_3944_PACK;BIL_3956_PACK;BIL_SUBSCRIBER_TYPE_ORIG_Postpaid;BIL_4108_PACK;BIL_4126_PACK,0.8931,393,27,227,133,0.06870229007633588,0.5859030837004405,0,0
CRM_1617_PACK,BIL_4020_PACK;BIL_SUBSCRIBER_TYPE_ORIG_Postpaid,0.9958,8394,27,787,151,0.0032165832737669764,0.19186785260482847,0,0
CRM_1618_PACK,BIL_3955_PACK;BIL_3956_PACK;BIL_4132_PACK,0.9081,446,27,197,151,0.06053811659192825,0.766497461928934,0,0
CRM_2097_PACK,BIL_3760_PACK;BIL_3764_PACK;BIL_3765_PACK;BIL_3822_PACK;BIL_SUBSCRIBER_TYPE_ORIG_Postpaid,0.8048,912,27,266,135,0.029605263157894735,0.5075187969924813,0,0
CRM_1678_PACK,BIL_3925_PACK;BIL_3944_PACK;BIL_SUBSCRIBER_TYPE_ORIG_Postpaid,0.8219,1151,27,241,130,0.023457862728062554,0.5394190871369294,0,0
CRM_1675_PACK,BIL_3923_PACK;BIL_3977_PACK;BIL_3985_PACK;BIL_SUBSCRIBER_TYPE_ORIG_Postpaid,0.9678,1490,27,291,123,0.018120805369127517,0.422680412371134,0,0
CRM_2143_PACK,BIL_3839_PACK;BIL_SUBSCRIBER_TYPE_ORIG_Postpaid,0.9854,2458,27,348,149,0.010984540276647681,0.4281609195402299,0,0
CRM_1741_PACK,BIL_3944_PACK;BIL_SUBSCRIBER_TYPE_ORIG_Postpaid;BIL_4027_PACK;BIL_4028_PACK;BIL_4029_PACK;BIL_4059_PACK;BIL_4081_PACK;BIL_4117_PACK;BIL_4122_PACK,0.8686,312,26,177,118,0.08333333333333333,0.6666666666666666,0,0
CRM_1676_PACK,BIL_4084_PACK;BIL_SUBSCRIBER_TYPE_ORIG_Postpaid,0.958,761,26,268,149,0.03416557161629435,0.5559701492537313,1,0
CRM_2109_PACK,BIL_3737_PACK;BIL_3755_PACK,0.9145,1029,26,215,109,0.025267249757045675,0.5069767441860465,0,0
CRM_1602_PACK,BIL_4021_PACK,0.9797,1279,26,283,193,0.020328381548084442,0.6819787985865724,0,0
CRM_1654_PACK,BIL_3944_PACK;BIL_3959_PACK;BIL_3961_PACK;BIL_SUBSCRIBER_TYPE_ORIG_Postpaid,0.8488,3413,26,425,137,0.007617931438617052,0.32235294117647056,1,0
CRM_1650_PACK,BIL_4023_PACK,0.8182,143,26,208,188,0.18181818181818182,0.9038461538461539,1,0
CRM_2161_PACK,BIL_3739_PACK;BIL_3740_PACK;BIL_3781_PACK,0.8498,666,26,240,110,0.03903903903903904,0.4583333333333333,1,0
CRM_2147_PACK,BIL_3739_PACK;BIL_3758_PACK;BIL_3820_PACK,0.8368,386,26,198,125,0.06735751295336788,0.6313131313131313,0,0
CRM_1547_PACK,BIL_3943_PACK,0.9965,7113,25,671,178,0.0035146914100941938,0.26527570789865873,1,0
CRM_2127_PACK,BIL_3764_PACK;BIL_3833_PACK;BIL_SUBSCRIBER_TYPE_ORIG_Postpaid,0.823,418,25,223,131,0.05980861244019139,0.5874439461883408,0,0
CRM_1669_PACK,BIL_3928_PACK;BIL_3944_PACK;BIL_3966_PACK;BIL_4019_PACK;BIL_4050_PACK;BIL_4051_PACK;BIL_4068_PACK;BIL_SUBSCRIBER_TYPE_ORIG_Postpaid,0.8624,705,25,209,108,0.03546099290780142,0.5167464114832536,0,0
CRM_1577_PACK,BIL_3983_PACK;BIL_SUBSCRIBER_TYPE_ORIG_Postpaid,0.9845,2200,25,351,126,0.011363636363636364,0.358974358974359,0,0
CRM_1680_PACK,BIL_3992_PACK,0.9361,391,25,202,170,0.0639386189258312,0.8415841584158416,0,0
CRM_1606_PACK,BIL_3942_PACK,0.9988,20245,25,1616,183,0.0012348728081007657,0.11324257425742575,1,0
CRM_2169_PACK,BIL_3740_PACK;BIL_3741_PACK;BIL_3760_PACK;BIL_3764_PACK;BIL_3765_PACK;BIL_3824_PACK;BIL_SUBSCRIBER_TYPE_ORIG_Postpaid;BIL_3759_PACK,0.8679,507,25,215,120,0.04930966469428008,0.5581395348837209,0,0
CRM_2141_PACK,BIL_3741_PACK;BIL_3764_PACK;BIL_3765_PACK;BIL_3824_PACK;BIL_SUBSCRIBER_TYPE_ORIG_Postpaid,0.8207,1757,25,286,114,0.014228799089356859,0.3986013986013986,0,0
CRM_1561_PACK,BIL_3944_PACK;BIL_3979_PACK;BIL_SUBSCRIBER_TYPE_ORIG_Postpaid;BIL_4002_PACK,0.8427,483,25,221,137,0.051759834368530024,0.6199095022624435,0,0
CRM_2193_PACK,BIL_3819_PACK,0.8355,152,25,212,202,0.16447368421052633,0.9528301886792453,0,0
CRM_1719_PACK,BIL_3928_PACK;BIL_3944_PACK;BIL_4019_PACK;BIL_SUBSCRIBER_TYPE_ORIG_Postpaid;BIL_4034_PACK,0.878,418,25,210,133,0.05980861244019139,0.6333333333333333,0,0
CRM_2156_PACK,BIL_3737_PACK;BIL_3739_PACK;BIL_3742_PACK;BIL_3806_PACK,0.8306,242,24,207,107,0.09917355371900827,0.5169082125603864,2,0
CRM_1558_PACK,BIL_3928_PACK;BIL_3944_PACK;BIL_4019_PACK;BIL_SUBSCRIBER_TYPE_ORIG_Postpaid,0.8297,5637,24,652,134,0.004257583821181479,0.20552147239263804,1,0
CRM_1738_PACK,BIL_4207_PACK,0.808,125,24,200,190,0.192,0.95,1,1
CRM_2113_PACK,BIL_3739_PACK;BIL_3794_PACK,0.8669,2059,24,332,126,0.011656143759106362,0.3795180722891566,1,0
CRM_1525_PACK,BIL_3929_PACK;BIL_3981_PACK,0.8648,3048,24,415,145,0.007874015748031496,0.3493975903614458,0,0
CRM_2106_PACK,BIL_3737_PACK;BIL_3739_PACK;BIL_3742_PACK;BIL_3766_PACK,0.8647,3872,24,457,104,0.006198347107438017,0.2275711159737418,0,0
CRM_1705_PACK,BIL_3944_PACK;BIL_4037_PACK;BIL_4038_PACK;BIL_4060_PACK;BIL_4061_PACK;BIL_4062_PACK;BIL_SUBSCRIBER_TYPE_ORIG_Postpaid,0.9281,487,24,215,134,0.049281314168377825,0.6232558139534884,0,0
CRM_1740_PACK,BIL_4152_PACK,0.8209,134,24,186,173,0.1791044776119403,0.9301075268817204,1,0
CRM_2124_PACK,BIL_3737_PACK;BIL_3739_PACK;BIL_3811_PACK,0.8439,269,24,172,99,0.08921933085501858,0.5755813953488372,0,0
CRM_1845_PACK,BIL_4114_PACK,0.8961,231,24,182,160,0.1038961038961039,0.8791208791208791,0,0
CRM_1611_PACK,BIL_3944_PACK;BIL_SUBSCRIBER_TYPE_ORIG_Postpaid;BIL_4027_PACK;BIL_4028_PACK;BIL_4029_PACK;BIL_4059_PACK;BIL_4081_PACK;BIL_4117_PACK;BIL_4122_PACK,0.8835,309,23,181,123,0.0744336569579288,0.6795580110497238,1,1
CRM_2153_PACK,BIL_3742_PACK;BIL_3746_PACK;BIL_3764_PACK;BIL_3788_PACK;BIL_SUBSCRIBER_TYPE_ORIG_Postpaid,0.825,583,23,221,87,0.03945111492281304,0.3936651583710407,0,0
CRM_1645_PACK,BIL_3944_PACK;BIL_4037_PACK;BIL_4038_PACK;BIL_4060_PACK;BIL_4061_PACK;BIL_4062_PACK;BIL_SUBSCRIBER_TYPE_ORIG_Postpaid,0.9281,487,23,213,127,0.04722792607802875,0.596244131455399,1,0
CRM_1522_PACK,BIL_3944_PACK;BIL_4044_PACK;BIL_4045_PACK;BIL_4046_PACK;BIL_4047_PACK;BIL_SUBSCRIBER_TYPE_ORIG_Postpaid,0.9826,2363,23,349,122,0.00973338975878121,0.3495702005730659,0,0
CRM_1589_PACK,BIL_3920_PACK,0.9967,7021,23,676,151,0.003275886625836775,0.22337278106508876,0,0
CRM_2094_PACK,BIL_3737_PACK;BIL_3739_PACK;BIL_3742_PACK;BIL_3786_PACK;BIL_3787_PACK,0.9325,1156,23,231,98,0.019896193771626297,0.42424242424242425,1,0
CRM_2086_PACK,BIL_3764_PACK;BIL_3770_PACK;BIL_3774_PACK;BIL_SUBSCRIBER_TYPE_ORIG_Postpaid,0.9475,2725,23,376,133,0.008440366972477064,0.3537234042553192,0,0
CRM_1646_PACK,BIL_3944_PACK;BIL_4006_PACK;BIL_SUBSCRIBER_TYPE_ORIG_Postpaid,0.8492,975,23,247,130,0.02358974358974359,0.5263157894736842,1,0
CRM_1689_PACK,BIL_3884_PACK;BIL_3923_PACK;BIL_4001_PACK;BIL_SUBSCRIBER_TYPE_ORIG_Postpaid;BIL_4111_PACK,0.9622,1033,23,235,121,0.022265246853823813,0.5148936170212766,0,0
CRM_2103_PACK,BIL_3737_PACK;BIL_3739_PACK;BIL_3742_PACK;BIL_3777_PACK;BIL_3791_PACK,0.9541,1242,23,261,105,0.018518518518518517,0.40229885057471265,1,0
CRM_1685_PACK,BIL_3944_PACK;BIL_SUBSCRIBER_TYPE_ORIG_Postpaid;BIL_4174_PACK;BIL_4175_PACK,0.8113,159,23,202,145,0.14465408805031446,0.7178217821782178,1,0
CRM_2134_PACK,BIL_3739_PACK;BIL_3767_PACK,0.8777,2919,23,392,123,0.0078794107571086,0.3137755102040816,0,0
CRM_1745_PACK,BIL_3944_PACK;BIL_SUBSCRIBER_TYPE_ORIG_Postpaid;BIL_4027_PACK;BIL_4028_PACK;BIL_4029_PACK;BIL_4059_PACK;BIL_4081_PACK;BIL_4117_PACK;BIL_4122_PACK,0.8951,305,23,209,125,0.07540983606557378,0.5980861244019139,3,0
CRM_2099_PACK,BIL_3737_PACK;BIL_3739_PACK;BIL_3742_PACK;BIL_3766_PACK;BIL_3796_PACK,0.8092,2133,23,339,116,0.010782934833567745,0.3421828908554572,1,0
CRM_2167_PACK,BIL_3737_PACK;BIL_3742_PACK;BIL_3828_PACK;BIL_3836_PACK,0.8031,193,22,204,115,0.11398963730569948,0.5637254901960784,1,1
CRM_2173_PACK,BIL_3737_PACK;BIL_3779_PACK,0.8379,438,22,196,126,0.0502283105022831,0.6428571428571429,0,0
CRM_2158_PACK,BIL_3737_PACK;BIL_3739_PACK;BIL_3742_PACK;BIL_3793_PACK,0.8727,440,22,208,114,0.05,0.5480769230769231,2,0
CRM_2133_PACK,BIL_3770_PACK;BIL_SUBSCRIBER_TYPE_ORIG_Postpaid;BIL_3837_PACK,0.8212,151,22,195,148,0.1456953642384106,0.7589743589743589,0,0
CRM_2142_PACK,BIL_3742_PACK;BIL_3746_PACK;BIL_3764_PACK;BIL_3798_PACK;BIL_SUBSCRIBER_TYPE_ORIG_Postpaid,0.83,406,22,218,88,0.054187192118226604,0.4036697247706422,1,1
CRM_1610_PACK,BIL_3944_PACK;BIL_SUBSCRIBER_TYPE_ORIG_Postpaid;BIL_4027_PACK;BIL_4028_PACK;BIL_4029_PACK;BIL_4059_PACK;BIL_4081_PACK;BIL_4117_PACK;BIL_4122_PACK,0.8806,310,22,180,122,0.07096774193548387,0.6777777777777778,0,0
CRM_2155_PACK,BIL_3737_PACK;BIL_3739_PACK;BIL_3742_PACK;BIL_3791_PACK,0.9574,1551,22,289,109,0.014184397163120567,0.3771626297577855,0,0
CRM_2138_PACK,BIL_3742_PACK;BIL_3746_PACK;BIL_3756_PACK;BIL_3764_PACK;BIL_SUBSCRIBER_TYPE_ORIG_Postpaid,0.8874,684,22,217,87,0.03216374269005848,0.4009216589861751,1,0
CRM_1673_PACK,BIL_3944_PACK;BIL_SUBSCRIBER_TYPE_ORIG_Postpaid;BIL_4172_PACK;BIL_4173_PACK,0.8214,140,22,195,129,0.15714285714285714,0.6615384615384615,1,1
CRM_1694_PACK,BIL_3928_PACK;BIL_3944_PACK;BIL_4019_PACK;BIL_SUBSCRIBER_TYPE_ORIG_Postpaid;BIL_3991_PACK;BIL_4000_PACK;BIL_4285_PACK,0.8125,144,22,191,133,0.1527777777777778,0.6963350785340314,0,0
CRM_1735_PACK,BIL_4095_PACK,0.8333,132,22,219,207,0.16666666666666666,0.9452054794520548,0,0
CRM_1560_PACK,BIL_3979_PACK;BIL_SUBSCRIBER_TYPE_ORIG_Postpaid,0.9727,1026,22,263,128,0.021442495126705652,0.4866920152091255,0,0
CRM_2123_PACK,BIL_3737_PACK;BIL_3739_PACK;BIL_3757_PACK,0.8948,2452,22,332,106,0.00897226753670473,0.3192771084337349,0,0
CRM_1765_PACK,BIL_4093_PACK,0.8053,113,22,195,184,0.19469026548672566,0.9435897435897436,2,0
CRM_1604_PACK,BIL_3928_PACK;BIL_3944_PACK;BIL_3956_PACK;BIL_SUBSCRIBER_TYPE_ORIG_Postpaid;BIL_4108_PACK;BIL_4126_PACK,0.8977,391,21,198,115,0.05370843989769821,0.5808080808080808,0,0
CRM_1664_PACK,BIL_3930_PACK,0.9897,2041,21,315,160,0.0102890739833415,0.5079365079365079,0,0
CRM_2212_PACK,BIL_3872_PACK,0.825,120,21,197,186,0.175,0.9441624365482234,0,0
CRM_2105_PACK,BIL_3746_PACK,0.8056,108,21,194,141,0.19444444444444445,0.7268041237113402,2,0
CRM_1727_PACK,BIL_4139_PACK,0.8385,130,21,224,213,0.16153846153846155,0.9508928571428571,0,0
CRM_2144_PACK,BIL_3742_PACK;BIL_3746_PACK;BIL_3764_PACK;BIL_SUBSCRIBER_TYPE_ORIG_Postpaid;BIL_3790_PACK,0.8649,422,21,200,87,0.04976303317535545,0.435,0,0
CRM_1637_PACK,BIL_3944_PACK;BIL_SUBSCRIBER_TYPE_ORIG_Postpaid;BIL_4109_PACK,0.8341,410,21,184,115,0.05121951219512195,0.625,0,0
CRM_2168_PACK,BIL_3807_PACK,0.8742,159,20,206,187,0.12578616352201258,0.9077669902912622,0,0
CRM_1772_PACK,BIL_3957_PACK;BIL_4267_PACK;BIL_4278_PACK,0.8772,171,20,200,174,0.11695906432748537,0.87,0,0
CRM_1758_PACK,BIL_4070_PACK,0.8473,131,20,182,160,0.15267175572519084,0.8791208791208791,0,0
CRM_2132_PACK,BIL_3782_PACK;BIL_3801_PACK;BIL_3839_PACK;BIL_SUBSCRIBER_TYPE_ORIG_Postpaid,0.9608,1990,20,287,135,0.010050251256281407,0.47038327526132406,0,0
CRM_1773_PACK,BIL_3982_PACK,0.8413,126,20,202,195,0.15873015873015872,0.9653465346534653,0,0
CRM_2177_PACK,BIL_SUBSCRIBER_TYPE_ORIG_Postpaid,0.8387,124,20,224,159,0.16129032258064516,0.7098214285714286,0,0
CRM_1865_PACK,BIL_4124_PACK,0.8699,146,19,181,168,0.13013698630136986,0.9281767955801105,2,0
CRM_1769_PACK,BIL_4177_PACK,0.8376,117,19,213,204,0.1623931623931624,0.9577464788732394,0,0
CRM_1700_PACK,BIL_3912_PACK,0.8119,101,19,200,173,0.18811881188118812,0.865,0,0
CRM_2152_PACK,BIL_3826_PACK,0.869,145,19,188,177,0.1310344827586207,0.9414893617021277,1,0
CRM_1770_PACK,BIL_3928_PACK;BIL_4024_PACK;BIL_4145_PACK,0.8347,121,19,212,180,0.15702479338842976,0.8490566037735849,1,1
CRM_1775_PACK,BIL_3771_PACK;BIL_4166_PACK,0.8798,183,19,173,135,0.10382513661202186,0.7803468208092486,1,0
CRM_1816_PACK,BIL_4181_PACK,0.8889,171,19,190,174,0.1111111111111111,0.9157894736842105,0,0
CRM_2117_PACK,BIL_3737_PACK;BIL_3742_PACK;BIL_3746_PACK;BIL_3773_PACK,0.899,525,19,224,118,0.03619047619047619,0.5267857142857143,0,0
CRM_2116_PACK,BIL_3743_PACK;BIL_3764_PACK;BIL_3765_PACK;BIL_3784_PACK;BIL_SUBSCRIBER_TYPE_ORIG_Postpaid,0.8537,923,19,259,140,0.020585048754062838,0.5405405405405406,0,0
CRM_1531_PACK,BIL_3944_PACK;BIL_3979_PACK;BIL_SUBSCRIBER_TYPE_ORIG_Postpaid;BIL_4002_PACK;BIL_4088_PACK,0.8997,339,18,184,117,0.05309734513274336,0.6358695652173914,0,0
CRM_1739_PACK,BIL_4236_PACK,0.8636,132,18,210,197,0.13636363636363635,0.9380952380952381,0,0
CRM_1797_PACK,BIL_3955_PACK;BIL_4162_PACK;BIL_4163_PACK,0.8623,138,18,177,154,0.13043478260869565,0.8700564971751412,0,0
CRM_1698_PACK,BIL_3955_PACK;BIL_3956_PACK;BIL_4140_PACK,0.8125,128,18,196,170,0.140625,0.8673469387755102,1,0
CRM_2180_PACK,BIL_3795_PACK,0.8714,140,18,179,167,0.12857142857142856,0.9329608938547486,1,0
CRM_1734_PACK,BIL_3923_PACK;BIL_3929_PACK;BIL_3944_PACK;BIL_3977_PACK;BIL_3985_PACK;BIL_SUBSCRIBER_TYPE_ORIG_Postpaid;BIL_4053_PACK,0.9045,398,18,193,86,0.04522613065326633,0.44559585492227977,0,0
CRM_2111_PACK,BIL_3737_PACK;BIL_3739_PACK;BIL_3742_PACK;BIL_3787_PACK,0.9521,2236,17,326,100,0.007602862254025045,0.3067484662576687,1,0
CRM_2171_PACK,BIL_SUBSCRIBER_TYPE_ORIG_Postpaid,0.8426,108,17,184,139,0.1574074074074074,0.7554347826086957,1,0
CRM_2119_PACK,BIL_3737_PACK;BIL_3739_PACK;BIL_3742_PACK;BIL_3793_PACK;BIL_3832_PACK,0.8536,321,17,183,95,0.0529595015576324,0.5191256830601093,0,0
CRM_2146_PACK,BIL_3737_PACK;BIL_3776_PACK,0.8899,1199,17,259,128,0.014178482068390326,0.4942084942084942,1,1
CRM_1809_PACK,BIL_3928_PACK;BIL_3944_PACK;BIL_4019_PACK;BIL_SUBSCRIBER_TYPE_ORIG_Postpaid;BIL_4286_PACK,0.8241,108,16,202,143,0.14814814814814814,0.7079207920792079,1,0
CRM_2179_PACK,BIL_3834_PACK,0.814,86,16,184,172,0.18604651162790697,0.9347826086956522,0,0
CRM_2163_PACK,BIL_3835_PACK,0.9075,173,16,191,178,0.09248554913294797,0.9319371727748691,0,0
CRM_1684_PACK,BIL_3944_PACK;BIL_SUBSCRIBER_TYPE_ORIG_Postpaid;BIL_4174_PACK;BIL_4175_PACK,0.8543,151,16,216,152,0.10596026490066225,0.7037037037037037,2,0
CRM_2166_PACK,BIL_3737_PACK;BIL_3742_PACK;BIL_3810_PACK;BIL_3828_PACK;BIL_3836_PACK,0.8563,174,16,200,118,0.09195402298850575,0.59,0,0
CRM_1663_PACK,BIL_4187_PACK,0.871,124,16,198,184,0.12903225806451613,0.9292929292929293,0,0
CRM_1875_PACK,BIL_3944_PACK;BIL_SUBSCRIBER_TYPE_ORIG_Postpaid,0.8,85,15,173,131,0.17647058823529413,0.7572254335260116,0,0
CRM_1785_PACK,BIL_3951_PACK,0.9118,170,15,201,181,0.08823529411764706,0.900497512437811,0,0
CRM_1763_PACK,BIL_3955_PACK;BIL_4226_PACK,0.8148,81,15,177,158,0.18518518518518517,0.8926553672316384,1,0
CRM_1721_PACK,BIL_4110_PACK,0.8515,101,15,206,192,0.1485148514851485,0.9320388349514563,0,0
CRM_1621_PACK,BIL_4137_PACK,0.8108,74,14,180,169,0.1891891891891892,0.9388888888888889,0,0
CRM_2136_PACK,BIL_3737_PACK;BIL_3739_PACK;BIL_3742_PACK;BIL_3806_PACK;BIL_3844_PACK,0.8442,154,14,182,107,0.09090909090909091,0.5879120879120879,1,0
CRM_2160_PACK,BIL_3764_PACK;BIL_SUBSCRIBER_TYPE_ORIG_Postpaid;BIL_3846_PACK,0.8049,82,13,187,150,0.15853658536585366,0.8021390374331551,0,0
CRM_2170_PACK,BIL_3765_PACK;BIL_SUBSCRIBER_TYPE_ORIG_Postpaid;BIL_3825_PACK;BIL_3848_PACK,0.8431,102,12,190,135,0.11764705882352941,0.7105263157894737,0,0
CRM_1672_PACK,BIL_3944_PACK;BIL_SUBSCRIBER_TYPE_ORIG_Postpaid;BIL_4172_PACK;BIL_4173_PACK,0.8712,132,12,188,130,0.09090909090909091,0.6914893617021277,0,0
CRM_2201_PACK,BIL_3746_PACK;BIL_SUBSCRIBER_TYPE_ORIG_Postpaid;BIL_3813_PACK;BIL_3840_PACK,0.8091,110,11,202,100,0.1,0.49504950495049505,0,0
CRM_2185_PACK,BIL_3737_PACK;BIL_3742_PACK;BIL_3810_PACK;BIL_3828_PACK;BIL_3830_PACK;BIL_3836_PACK,0.8,95,11,210,137,0.11578947368421053,0.6523809523809524,0,0
CRM_2121_PACK,BIL_3740_PACK;BIL_3743_PACK;BIL_3753_PACK;BIL_3760_PACK;BIL_3764_PACK;BIL_3765_PACK;BIL_SUBSCRIBER_TYPE_ORIG_Postpaid,0.9016,3323,10,404,109,0.003009328919650918,0.2698019801980198,0,0
CRM_1778_PACK,BIL_SUBSCRIBER_TYPE_ORIG_Postpaid;BIL_3990_PACK;BIL_3993_PACK;BIL_4085_PACK,0.8,70,10,207,156,0.14285714285714285,0.7536231884057971,0,0
CRM_1722_PACK,BIL_3979_PACK;BIL_SUBSCRIBER_TYPE_ORIG_Postpaid;BIL_3976_PACK;BIL_4002_PACK,0.902,153,10,195,119,0.06535947712418301,0.6102564102564103,2,1
CRM_2221_PACK,BIL_SUBSCRIBER_TYPE_ORIG_Postpaid,0.8049,41,8,209,163,0.1951219512195122,0.7799043062200957,0,0
CRM_2151_PACK,BIL_3741_PACK;BIL_3746_PACK;BIL_SUBSCRIBER_TYPE_ORIG_Postpaid;BIL_3838_PACK,0.8131,107,7,202,114,0.06542056074766354,0.5643564356435643,0,0
