bil_column,varies_in_share_of_repeated_configs,prevalence
BIL_3803_PACK,0.01033295,0.00360645
BIL_3940_PACK,0.00834986,0.00450273
BIL_SUBSCRIBER_STATUS_ORIG_Active,0.00772362,0.68719924
BIL_SUBSCRIBER_STATUS_ORIG_Block_2_Way,0.00688863,0.05764983
BIL_4102_PACK,0.00678426,0.03040941
BIL_3762_PACK,0.00553178,0.34433051
BIL_3952_PACK,0.00375744,0.01873113
BIL_SUBSCRIBER_STATUS_ORIG_Block_1_Way,0.00281808,0.11093031
BIL_3751_PACK,0.00198309,0.10080985
BIL_SUBSCRIBER_STATUS_ORIG_Suspend,0.00146123,0.03820382
BIL_SUBSCRIBER_STATUS_ORIG_Barring,0.00114811,0.1068864
BIL_3804_PACK,0.00104373,0.00594317
BIL_3737_PACK,0.00093936,0.27848615
BIL_3750_PACK,0.00083499,0.42279212
BIL_3748_PACK,0.00083499,0.72754239
BIL_3749_PACK,0.00073061,0.42820179
BIL_3744_PACK,0.00073061,0.40175094
BIL_3745_PACK,0.00073061,0.41711569
BIL_4012_PACK,0.00062624,0.01190235
BIL_3997_PACK,0.00062624,0.04455245
BIL_3929_PACK,0.00052187,0.28100426
BIL_3740_PACK,0.00052187,0.14532495
BIL_3785_PACK,0.00052187,0.01641574
BIL_3941_PACK,0.00041749,0.00313164
BIL_4106_PACK,0.00041749,0.00891476
BIL_4169_PACK,0.00041749,0.00126973
BIL_4197_PACK,0.00041749,0.00124305
BIL_4081_PACK,0.00041749,0.00269417
BIL_4023_PACK,0.00041749,0.00196861
BIL_4171_PACK,0.00041749,0.00749032
BIL_3786_PACK,0.00041749,0.00751166
BIL_4334_PACK,0.00041749,0.00108834
BIL_4294_PACK,0.00041749,0.00116303
BIL_4281_PACK,0.00041749,0.00106166
BIL_4237_PACK,0.00041749,0.00125906
BIL_3829_PACK,0.00041749,0.0028062
BIL_4350_PACK,0.00031312,0.0011737
BIL_4464_PACK,0.00031312,0.00103499
BIL_4108_PACK,0.00031312,0.00345173
BIL_3938_PACK,0.00031312,0.00207531
BIL_3778_PACK,0.00031312,0.008616
BIL_4139_PACK,0.00031312,0.00173387
BIL_4353_PACK,0.00031312,0.0011737
BIL_4305_PACK,0.00031312,0.0011897
BIL_4258_PACK,0.00031312,0.00107233
BIL_4213_PACK,0.00031312,0.00125372
BIL_4146_PACK,0.00031312,0.00109367
BIL_4092_PACK,0.00031312,0.00115236
BIL_4007_PACK,0.00031312,0.00125372
BIL_3945_PACK,0.00031312,0.00147246
BIL_3765_PACK,0.00031312,0.04580083
BIL_3770_PACK,0.00031312,0.01720532
BIL_3912_PACK,0.00031312,0.00174454
BIL_3812_PACK,0.00031312,0.00147246
BIL_3780_PACK,0.00031312,0.00156315
BIL_3918_PACK,0.00031312,0.00123772
BIL_3998_PACK,0.00031312,0.02004887
BIL_3815_PACK,0.00031312,0.00624193
BIL_4004_PACK,0.00031312,0.01844304
BIL_4036_PACK,0.00031312,0.12622038
BIL_3926_PACK,0.00031312,0.05078371
BIL_3841_PACK,0.00031312,0.00534032
BIL_3752_PACK,0.00031312,0.01436178
BIL_3932_PACK,0.00031312,0.01323076
BIL_3746_PACK,0.00031312,0.24055441
BIL_3739_PACK,0.00031312,0.27822473
BIL_4419_PACK,0.00020875,0.00116303
BIL_3742_PACK,0.00020875,0.24766061
BIL_4432_PACK,0.00020875,0.00118437
BIL_4449_PACK,0.00020875,0.00117903
BIL_3933_PACK,0.00020875,0.52089713
BIL_4406_PACK,0.00020875,0.00127506
BIL_4181_PACK,0.00020875,0.00212866
BIL_4178_PACK,0.00020875,0.00140844
BIL_3879_PACK,0.00020875,0.0012804
BIL_3878_PACK,0.00020875,0.00120037
BIL_3875_PACK,0.00020875,0.00130707
BIL_3867_PACK,0.00020875,0.00131241
BIL_4166_PACK,0.00020875,0.00211265
BIL_4155_PACK,0.00020875,0.00213933
BIL_3892_PACK,0.00020875,0.00121104
BIL_3886_PACK,0.00020875,0.00125372
BIL_4141_PACK,0.00020875,0.00166451
BIL_4137_PACK,0.00020875,0.0014031
BIL_3902_PACK,0.00020875,0.00119504
BIL_3901_PACK,0.00020875,0.00129107
BIL_3964_PACK,0.00020875,0.10552064
BIL_3960_PACK,0.00020875,0.07629027
BIL_3958_PACK,0.00020875,0.01159825
BIL_3950_PACK,0.00020875,0.01198237
BIL_3936_PACK,0.00020875,0.00305161
BIL_4123_PACK,0.00020875,0.00143511
BIL_4122_PACK,0.00020875,0.00256079
BIL_4120_PACK,0.00020875,0.00144045
BIL_4117_PACK,0.00020875,0.00271551
BIL_4085_PACK,0.00020875,0.00135509
BIL_4074_PACK,0.00020875,0.0025768
BIL_4073_PACK,0.00020875,0.002166
BIL_4027_PACK,0.00020875,0.00261414
BIL_4217_PACK,0.00020875,0.00118437
BIL_4202_PACK,0.00020875,0.00125906
BIL_4149_PACK,0.00020875,0.00105099
BIL_4127_PACK,0.00020875,0.00104032
BIL_4121_PACK,0.00020875,0.00124839
BIL_4008_PACK,0.00020875,0.00175521
BIL_3981_PACK,0.00020875,0.01853907
BIL_3974_PACK,0.00020875,0.00280087
BIL_3769_PACK,0.00020875,0.00531364
BIL_3767_PACK,0.00020875,0.01772282
BIL_3764_PACK,0.00020875,0.0566682
BIL_3758_PACK,0.00020875,0.11416331
BIL_3972_PACK,0.00020875,0.00266749
BIL_3987_PACK,0.00020875,0.00124305
BIL_4246_PACK,0.00020875,0.00121104
BIL_4235_PACK,0.00020875,0.00130174
BIL_4231_PACK,0.00020875,0.00116836
BIL_4229_PACK,0.00020875,0.00112568
BIL_4058_PACK,0.00020875,0.00235273
BIL_4016_PACK,0.00020875,0.00636997
BIL_4013_PACK,0.00020875,0.00338771
BIL_4052_PACK,0.00020875,0.00456675
BIL_3880_PACK,0.00020875,0.00134442
BIL_3855_PACK,0.00020875,0.00136042
BIL_3851_PACK,0.00020875,0.00272084
BIL_3850_PACK,0.00020875,0.00228337
BIL_4284_PACK,0.00020875,0.0011737
BIL_3836_PACK,0.00020875,0.0020593
BIL_3813_PACK,0.00020875,0.00181923
BIL_3806_PACK,0.00020875,0.00235273
BIL_4150_PACK,0.00020875,0.01890718
BIL_SUBSCRIBER_STATUS_ORIG_Idle,0.00020875,0.00121638
BIL_4325_PACK,0.00020875,0.00107233
BIL_4320_PACK,0.00020875,0.00102965
BIL_4318_PACK,0.00020875,0.0011897
BIL_4046_PACK,0.00020875,0.01452183
BIL_4295_PACK,0.00020875,0.00113635
BIL_4190_PACK,0.00020875,0.00119504
BIL_4084_PACK,0.00020875,0.005383
BIL_4079_PACK,0.00020875,0.00499354
BIL_3756_PACK,0.00020875,0.00492952
BIL_4327_PACK,0.00020875,0.00120037
BIL_4366_PACK,0.00020875,0.00128573
BIL_4340_PACK,0.00020875,0.00135509
BIL_4078_PACK,0.00020875,0.01574887
BIL_4067_PACK,0.00020875,0.00859999
BIL_4065_PACK,0.00020875,0.00649801
BIL_3903_PACK,0.00020875,0.0011897
BIL_4404_PACK,0.00020875,0.00125906
BIL_4050_PACK,0.00020875,0.00500955
BIL_4047_PACK,0.00020875,0.01448448
BIL_4418_PACK,0.00020875,0.00108834
BIL_4417_PACK,0.00020875,0.00117903
BIL_3927_PACK,0.00020875,0.51905656
BIL_3831_PACK,0.00020875,0.00732493
BIL_3954_PACK,0.00020875,0.02059304
BIL_4205_PACK,0.00020875,0.0017232
BIL_4314_PACK,0.00020875,0.00127506
BIL_4430_PACK,0.00020875,0.00112035
BIL_4431_PACK,0.00020875,0.00121104
BIL_4426_PACK,0.00010437,0.00110434
BIL_4254_PACK,0.00010437,0.00135509
BIL_4255_PACK,0.00010437,0.00153648
BIL_4262_PACK,0.00010437,0.00129107
BIL_4285_PACK,0.00010437,0.00174987
BIL_4288_PACK,0.00010437,0.00229938
BIL_3783_PACK,0.00010437,0.00123238
BIL_3800_PACK,0.00010437,0.00116836
BIL_3818_PACK,0.00010437,0.00115236
BIL_4201_PACK,0.00010437,0.00132841
BIL_4204_PACK,0.00010437,0.00123238
BIL_4227_PACK,0.00010437,0.00130707
BIL_4443_PACK,0.00010437,0.00121104
BIL_4446_PACK,0.00010437,0.00116303
BIL_4465_PACK,0.00010437,0.00117903
BIL_4461_PACK,0.00010437,0.00110434
BIL_4463_PACK,0.00010437,0.00109367
BIL_3839_PACK,0.00010437,0.01502865
BIL_3884_PACK,0.00010437,0.02399142
BIL_3920_PACK,0.00010437,0.04137813
BIL_3922_PACK,0.00010437,0.5144258
BIL_4415_PACK,0.00010437,0.001067
BIL_4507_PACK,0.00010437,0.00114702
BIL_4048_PACK,0.00010437,0.01151823
BIL_3802_PACK,0.00010437,0.00120037
BIL_3817_PACK,0.00010437,0.0028969
BIL_3820_PACK,0.00010437,0.00300893
BIL_4387_PACK,0.00010437,0.00104566
BIL_4394_PACK,0.00010437,0.00115769
BIL_4414_PACK,0.00010437,0.00112035
BIL_3904_PACK,0.00010437,0.00114702
BIL_3908_PACK,0.00010437,0.00120037
BIL_3916_PACK,0.00010437,0.00110968
BIL_4063_PACK,0.00010437,0.00392655
BIL_4068_PACK,0.00010437,0.00488684
BIL_4184_PACK,0.00010437,0.00779441
BIL_4338_PACK,0.00010437,0.00122171
BIL_4341_PACK,0.00010437,0.0011897
BIL_4342_PACK,0.00010437,0.00102432
BIL_4344_PACK,0.00010437,0.00116836
BIL_4349_PACK,0.00010437,0.0011737
BIL_4351_PACK,0.00010437,0.00114169
BIL_4365_PACK,0.00010437,0.00122171
BIL_4374_PACK,0.00010437,0.00110434
BIL_4097_PACK,0.00010437,0.00470012
BIL_4103_PACK,0.00010437,0.0293104
BIL_3757_PACK,0.00010437,0.01493795
BIL_4082_PACK,0.00010437,0.00432667
BIL_4185_PACK,0.00010437,0.00094963
BIL_4211_PACK,0.00010437,0.00117903
BIL_4264_PACK,0.00010437,0.00128573
BIL_4265_PACK,0.00010437,0.0012804
BIL_4287_PACK,0.00010437,0.0011897
BIL_4315_PACK,0.00010437,0.00116836
BIL_4042_PACK,0.00010437,0.00623126
BIL_3794_PACK,0.00010437,0.01292133
BIL_3796_PACK,0.00010437,0.01301736
BIL_3798_PACK,0.00010437,0.00318499
BIL_4316_PACK,0.00010437,0.00104032
BIL_4323_PACK,0.00010437,0.0011897
BIL_4326_PACK,0.00010437,0.00108834
BIL_4329_PACK,0.00010437,0.00108834
BIL_4332_PACK,0.00010437,0.00117903
BIL_3821_PACK,0.00010437,0.01371624
BIL_3822_PACK,0.00010437,0.00617791
BIL_SUBSCRIBER_STATUS_ORIG_Pre_Active,0.00010437,0.0011897
BIL_SUBSCRIBER_STATUS_ORIG_Pre_Expired,0.00010437,0.00331302
BIL_SUBSCRIBER_TYPE_ORIG_Postpaid,0.00010437,0.20145965
BIL_4126_PACK,0.00010437,0.00307295
BIL_4291_PACK,0.00010437,0.00121638
BIL_4292_PACK,0.00010437,0.0011737
BIL_4297_PACK,0.00010437,0.00127506
BIL_4303_PACK,0.00010437,0.00128573
BIL_3790_PACK,0.00010437,0.00321166
BIL_3793_PACK,0.00010437,0.00341972
BIL_3795_PACK,0.00010437,0.00196327
BIL_3807_PACK,0.00010437,0.00209665
BIL_3808_PACK,0.00010437,0.00133375
BIL_3816_PACK,0.00010437,0.00208598
BIL_3825_PACK,0.00010437,0.00169652
BIL_3826_PACK,0.00010437,0.00189925
BIL_4311_PACK,0.00010437,0.00139243
BIL_4312_PACK,0.00010437,0.00122705
BIL_4273_PACK,0.00010437,0.00109367
BIL_4275_PACK,0.00010437,0.0012964
BIL_4276_PACK,0.00010437,0.00100831
BIL_4279_PACK,0.00010437,0.0012804
BIL_3830_PACK,0.00010437,0.00158983
BIL_3832_PACK,0.00010437,0.00278486
BIL_3834_PACK,0.00010437,0.00146712
BIL_3838_PACK,0.00010437,0.00182456
BIL_3840_PACK,0.00010437,0.00169119
BIL_3846_PACK,0.00010437,0.00156849
BIL_3848_PACK,0.00010437,0.00159516
BIL_4282_PACK,0.00010437,0.00125906
BIL_4289_PACK,0.00010437,0.00127506
BIL_4290_PACK,0.00010437,0.00121104
BIL_4010_PACK,0.00010437,0.00114702
BIL_3854_PACK,0.00010437,0.00130707
BIL_3863_PACK,0.00010437,0.00143511
BIL_3874_PACK,0.00010437,0.00116303
BIL_3877_PACK,0.00010437,0.00114169
BIL_3947_PACK,0.00010437,0.00209665
BIL_4257_PACK,0.00010437,0.00123238
BIL_4261_PACK,0.00010437,0.00114702
BIL_4263_PACK,0.00010437,0.00117903
BIL_3996_PACK,0.00010437,0.04566212
BIL_4001_PACK,0.00010437,0.00690347
BIL_4348_PACK,0.00010437,0.00110434
BIL_4056_PACK,0.00010437,0.00441203
BIL_4060_PACK,0.00010437,0.00381451
BIL_4009_PACK,0.00010437,0.00329702
BIL_4014_PACK,0.00010437,0.00313164
BIL_4025_PACK,0.00010437,0.03418124
BIL_4032_PACK,0.00010437,0.0035691
BIL_4037_PACK,0.00010437,0.00378784
BIL_4038_PACK,0.00010437,0.00363312
BIL_4039_PACK,0.00010437,0.00430533
BIL_4321_PACK,0.00010437,0.00105633
BIL_4268_PACK,0.00010437,0.00124305
BIL_4270_PACK,0.00010437,0.00127506
BIL_4271_PACK,0.00010437,0.00121638
BIL_4228_PACK,0.00010437,0.00132308
BIL_4242_PACK,0.00010437,0.00123772
BIL_4247_PACK,0.00010437,0.00115769
BIL_3951_PACK,0.00010437,0.00199528
BIL_3970_PACK,0.00010437,0.00193126
BIL_3986_PACK,0.00010437,0.00148846
BIL_3990_PACK,0.00010437,0.00147779
BIL_3971_PACK,0.00010437,0.02073708
BIL_4372_PACK,0.00010437,0.00109901
BIL_3760_PACK,0.00010437,0.09362896
BIL_3766_PACK,0.00010437,0.02299378
BIL_3771_PACK,0.00010437,0.13184879
BIL_3975_PACK,0.00010437,0.02118522
BIL_3980_PACK,0.00010437,0.00460943
BIL_3983_PACK,0.00010437,0.01359887
BIL_3995_PACK,0.00010437,0.00635397
BIL_3993_PACK,0.00010437,0.00148313
BIL_4003_PACK,0.00010437,0.00128573
BIL_4130_PACK,0.00010437,0.00126973
BIL_4133_PACK,0.00010437,0.00114702
BIL_4138_PACK,0.00010437,0.00125906
BIL_4193_PACK,0.00010437,0.00105099
BIL_4206_PACK,0.00010437,0.00132841
BIL_4218_PACK,0.00010437,0.00124305
BIL_4018_PACK,0.00010437,0.00129107
BIL_4033_PACK,0.00010437,0.00346774
BIL_4035_PACK,0.00010437,0.00259814
BIL_4053_PACK,0.00010437,0.00319566
BIL_3913_PACK,0.00010437,0.00126439
BIL_3914_PACK,0.00010437,0.00120037
BIL_3917_PACK,0.00010437,0.00113635
BIL_3967_PACK,0.00010437,0.00101898
BIL_4069_PACK,0.00010437,0.00116836
BIL_4096_PACK,0.00010437,0.00118437
BIL_4070_PACK,0.00010437,0.00179789
BIL_4086_PACK,0.00010437,0.00200062
BIL_4090_PACK,0.00010437,0.00105633
BIL_4093_PACK,0.00010437,0.00147779
BIL_4095_PACK,0.00010437,0.0017232
BIL_4098_PACK,0.00010437,0.00147779
BIL_4100_PACK,0.00010437,0.00310496
BIL_4153_PACK,0.00010437,0.00187258
BIL_4154_PACK,0.00010437,0.00127506
BIL_4101_PACK,0.00010437,0.0014938
BIL_4104_PACK,0.00010437,0.00143511
BIL_4109_PACK,0.00010437,0.00328635
BIL_4110_PACK,0.00010437,0.00169652
BIL_4112_PACK,0.00010437,0.00245409
BIL_4114_PACK,0.00010437,0.00235806
BIL_4119_PACK,0.00010437,0.00155248
BIL_3948_PACK,0.00010437,0.02027827
BIL_4354_PACK,0.00010437,0.00131241
BIL_4355_PACK,0.00010437,0.001083
BIL_4357_PACK,0.00010437,0.00110968
BIL_4358_PACK,0.00010437,0.00105099
BIL_4359_PACK,0.00010437,0.00118437
BIL_4362_PACK,0.00010437,0.0011737
BIL_3955_PACK,0.00010437,0.04828694
BIL_3957_PACK,0.00010437,0.04916187
BIL_3961_PACK,0.00010437,0.04075927
BIL_3966_PACK,0.00010437,0.00497754
BIL_3907_PACK,0.00010437,0.00115236
BIL_3909_PACK,0.00010437,0.00117903
BIL_3910_PACK,0.00010437,0.00105633
BIL_4167_PACK,0.00010437,0.00141911
BIL_4170_PACK,0.00010437,0.00134442
BIL_4175_PACK,0.00010437,0.00186724
BIL_3774_PACK,0.00010437,0.01647976
BIL_3776_PACK,0.00010437,0.00778908
BIL_3781_PACK,0.00010437,0.00479082
BIL_3787_PACK,0.00010437,0.01362555
BIL_3789_PACK,0.00010437,0.00433734
BIL_3791_PACK,0.00010437,0.00966699
BIL_4135_PACK,0.00010437,0.0017392
BIL_4144_PACK,0.00010437,0.00245409
BIL_4147_PACK,0.00010437,0.0014031
BIL_4191_PACK,0.00010437,0.00140844
BIL_4198_PACK,0.00010437,0.00130174
BIL_4200_PACK,0.00010437,0.00245409
BIL_3883_PACK,0.00010437,0.00104032
BIL_3888_PACK,0.00010437,0.00123772
BIL_3890_PACK,0.00010437,0.00116303
BIL_3891_PACK,0.00010437,0.00124305
BIL_3894_PACK,0.00010437,0.00125906
BIL_3895_PACK,0.00010437,0.00116836
BIL_3896_PACK,0.00010437,0.00116836
BIL_3900_PACK,0.00010437,0.00126439
BIL_4162_PACK,0.00010437,0.00184057
BIL_3853_PACK,0.00010437,0.001083
BIL_3859_PACK,0.00010437,0.00132308
BIL_3864_PACK,0.00010437,0.00122171
BIL_3868_PACK,0.00010437,0.00121104
BIL_3870_PACK,0.00010437,0.00114169
BIL_3873_PACK,0.00010437,0.00102432
BIL_4176_PACK,0.00010437,0.00127506
BIL_4238_PACK,0.00010437,0.00162717
BIL_4250_PACK,0.00010437,0.00137109
BIL_4251_PACK,0.00010437,0.00146712
BIL_4377_PACK,0.00010437,0.00120037
BIL_4380_PACK,0.00010437,0.0012964
BIL_4384_PACK,0.00010437,0.00104032
BIL_4388_PACK,0.00010437,0.00110968
BIL_4391_PACK,0.00010437,0.00103499
BIL_4392_PACK,0.00010437,0.00110434
BIL_4393_PACK,0.00010437,0.001067
BIL_4398_PACK,0.00010437,0.00114702
BIL_4410_PACK,0.00010437,0.00107767
BIL_3928_PACK,0.00010437,0.06778097
BIL_3935_PACK,0.00010437,0.38808271
BIL_4182_PACK,0.00010437,0.00254479
BIL_4183_PACK,0.00010437,0.00213933
BIL_4188_PACK,0.00010437,0.0013871
BIL_4424_PACK,0.00010437,0.00112568
BIL_3753_PACK,0.00010437,0.01994217
BIL_3754_PACK,0.00010437,0.09767288
BIL_4448_PACK,0.00010437,0.00110434
BIL_4451_PACK,0.00010437,0.00114702
BIL_4454_PACK,0.00010437,0.00109901
BIL_4455_PACK,0.00010437,0.00115236
BIL_4457_PACK,0.00010437,0.00125372
BIL_4433_PACK,0.00010437,0.00110434
BIL_4436_PACK,0.00010437,0.00121638
BIL_4442_PACK,0.00010437,0.00127506
BIL_4420_PACK,0.00010437,0.00114702
BIL_4422_PACK,0.00010437,0.00110434
BIL_4423_PACK,0.00010437,0.00118437
BIL_4510_PACK,0.0,0.00126439
BIL_3743_PACK,0.0,0.04199699
BIL_4450_PACK,0.0,0.00126973
BIL_4452_PACK,0.0,0.00104032
BIL_3921_PACK,0.0,0.52001686
BIL_3833_PACK,0.0,0.00332369
BIL_3824_PACK,0.0,0.01105409
BIL_BUSINESS_LINE_ORIG_Mobile,0.0,0.99862891
BIL_4462_PACK,0.0,0.00107767
BIL_3953_PACK,0.0,0.07049114
BIL_3949_PACK,0.0,0.01005111
BIL_3944_PACK,0.0,0.070059
BIL_3943_PACK,0.0,0.04154885
BIL_3942_PACK,0.0,0.1166014
BIL_3939_PACK,0.0,0.0061459
BIL_3934_PACK,0.0,0.52084378
BIL_3931_PACK,0.0,0.02741115
BIL_3930_PACK,0.0,0.01265458
BIL_4413_PACK,0.0,0.00115236
BIL_4412_PACK,0.0,0.001067
BIL_3871_PACK,0.0,0.00128573
BIL_3866_PACK,0.0,0.00107767
BIL_3865_PACK,0.0,0.00122171
BIL_3861_PACK,0.0,0.00130707
BIL_4253_PACK,0.0,0.00121104
BIL_4240_PACK,0.0,0.00194193
BIL_4236_PACK,0.0,0.0019366
BIL_4234_PACK,0.0,0.00144045
BIL_4226_PACK,0.0,0.00159516
BIL_4210_PACK,0.0,0.00144045
BIL_4209_PACK,0.0,0.00148313
BIL_4208_PACK,0.0,0.00144045
BIL_4207_PACK,0.0,0.00183523
BIL_3843_PACK,0.0,0.00126973
BIL_3814_PACK,0.0,0.00132841
BIL_4308_PACK,0.0,0.00132308
BIL_4156_PACK,0.0,0.00164317
BIL_3897_PACK,0.0,0.00124305
BIL_3893_PACK,0.0,0.00116836
BIL_3889_PACK,0.0,0.00120571
BIL_3887_PACK,0.0,0.00118437
BIL_3885_PACK,0.0,0.00109901
BIL_3882_PACK,0.0,0.00099764
BIL_4196_PACK,0.0,0.00114169
BIL_4195_PACK,0.0,0.00142978
BIL_4189_PACK,0.0,0.00150447
BIL_4187_PACK,0.0,0.00161117
BIL_4186_PACK,0.0,0.00110968
BIL_4179_PACK,0.0,0.00116836
BIL_4177_PACK,0.0,0.00157382
BIL_3881_PACK,0.0,0.00107767
BIL_3876_PACK,0.0,0.0011737
BIL_3784_PACK,0.0,0.00624193
BIL_3782_PACK,0.0,0.01217977
BIL_3777_PACK,0.0,0.00801848
BIL_3775_PACK,0.0,0.04126076
BIL_3773_PACK,0.0,0.00401191
BIL_3906_PACK,0.0,0.00102965
BIL_3905_PACK,0.0,0.0011737
BIL_4174_PACK,0.0,0.00174454
BIL_4173_PACK,0.0,0.00189925
BIL_4172_PACK,0.0,0.00189392
BIL_4168_PACK,0.0,0.00147779
BIL_4165_PACK,0.0,0.00130707
BIL_4163_PACK,0.0,0.00188325
BIL_4161_PACK,0.0,0.00156315
BIL_4160_PACK,0.0,0.00148313
BIL_4157_PACK,0.0,0.00153648
BIL_3911_PACK,0.0,0.00111501
BIL_4125_PACK,0.0,0.00203796
BIL_4124_PACK,0.0,0.00170186
BIL_4118_PACK,0.0,0.00125906
BIL_4115_PACK,0.0,0.00134975
BIL_4113_PACK,0.0,0.0020433
BIL_4152_PACK,0.0,0.00179255
BIL_4151_PACK,0.0,0.00200062
BIL_4145_PACK,0.0,0.00178722
BIL_4143_PACK,0.0,0.00187258
BIL_4142_PACK,0.0,0.00155248
BIL_4140_PACK,0.0,0.00246476
BIL_4136_PACK,0.0,0.0014938
BIL_4132_PACK,0.0,0.00347307
BIL_4131_PACK,0.0,0.00265682
BIL_3788_PACK,0.0,0.0044227
BIL_4159_PACK,0.0,0.00132841
BIL_4158_PACK,0.0,0.00120037
BIL_4134_PACK,0.0,0.00138176
BIL_4116_PACK,0.0,0.00120571
BIL_4099_PACK,0.0,0.00122705
BIL_4091_PACK,0.0,0.0016325
BIL_4088_PACK,0.0,0.00282221
BIL_4087_PACK,0.0,0.00163784
BIL_4077_PACK,0.0,0.00245409
BIL_4059_PACK,0.0,0.00353709
BIL_4094_PACK,0.0,0.00112568
BIL_4083_PACK,0.0,0.00114169
BIL_4080_PACK,0.0,0.00142444
BIL_3978_PACK,0.0,0.00118437
BIL_3946_PACK,0.0,0.00121104
BIL_3915_PACK,0.0,0.00103499
BIL_4224_PACK,0.0,0.00115236
BIL_4223_PACK,0.0,0.00105099
BIL_4222_PACK,0.0,0.00136576
BIL_4221_PACK,0.0,0.00105099
BIL_4220_PACK,0.0,0.00122171
BIL_4219_PACK,0.0,0.00109901
BIL_4216_PACK,0.0,0.001067
BIL_4215_PACK,0.0,0.0012964
BIL_4214_PACK,0.0,0.00104566
BIL_4212_PACK,0.0,0.00134442
BIL_4203_PACK,0.0,0.00110968
BIL_4199_PACK,0.0,0.00109367
BIL_4194_PACK,0.0,0.00122705
BIL_4192_PACK,0.0,0.00117903
BIL_4180_PACK,0.0,0.00130174
BIL_4164_PACK,0.0,0.00115236
BIL_4244_PACK,0.0,0.00121104
BIL_4241_PACK,0.0,0.00119504
BIL_4233_PACK,0.0,0.00126973
BIL_4232_PACK,0.0,0.00114702
BIL_4230_PACK,0.0,0.00148313
BIL_4049_PACK,0.0,0.00355843
BIL_4034_PACK,0.0,0.00336104
BIL_4031_PACK,0.0,0.00354776
BIL_4030_PACK,0.0,0.00110968
BIL_4029_PACK,0.0,0.00277419
BIL_4028_PACK,0.0,0.00272618
BIL_4026_PACK,0.0,0.00164317
BIL_4022_PACK,0.0,0.00359578
BIL_4017_PACK,0.0,0.00204863
BIL_4011_PACK,0.0,0.00131774
BIL_4225_PACK,0.0,0.00113635
BIL_3872_PACK,0.0,0.00176054
BIL_3862_PACK,0.0,0.00151514
BIL_3860_PACK,0.0,0.00129107
BIL_3858_PACK,0.0,0.00138176
BIL_3856_PACK,0.0,0.00102965
BIL_4002_PACK,0.0,0.00376116
BIL_4000_PACK,0.0,0.00353709
BIL_3999_PACK,0.0,0.00134975
BIL_3991_PACK,0.0,0.00357444
BIL_3984_PACK,0.0,0.00132841
BIL_3982_PACK,0.0,0.00175521
BIL_3976_PACK,0.0,0.00189925
BIL_4252_PACK,0.0,0.00122705
BIL_4249_PACK,0.0,0.00121104
BIL_4248_PACK,0.0,0.00126973
BIL_4245_PACK,0.0,0.00125372
BIL_3849_PACK,0.0,0.00250744
BIL_3847_PACK,0.0,0.00144578
BIL_3845_PACK,0.0,0.0011897
BIL_3844_PACK,0.0,0.00180856
BIL_3842_PACK,0.0,0.00131774
BIL_3837_PACK,0.0,0.00177121
BIL_3835_PACK,0.0,0.0019526
BIL_3828_PACK,0.0,0.00213933
BIL_4277_PACK,0.0,0.00121104
BIL_4274_PACK,0.0,0.001067
BIL_4272_PACK,0.0,0.00107233
BIL_4260_PACK,0.0,0.00112568
BIL_4259_PACK,0.0,0.00134442
BIL_4256_PACK,0.0,0.00113635
BIL_3937_PACK,0.0,0.00192593
BIL_3919_PACK,0.0,0.00110434
BIL_4317_PACK,0.0,0.00121104
BIL_4313_PACK,0.0,0.00116836
BIL_3827_PACK,0.0,0.00212332
BIL_3823_PACK,0.0,0.00194727
BIL_3819_PACK,0.0,0.00176588
BIL_3811_PACK,0.0,0.00248077
BIL_3810_PACK,0.0,0.00196861
BIL_3809_PACK,0.0,0.00443337
BIL_4309_PACK,0.0,0.00128573
BIL_4304_PACK,0.0,0.00125906
BIL_4301_PACK,0.0,0.00118437
BIL_4299_PACK,0.0,0.00121638
BIL_4298_PACK,0.0,0.00121638
BIL_4293_PACK,0.0,0.00112568
BIL_4283_PACK,0.0,0.00108834
BIL_4280_PACK,0.0,0.00113102
BIL_4346_PACK,0.0,0.00122705
BIL_4343_PACK,0.0,0.00114702
BIL_4339_PACK,0.0,0.00106166
BIL_4337_PACK,0.0,0.00113102
BIL_4336_PACK,0.0,0.00102965
BIL_3779_PACK,0.0,0.0035531
BIL_3759_PACK,0.0,0.00381451
BIL_4111_PACK,0.0,0.00672741
BIL_SUBSCRIBER_TYPE_ORIG_Prepaid,0.0,0.79800152
BIL_SUBSCRIBER_TYPE_ORIG_0,0.0,0.00123772
BIL_SUBSCRIBER_STATUS_ORIG_Pre_Deactivated,0.0,0.00132841
BIL_SUBSCRIBER_STATUS_ORIG_0,0.0,0.00132308
BIL_4333_PACK,0.0,0.0013871
BIL_4330_PACK,0.0,0.0009603
BIL_4328_PACK,0.0,0.00124305
BIL_4324_PACK,0.0,0.00112568
BIL_4416_PACK,0.0,0.00126973
BIL_4408_PACK,0.0,0.00103499
BIL_4405_PACK,0.0,0.00109901
BIL_4399_PACK,0.0,0.00112035
BIL_4390_PACK,0.0,0.00112035
BIL_4389_PACK,0.0,0.0011737
BIL_4376_PACK,0.0,0.00109367
BIL_3805_PACK,0.0,0.00464677
BIL_3801_PACK,0.0,0.01192369
BIL_3799_PACK,0.0,0.00493486
BIL_3797_PACK,0.0,0.0112088
BIL_3792_PACK,0.0,0.00147246
BIL_4107_PACK,0.0,0.07612488
BIL_4105_PACK,0.0,0.03519489
BIL_4089_PACK,0.0,0.00520694
BIL_4370_PACK,0.0,0.0011897
BIL_4302_PACK,0.0,0.00115236
BIL_4300_PACK,0.0,0.00125906
BIL_4296_PACK,0.0,0.00115769
BIL_4266_PACK,0.0,0.00099231
BIL_4243_PACK,0.0,0.00094963
BIL_4239_PACK,0.0,0.00115236
BIL_4128_PACK,0.0,0.00109367
BIL_4076_PACK,0.0,0.02796065
BIL_4075_PACK,0.0,0.02393807
BIL_4072_PACK,0.0,0.00302494
BIL_4071_PACK,0.0,0.00253945
BIL_4066_PACK,0.0,0.00647667
BIL_4064_PACK,0.0,0.01634639
BIL_4062_PACK,0.0,0.00369714
BIL_4061_PACK,0.0,0.00376116
BIL_4453_PACK,0.0,0.00121104
BIL_4024_PACK,0.0,0.01066997
BIL_4021_PACK,0.0,0.00832257
BIL_4020_PACK,0.0,0.04908185
BIL_4019_PACK,0.0,0.03357839
BIL_4015_PACK,0.0,0.00575645
BIL_4006_PACK,0.0,0.00647134
BIL_4005_PACK,0.0,0.00598585
BIL_4055_PACK,0.0,0.0044227
BIL_4054_PACK,0.0,0.00379317
BIL_4051_PACK,0.0,0.00495086
BIL_4045_PACK,0.0,0.01440446
BIL_4044_PACK,0.0,0.0145325
BIL_4043_PACK,0.0,0.00222469
BIL_4041_PACK,0.0,0.00437469
BIL_4040_PACK,0.0,0.00824788
BIL_4306_PACK,0.0,0.00115236
BIL_4356_PACK,0.0,0.00114702
BIL_4347_PACK,0.0,0.00099231
BIL_4345_PACK,0.0,0.00115769
BIL_3994_PACK,0.0,0.00383052
BIL_3992_PACK,0.0,0.0033557
BIL_3989_PACK,0.0,0.03756362
BIL_3988_PACK,0.0,0.02347393
BIL_3985_PACK,0.0,0.00941091
BIL_3979_PACK,0.0,0.00707419
BIL_3977_PACK,0.0,0.01405768
BIL_3973_PACK,0.0,0.00531364
BIL_4335_PACK,0.0,0.00109367
BIL_3772_PACK,0.0,0.00511091
BIL_3763_PACK,0.0,0.03259141
BIL_3761_PACK,0.0,0.0379424
BIL_3755_PACK,0.0,0.00668473
BIL_4375_PACK,0.0,0.00097097
BIL_4373_PACK,0.0,0.00119504
BIL_4371_PACK,0.0,0.001083
BIL_3969_PACK,0.0,0.00544702
BIL_3968_PACK,0.0,0.00616191
BIL_3965_PACK,0.0,0.14270014
BIL_3963_PACK,0.0,0.01039255
BIL_3962_PACK,0.0,0.10695042
BIL_3959_PACK,0.0,0.02056103
BIL_3956_PACK,0.0,0.04690518
BIL_4369_PACK,0.0,0.00117903
BIL_4368_PACK,0.0,0.00120571
BIL_4367_PACK,0.0,0.00109901
BIL_4363_PACK,0.0,0.0011737
BIL_4361_PACK,0.0,0.00114702
BIL_4360_PACK,0.0,0.00098164
BIL_4411_PACK,0.0,0.0011897
BIL_4409_PACK,0.0,0.00113635
BIL_4407_PACK,0.0,0.00108834
BIL_4403_PACK,0.0,0.00106166
BIL_4402_PACK,0.0,0.00113635
BIL_4401_PACK,0.0,0.00112035
BIL_4400_PACK,0.0,0.00110434
BIL_4397_PACK,0.0,0.00108834
BIL_4396_PACK,0.0,0.00100298
BIL_4386_PACK,0.0,0.00102432
BIL_4385_PACK,0.0,0.00096563
BIL_4383_PACK,0.0,0.0012804
BIL_4382_PACK,0.0,0.00116303
BIL_4381_PACK,0.0,0.00112568
BIL_4379_PACK,0.0,0.00112035
BIL_4378_PACK,0.0,0.00123238
BIL_4456_PACK,0.0,0.00112568
BIL_4509_PACK,0.0,0.00112035
BIL_4508_PACK,0.0,0.00113635
BIL_3741_PACK,0.0,0.03985766
BIL_4506_PACK,0.0,0.00120037
BIL_4504_PACK,0.0,0.00116303
BIL_4468_PACK,0.0,0.00107233
BIL_4467_PACK,0.0,0.00107233
BIL_4429_PACK,0.0,0.00105099
BIL_4428_PACK,0.0,0.0011737
BIL_4427_PACK,0.0,0.00112568
BIL_4425_PACK,0.0,0.00100831
BIL_4421_PACK,0.0,0.00098697
BIL_3925_PACK,0.0,0.00751166
BIL_3924_PACK,0.0,0.00393188
BIL_3923_PACK,0.0,0.0168052
BIL_4307_PACK,0.0,0.00126973
BIL_4286_PACK,0.0,0.00159516
BIL_4278_PACK,0.0,0.00201129
BIL_4267_PACK,0.0,0.00206997
BIL_4466_PACK,0.0,0.00110968
BIL_4447_PACK,0.0,0.00113102
BIL_4445_PACK,0.0,0.001083
BIL_4444_PACK,0.0,0.00123238
BIL_4441_PACK,0.0,0.00122705
BIL_4440_PACK,0.0,0.00105633
BIL_4439_PACK,0.0,0.00103499
BIL_4437_PACK,0.0,0.001083
BIL_4435_PACK,0.0,0.00121104
BIL_4460_PACK,0.0,0.00100298
BIL_4459_PACK,0.0,0.00116303
BIL_4458_PACK,0.0,0.00113635
