bil_column,n_pairs,share_of_pairs,prevalence,lift_vs_prevalence
BIL_3803_PACK,103,0.13844086021505375,0.0036064489282017905,38.38702917223388
BIL_3940_PACK,83,0.11155913978494623,0.0045027261766306375,24.775910283850585
BIL_4281_PACK,4,0.005376344086021506,0.0010616617406984561,5.06408386016102
BIL_4334_PACK,4,0.005376344086021506,0.0010883366588064574,4.939964157706094
BIL_4294_PACK,4,0.005376344086021506,0.0011630264295088614,4.622718753082767
BIL_4197_PACK,4,0.005376344086021506,0.0012430511838328656,4.325118833356409
BIL_4237_PACK,4,0.005376344086021506,0.0012590561346976666,4.270138509203572
BIL_4169_PACK,4,0.005376344086021506,0.001269726101940867,4.234254992319508
BIL_4464_PACK,3,0.004032258064516129,0.0010349868225904546,3.8959511140671768
BIL_4258_PACK,3,0.004032258064516129,0.0010723317079416566,3.7602712245225485
BIL_4146_PACK,3,0.004032258064516129,0.0010936716424280579,3.686900078678206
BIL_4092_PACK,3,0.004032258064516129,0.0011523564622656609,3.499141278375149
BIL_4350_PACK,3,0.004032258064516129,0.0011736963967520619,3.4355205278592376
BIL_4353_PACK,3,0.004032258064516129,0.0011736963967520619,3.4355205278592376
BIL_4305_PACK,3,0.004032258064516129,0.0011897013476168629,3.389302762910458
BIL_3918_PACK,3,0.004032258064516129,0.0012377162002112654,3.2578211902113456
BIL_4007_PACK,3,0.004032258064516129,0.0012537211510760661,3.216231983527797
BIL_4213_PACK,3,0.004032258064516129,0.0012537211510760661,3.216231983527797
BIL_3952_PACK,41,0.05510752688172043,0.01873112749543859,2.942029351684261
BIL_4102_PACK,66,0.08870967741935484,0.030409406643121605,2.9171788341822302
BIL_3945_PACK,3,0.004032258064516129,0.0014724554795616778,2.738458391771856
BIL_3812_PACK,3,0.004032258064516129,0.0014724554795616778,2.738458391771856
BIL_4023_PACK,4,0.005376344086021506,0.001968608956370504,2.7310370953171903
BIL_4320_PACK,2,0.002688172043010753,0.0010296518389688544,2.610758259513065
BIL_4127_PACK,2,0.002688172043010753,0.0010403218062120549,2.5839812517231877
BIL_3780_PACK,3,0.004032258064516129,0.0015631502011288826,2.5795717274028402
BIL_4149_PACK,2,0.002688172043010753,0.0010509917734552554,2.5577479395229523
BIL_4325_PACK,2,0.002688172043010753,0.0010723317079416566,2.5068474830150325
BIL_4418_PACK,2,0.002688172043010753,0.0010883366588064574,2.469982078853047
BIL_4430_PACK,2,0.002688172043010753,0.0011203465605360591,2.3994111623143883
BIL_4229_PACK,2,0.002688172043010753,0.0011256815441576594,2.388039545431382
BIL_4295_PACK,2,0.002688172043010753,0.00113635151140086,2.365616638901509
BIL_4139_PACK,3,0.004032258064516129,0.0017338696770200915,2.3255831265508684
BIL_4419_PACK,2,0.002688172043010753,0.0011630264295088614,2.3113593765413833
BIL_3912_PACK,3,0.004032258064516129,0.001744539644263292,2.311359376541383
BIL_4231_PACK,2,0.002688172043010753,0.0011683614131304616,2.300805224137085
BIL_4284_PACK,2,0.002688172043010753,0.0011736963967520619,2.290347018572825
BIL_4417_PACK,2,0.002688172043010753,0.0011790313803736623,2.279983457402812
BIL_4449_PACK,2,0.002688172043010753,0.0011790313803736623,2.279983457402812
BIL_4217_PACK,2,0.002688172043010753,0.0011843663639952626,2.2697132616487457
BIL_4432_PACK,2,0.002688172043010753,0.0011843663639952626,2.2697132616487457
BIL_3804_PACK,10,0.013440860215053764,0.005943171754462714,2.2615634833304377
BIL_3903_PACK,2,0.002688172043010753,0.0011897013476168629,2.2595351752736392
BIL_4318_PACK,2,0.002688172043010753,0.0011897013476168629,2.2595351752736392
BIL_3902_PACK,2,0.002688172043010753,0.001195036331238463,2.249447964669739
BIL_4190_PACK,2,0.002688172043010753,0.001195036331238463,2.249447964669739
BIL_4327_PACK,2,0.002688172043010753,0.0012003713148600634,2.2394504181600956
BIL_3878_PACK,2,0.002688172043010753,0.0012003713148600634,2.2394504181600956
BIL_3892_PACK,2,0.002688172043010753,0.0012110412821032639,2.219719577471461
BIL_4246_PACK,2,0.002688172043010753,0.0012110412821032639,2.219719577471461
BIL_4431_PACK,2,0.002688172043010753,0.0012110412821032639,2.219719577471461
BIL_SUBSCRIBER_STATUS_ORIG_Idle,2,0.002688172043010753,0.0012163762657248641,2.2099839652895685
BIL_3987_PACK,2,0.002688172043010753,0.0012430511838328656,2.1625594166782043
BIL_4121_PACK,2,0.002688172043010753,0.0012483861674544659,2.153317709769323
BIL_3886_PACK,2,0.002688172043010753,0.0012537211510760661,2.144154655685198
BIL_4202_PACK,2,0.002688172043010753,0.0012590561346976666,2.135069254601786
BIL_4404_PACK,2,0.002688172043010753,0.0012590561346976666,2.135069254601786
BIL_4314_PACK,2,0.002688172043010753,0.0012750610855624673,2.108269222117245
BIL_4406_PACK,2,0.002688172043010753,0.0012750610855624673,2.108269222117245
BIL_3879_PACK,2,0.002688172043010753,0.0012803960691840676,2.0994847670250896
BIL_4366_PACK,2,0.002688172043010753,0.0012857310528056679,2.0907732119751934
BIL_3901_PACK,2,0.002688172043010753,0.001291066036427268,2.082133653248023
BIL_4235_PACK,2,0.002688172043010753,0.0013017360036704688,2.0650669839591047
BIL_3875_PACK,2,0.002688172043010753,0.001307070987292069,2.0566381391266186
BIL_3867_PACK,2,0.002688172043010753,0.0013124059709136693,2.0482778214878925
BIL_3880_PACK,2,0.002688172043010753,0.001344415872643271,1.9995093019286567
BIL_4081_PACK,4,0.005376344086021506,0.002694166728908142,1.9955498775684022
BIL_4340_PACK,2,0.002688172043010753,0.0013550858398864716,1.9837651341969351
BIL_4085_PACK,2,0.002688172043010753,0.0013550858398864716,1.9837651341969351
BIL_3855_PACK,2,0.002688172043010753,0.0013604208235080718,1.9759856630824375
BIL_3938_PACK,3,0.004032258064516129,0.0020753086288025097,1.942967907786715
BIL_3829_PACK,4,0.005376344086021506,0.002806201384961748,1.9158796353080667
BIL_4137_PACK,2,0.002688172043010753,0.001403100692480874,1.9158796353080667
BIL_4178_PACK,2,0.002688172043010753,0.0014084356761024743,1.9086225154773544
BIL_4123_PACK,2,0.002688172043010753,0.0014351105942104758,1.873146260542831
BIL_4120_PACK,2,0.002688172043010753,0.001440445577832076,1.8662086818000798
BIL_3941_PACK,4,0.005376344086021506,0.003131635385879365,1.716784818010295
BIL_4141_PACK,2,0.002688172043010753,0.0016645148899392878,1.614988282326992
BIL_SUBSCRIBER_STATUS_ORIG_Block_2_Way,69,0.09274193548387097,0.05764983301501264,1.608711259575027
BIL_4074_PACK,3,0.004032258064516129,0.002576797089232936,1.5648333667267746
BIL_4205_PACK,2,0.002688172043010753,0.001723199709776891,1.5599886813808717
BIL_4008_PACK,2,0.002688172043010753,0.0017552096115064928,1.5315390397751414
BIL_3813_PACK,2,0.002688172043010753,0.001819229414965696,1.4776432377889195
BIL_4185_PACK,1,0.0013440860215053765,0.0009496270846448501,1.4153829890056786
BIL_4276_PACK,1,0.0013440860215053765,0.0010083119044824531,1.3330062012857715
BIL_3967_PACK,1,0.0013440860215053765,0.0010189818717256539,1.3190480211675957
BIL_4342_PACK,1,0.0013440860215053765,0.0010243168553472541,1.3121779793906811
BIL_3873_PACK,1,0.0013440860215053765,0.0010243168553472541,1.3121779793906811
BIL_3836_PACK,2,0.002688172043010753,0.0020593036779377088,1.3053791297565325
BIL_4391_PACK,1,0.0013440860215053765,0.0010349868225904546,1.2986503713557256
BIL_4384_PACK,1,0.0013440860215053765,0.0010403218062120549,1.2919906258615939
BIL_3883_PACK,1,0.0013440860215053765,0.0010403218062120549,1.2919906258615939
BIL_4316_PACK,1,0.0013440860215053765,0.0010403218062120549,1.2919906258615939
BIL_4387_PACK,1,0.0013440860215053765,0.0010456567898336551,1.2853988369541367
BIL_4358_PACK,1,0.0013440860215053765,0.0010509917734552554,1.2788739697614762
BIL_4193_PACK,1,0.0013440860215053765,0.0010509917734552554,1.2788739697614762
BIL_4321_PACK,1,0.0013440860215053765,0.0010563267570768559,1.2724150103182361
BIL_4090_PACK,1,0.0013440860215053765,0.0010563267570768559,1.2724150103182361
BIL_4166_PACK,2,0.002688172043010753,0.0021126535141537117,1.2724150103182361
BIL_3910_PACK,1,0.0013440860215053765,0.0010563267570768559,1.2724150103182361
BIL_4181_PACK,2,0.002688172043010753,0.0021286584650185123,1.2628479801654675
BIL_4415_PACK,1,0.0013440860215053765,0.0010669967243200564,1.2596908602150538
BIL_4393_PACK,1,0.0013440860215053765,0.0010669967243200564,1.2596908602150538
BIL_4155_PACK,2,0.002688172043010753,0.0021393284322617128,1.256549486498807
BIL_4410_PACK,1,0.0013440860215053765,0.0010776666915632569,1.2472186734802513
BIL_4073_PACK,2,0.002688172043010753,0.0021660033503697143,1.241074739128132
BIL_3853_PACK,1,0.0013440860215053765,0.0010830016751848571,1.241074739128132
BIL_4355_PACK,1,0.0013440860215053765,0.0010830016751848571,1.241074739128132
BIL_4329_PACK,1,0.0013440860215053765,0.0010883366588064574,1.2349910394265236
BIL_4326_PACK,1,0.0013440860215053765,0.0010883366588064574,1.2349910394265236
BIL_4273_PACK,1,0.0013440860215053765,0.0010936716424280579,1.2289666928927354
BIL_4463_PACK,1,0.0013440860215053765,0.0010936716424280579,1.2289666928927354
BIL_4372_PACK,1,0.0013440860215053765,0.001099006626049658,1.2230008351602464
BIL_4454_PACK,1,0.0013440860215053765,0.001099006626049658,1.2230008351602464
BIL_4392_PACK,1,0.0013440860215053765,0.0011043416096712584,1.2170926185652693
BIL_4448_PACK,1,0.0013440860215053765,0.0011043416096712584,1.2170926185652693
BIL_4422_PACK,1,0.0013440860215053765,0.0011043416096712584,1.2170926185652693
BIL_4461_PACK,1,0.0013440860215053765,0.0011043416096712584,1.2170926185652693
BIL_4433_PACK,1,0.0013440860215053765,0.0011043416096712584,1.2170926185652693
BIL_4426_PACK,1,0.0013440860215053765,0.0011043416096712584,1.2170926185652693
BIL_4374_PACK,1,0.0013440860215053765,0.0011043416096712584,1.2170926185652693
BIL_4348_PACK,1,0.0013440860215053765,0.0011043416096712584,1.2170926185652693
BIL_3916_PACK,1,0.0013440860215053765,0.0011096765932928586,1.211241211745244
BIL_4388_PACK,1,0.0013440860215053765,0.0011096765932928586,1.211241211745244
BIL_4357_PACK,1,0.0013440860215053765,0.0011096765932928586,1.211241211745244
BIL_4414_PACK,1,0.0013440860215053765,0.0011203465605360591,1.1997055811571942
BIL_4424_PACK,1,0.0013440860215053765,0.0011256815441576594,1.194019772715691
BIL_3917_PACK,1,0.0013440860215053765,0.00113635151140086,1.1828083194507546
BIL_3877_PACK,1,0.0013440860215053765,0.0011416864950224604,1.1772811777710783
BIL_3870_PACK,1,0.0013440860215053765,0.0011416864950224604,1.1772811777710783
BIL_4351_PACK,1,0.0013440860215053765,0.0011416864950224604,1.1772811777710783
BIL_3850_PACK,2,0.002688172043010753,0.0022833729900449207,1.1772811777710783
BIL_4451_PACK,1,0.0013440860215053765,0.0011470214786440606,1.1718054513628409
BIL_4398_PACK,1,0.0013440860215053765,0.0011470214786440606,1.1718054513628409
BIL_4507_PACK,1,0.0013440860215053765,0.0011470214786440606,1.1718054513628409
BIL_4261_PACK,1,0.0013440860215053765,0.0011470214786440606,1.1718054513628409
BIL_3904_PACK,1,0.0013440860215053765,0.0011470214786440606,1.1718054513628409
BIL_4133_PACK,1,0.0013440860215053765,0.0011470214786440606,1.1718054513628409
BIL_4010_PACK,1,0.0013440860215053765,0.0011470214786440606,1.1718054513628409
BIL_4420_PACK,1,0.0013440860215053765,0.0011470214786440606,1.1718054513628409
BIL_4108_PACK,3,0.004032258064516129,0.003451734403175382,1.1681831779428629
BIL_3818_PACK,1,0.0013440860215053765,0.0011523564622656609,1.1663804261250499
BIL_3907_PACK,1,0.0013440860215053765,0.0011523564622656609,1.1663804261250499
BIL_4455_PACK,1,0.0013440860215053765,0.0011523564622656609,1.1663804261250499
BIL_4247_PACK,1,0.0013440860215053765,0.0011576914458872611,1.1610054011198654
BIL_4394_PACK,1,0.0013440860215053765,0.0011576914458872611,1.1610054011198654
BIL_3890_PACK,1,0.0013440860215053765,0.0011630264295088614,1.1556796882706917
BIL_4446_PACK,1,0.0013440860215053765,0.0011630264295088614,1.1556796882706917
BIL_3874_PACK,1,0.0013440860215053765,0.0011630264295088614,1.1556796882706917
BIL_4315_PACK,1,0.0013440860215053765,0.0011683614131304616,1.1504026120685424
BIL_4069_PACK,1,0.0013440860215053765,0.0011683614131304616,1.1504026120685424
BIL_3896_PACK,1,0.0013440860215053765,0.0011683614131304616,1.1504026120685424
BIL_3895_PACK,1,0.0013440860215053765,0.0011683614131304616,1.1504026120685424
BIL_3800_PACK,1,0.0013440860215053765,0.0011683614131304616,1.1504026120685424
BIL_4344_PACK,1,0.0013440860215053765,0.0011683614131304616,1.1504026120685424
BIL_4362_PACK,1,0.0013440860215053765,0.0011736963967520619,1.1451735092864126
BIL_4349_PACK,1,0.0013440860215053765,0.0011736963967520619,1.1451735092864126
BIL_4292_PACK,1,0.0013440860215053765,0.0011736963967520619,1.1451735092864126
BIL_3806_PACK,2,0.002688172043010753,0.0023527277771257242,1.1425767439592325
BIL_4058_PACK,2,0.002688172043010753,0.0023527277771257242,1.1425767439592325
BIL_4465_PACK,1,0.0013440860215053765,0.0011790313803736623,1.139991728701406
BIL_4263_PACK,1,0.0013440860215053765,0.0011790313803736623,1.139991728701406
BIL_4211_PACK,1,0.0013440860215053765,0.0011790313803736623,1.139991728701406
BIL_3909_PACK,1,0.0013440860215053765,0.0011790313803736623,1.139991728701406
BIL_4332_PACK,1,0.0013440860215053765,0.0011790313803736623,1.139991728701406
BIL_4096_PACK,1,0.0013440860215053765,0.0011843663639952626,1.1348566308243728
BIL_4359_PACK,1,0.0013440860215053765,0.0011843663639952626,1.1348566308243728
BIL_4423_PACK,1,0.0013440860215053765,0.0011843663639952626,1.1348566308243728
BIL_SUBSCRIBER_STATUS_ORIG_Pre_Active,1,0.0013440860215053765,0.0011897013476168629,1.1297675876368196
BIL_4323_PACK,1,0.0013440860215053765,0.0011897013476168629,1.1297675876368196
BIL_4341_PACK,1,0.0013440860215053765,0.0011897013476168629,1.1297675876368196
BIL_4287_PACK,1,0.0013440860215053765,0.0011897013476168629,1.1297675876368196
BIL_3802_PACK,1,0.0013440860215053765,0.0012003713148600634,1.1197252090800478
BIL_3908_PACK,1,0.0013440860215053765,0.0012003713148600634,1.1197252090800478
BIL_3914_PACK,1,0.0013440860215053765,0.0012003713148600634,1.1197252090800478
BIL_4377_PACK,1,0.0013440860215053765,0.0012003713148600634,1.1197252090800478
BIL_4443_PACK,1,0.0013440860215053765,0.0012110412821032639,1.1098597887357304
BIL_4290_PACK,1,0.0013440860215053765,0.0012110412821032639,1.1098597887357304
BIL_3868_PACK,1,0.0013440860215053765,0.0012110412821032639,1.1098597887357304
BIL_4291_PACK,1,0.0013440860215053765,0.0012163762657248641,1.1049919826447843
BIL_4271_PACK,1,0.0013440860215053765,0.0012163762657248641,1.1049919826447843
BIL_4436_PACK,1,0.0013440860215053765,0.0012163762657248641,1.1049919826447843
BIL_4365_PACK,1,0.0013440860215053765,0.0012217112493464646,1.1001666901441518
BIL_3864_PACK,1,0.0013440860215053765,0.0012217112493464646,1.1001666901441518
BIL_4338_PACK,1,0.0013440860215053765,0.0012217112493464646,1.1001666901441518
BIL_4312_PACK,1,0.0013440860215053765,0.0012270462329680648,1.0953833567087425
BIL_4257_PACK,1,0.0013440860215053765,0.001232381216589665,1.090641437415631
BIL_4204_PACK,1,0.0013440860215053765,0.001232381216589665,1.090641437415631
BIL_3783_PACK,1,0.0013440860215053765,0.001232381216589665,1.090641437415631
BIL_3888_PACK,1,0.0013440860215053765,0.0012377162002112654,1.0859403967371155
BIL_4242_PACK,1,0.0013440860215053765,0.0012377162002112654,1.0859403967371155
BIL_3891_PACK,1,0.0013440860215053765,0.0012430511838328656,1.0812797083391021
BIL_4268_PACK,1,0.0013440860215053765,0.0012430511838328656,1.0812797083391021
BIL_4218_PACK,1,0.0013440860215053765,0.0012430511838328656,1.0812797083391021
BIL_4457_PACK,1,0.0013440860215053765,0.0012537211510760661,1.072077327842599
BIL_4282_PACK,1,0.0013440860215053765,0.0012590561346976666,1.067534627300893
BIL_3894_PACK,1,0.0013440860215053765,0.0012590561346976666,1.067534627300893
BIL_4138_PACK,1,0.0013440860215053765,0.0012590561346976666,1.067534627300893
BIL_3900_PACK,1,0.0013440860215053765,0.0012643911183192668,1.0630302617848555
BIL_3913_PACK,1,0.0013440860215053765,0.0012643911183192668,1.0630302617848555
BIL_4130_PACK,1,0.0013440860215053765,0.001269726101940867,1.058563748079877
BIL_4289_PACK,1,0.0013440860215053765,0.0012750610855624673,1.0541346110586225
BIL_4442_PACK,1,0.0013440860215053765,0.0012750610855624673,1.0541346110586225
BIL_4270_PACK,1,0.0013440860215053765,0.0012750610855624673,1.0541346110586225
BIL_4176_PACK,1,0.0013440860215053765,0.0012750610855624673,1.0541346110586225
BIL_4154_PACK,1,0.0013440860215053765,0.0012750610855624673,1.0541346110586225
BIL_4297_PACK,1,0.0013440860215053765,0.0012750610855624673,1.0541346110586225
BIL_4265_PACK,1,0.0013440860215053765,0.0012803960691840676,1.0497423835125448
BIL_4122_PACK,2,0.002688172043010753,0.002560792138368135,1.0497423835125448
BIL_4279_PACK,1,0.0013440860215053765,0.0012803960691840676,1.0497423835125448
BIL_4303_PACK,1,0.0013440860215053765,0.0012857310528056679,1.0453866059875967
BIL_4003_PACK,1,0.0013440860215053765,0.0012857310528056679,1.0453866059875967
BIL_4264_PACK,1,0.0013440860215053765,0.0012857310528056679,1.0453866059875967
BIL_4018_PACK,1,0.0013440860215053765,0.001291066036427268,1.0410668266240115
BIL_4262_PACK,1,0.0013440860215053765,0.001291066036427268,1.0410668266240115
BIL_4275_PACK,1,0.0013440860215053765,0.0012964010200488684,1.0367826010000445
BIL_4380_PACK,1,0.0013440860215053765,0.0012964010200488684,1.0367826010000445
BIL_4198_PACK,1,0.0013440860215053765,0.0013017360036704688,1.0325334919795524
BIL_4227_PACK,1,0.0013440860215053765,0.001307070987292069,1.0283190695633093
BIL_3854_PACK,1,0.0013440860215053765,0.001307070987292069,1.0283190695633093
BIL_4027_PACK,2,0.002688172043010753,0.002614141974584138,1.0283190695633093
BIL_4354_PACK,1,0.0013440860215053765,0.0013124059709136693,1.0241389107439463
BIL_4228_PACK,1,0.0013440860215053765,0.0013230759381568698,1.0158797259798822
BIL_3859_PACK,1,0.0013440860215053765,0.0013230759381568698,1.0158797259798822
BIL_4201_PACK,1,0.0013440860215053765,0.00132841092177847,1.0117998877229348
BIL_4206_PACK,1,0.0013440860215053765,0.00132841092177847,1.0117998877229348
BIL_3808_PACK,1,0.0013440860215053765,0.0013337459054000704,1.007752688172043
BIL_3972_PACK,2,0.002688172043010753,0.0026674918108001407,1.007752688172043
BIL_4170_PACK,1,0.0013440860215053765,0.001344415872643271,0.9997546509643284
BIL_4254_PACK,1,0.0013440860215053765,0.0013550858398864716,0.9918825670984676
BIL_4117_PACK,2,0.002688172043010753,0.002715506663394543,0.9899338783615356
BIL_3851_PACK,2,0.002688172043010753,0.0027208416470161437,0.9879928315412188
BIL_4250_PACK,1,0.0013440860215053765,0.0013710907907512723,0.9803041713735828
BIL_4188_PACK,1,0.0013440860215053765,0.0013870957416160733,0.9689929693961952
BIL_4311_PACK,1,0.0013440860215053765,0.0013924307252376736,0.9652803526552136
BIL_3974_PACK,2,0.002688172043010753,0.0028008664013401477,0.9597644649257554
BIL_4147_PACK,1,0.0013440860215053765,0.001403100692480874,0.9579398176540334
BIL_4191_PACK,1,0.0013440860215053765,0.0014084356761024743,0.9543112577386772
BIL_4167_PACK,1,0.0013440860215053765,0.0014191056433456748,0.9471359851241007
BIL_4104_PACK,1,0.0013440860215053765,0.0014351105942104758,0.9365731302714155
BIL_3863_PACK,1,0.0013440860215053765,0.0014351105942104758,0.9365731302714155
BIL_4251_PACK,1,0.0013440860215053765,0.0014671204959400776,0.91613880742913
BIL_3834_PACK,1,0.0013440860215053765,0.0014671204959400776,0.91613880742913
BIL_3990_PACK,1,0.0013440860215053765,0.001477790463183278,0.9095240867978728
BIL_4093_PACK,1,0.0013440860215053765,0.001477790463183278,0.9095240867978728
BIL_4098_PACK,1,0.0013440860215053765,0.001477790463183278,0.9095240867978728
BIL_3993_PACK,1,0.0013440860215053765,0.0014831254468048783,0.906252417420902
BIL_3986_PACK,1,0.0013440860215053765,0.0014884604304264786,0.9030042008710064
BIL_4101_PACK,1,0.0013440860215053765,0.0014937954140480788,0.8997791858678956
BIL_3936_PACK,2,0.002688172043010753,0.003051610631555361,0.8809026994510866
BIL_4255_PACK,1,0.0013440860215053765,0.001536475283020881,0.8747853195937875
BIL_4119_PACK,1,0.0013440860215053765,0.001552480233885682,0.8657669142371504
BIL_3846_PACK,1,0.0013440860215053765,0.0015684851847504828,0.8569325579694244
BIL_3830_PACK,1,0.0013440860215053765,0.001589825119236884,0.8454301075268817
BIL_3848_PACK,1,0.0013440860215053765,0.0015951601028584843,0.842602582083648
BIL_4238_PACK,1,0.0013440860215053765,0.0016271700045880858,0.826026793583642
BIL_3840_PACK,1,0.0013440860215053765,0.0016911898080472893,0.7947576405142296
BIL_4013_PACK,2,0.002688172043010753,0.003387714599716179,0.793506053678774
BIL_3825_PACK,1,0.0013440860215053765,0.0016965247916688896,0.7922584026509772
BIL_4110_PACK,1,0.0013440860215053765,0.0016965247916688896,0.7922584026509772
BIL_4095_PACK,1,0.0013440860215053765,0.001723199709776891,0.7799943406904358
BIL_4135_PACK,1,0.0013440860215053765,0.0017392046606416918,0.7728164786595423
BIL_4285_PACK,1,0.0013440860215053765,0.0017498746278848923,0.7681041830579597
BIL_3841_PACK,3,0.004032258064516129,0.005340318605221882,0.7550594566723599
BIL_4070_PACK,1,0.0013440860215053765,0.001797889480479295,0.7475910149644236
BIL_3838_PACK,1,0.0013440860215053765,0.0018245643985872963,0.7366613217631894
BIL_4162_PACK,1,0.0013440860215053765,0.0018405693494520973,0.7302555711391616
BIL_4175_PACK,1,0.0013440860215053765,0.0018672442675600985,0.7198233486943165
BIL_4171_PACK,4,0.005376344086021506,0.007490317004726795,0.7177725699231077
BIL_4153_PACK,1,0.0013440860215053765,0.0018725792511816988,0.7177725699231077
BIL_3786_PACK,4,0.005376344086021506,0.007511656939213197,0.7157334433040078
BIL_3826_PACK,1,0.0013440860215053765,0.0018992541692897003,0.7076914945028393
BIL_3970_PACK,1,0.0013440860215053765,0.001931264071019302,0.6959618012237867
BIL_3795_PACK,1,0.0013440860215053765,0.0019632739727489038,0.684614597942964
BIL_4012_PACK,6,0.008064516129032258,0.011902348459790229,0.6775567154899438
BIL_3951_PACK,1,0.0013440860215053765,0.0019952838744785053,0.673631476050831
BIL_4086_PACK,1,0.0013440860215053765,0.0020006188581001057,0.6718351254480287
BIL_3815_PACK,3,0.004032258064516129,0.006241930837272329,0.6459953129307968
BIL_3816_PACK,1,0.0013440860215053765,0.0020859785960457102,0.6443431510051426
BIL_3807_PACK,1,0.0013440860215053765,0.0020966485632889107,0.6410640510000274
BIL_3947_PACK,1,0.0013440860215053765,0.0020966485632889107,0.6410640510000274
BIL_4183_PACK,1,0.0013440860215053765,0.0021393284322617128,0.6282747432494035
BIL_4106_PACK,4,0.005376344086021506,0.008914757631694071,0.6030835955547834
BIL_4052_PACK,2,0.002688172043010753,0.004566745980089841,0.5886405888855392
BIL_4288_PACK,1,0.0013440860215053765,0.0022993779409097212,0.5845433226055935
BIL_4114_PACK,1,0.0013440860215053765,0.0023580627607473247,0.569995864350703
BIL_4112_PACK,1,0.0013440860215053765,0.0024540924659361297,0.5476916783543713
BIL_4144_PACK,1,0.0013440860215053765,0.0024540924659361297,0.5476916783543713
BIL_4200_PACK,1,0.0013440860215053765,0.0024540924659361297,0.5476916783543713
BIL_3756_PACK,2,0.002688172043010753,0.00492952486635866,0.5453207187078155
BIL_4079_PACK,2,0.002688172043010753,0.0049935446698178634,0.5383294274423307
BIL_4050_PACK,2,0.002688172043010753,0.005009549620682664,0.5366095251182338
BIL_4182_PACK,1,0.0013440860215053765,0.0025447871875033342,0.5281722684339849
BIL_SUBSCRIBER_STATUS_ORIG_Suspend,15,0.020161290322580645,0.038203817714279616,0.527729727781757
BIL_4035_PACK,1,0.0013440860215053765,0.002598137023719337,0.5173268419774348
BIL_3769_PACK,2,0.002688172043010753,0.00531364368711388,0.5058999438614674
BIL_4084_PACK,2,0.002688172043010753,0.005382998474194684,0.49938190692370815
BIL_3832_PACK,1,0.0013440860215053765,0.002784861450475347,0.4826401763276068
BIL_3778_PACK,3,0.004032258064516129,0.008615998548884455,0.46799660441426144
BIL_3817_PACK,1,0.0013440860215053765,0.002896896106528953,0.4639745341491911
BIL_3820_PACK,1,0.0013440860215053765,0.0030089307625825587,0.446698886601083
BIL_4126_PACK,1,0.0013440860215053765,0.003072950566041762,0.43739265979689373
BIL_4100_PACK,1,0.0013440860215053765,0.003104960467771364,0.4328834571185752
BIL_4014_PACK,1,0.0013440860215053765,0.003131635385879365,0.42919620450257373
BIL_3798_PACK,1,0.0013440860215053765,0.003184985222095368,0.4220069883467517
BIL_4016_PACK,2,0.002688172043010753,0.006369970444190736,0.4220069883467517
BIL_4053_PACK,1,0.0013440860215053765,0.0031956551893385686,0.42059794998833183
BIL_3790_PACK,1,0.0013440860215053765,0.0032116601402033696,0.4185019469153003
BIL_4065_PACK,2,0.002688172043010753,0.006498010051109143,0.4136915797093773
BIL_3785_PACK,5,0.006720430107526882,0.016415744603664066,0.40938929483752157
BIL_4109_PACK,1,0.0013440860215053765,0.0032863499109057736,0.40899053903086163
BIL_4009_PACK,1,0.0013440860215053765,0.003297019878148974,0.4076669450534155
BIL_SUBSCRIBER_STATUS_ORIG_Pre_Expired,1,0.0013440860215053765,0.003313024829013775,0.40569753952175647
BIL_3793_PACK,1,0.0013440860215053765,0.0034197245014457806,0.3930392699578951
BIL_4033_PACK,1,0.0013440860215053765,0.003467739354040183,0.3875971877584781
BIL_4032_PACK,1,0.0013440860215053765,0.0035691040428505886,0.37658919587893985
BIL_4038_PACK,1,0.0013440860215053765,0.003633123846309792,0.36995326291191005
BIL_3831_PACK,2,0.002688172043010753,0.007324932512457187,0.3669893256271096
BIL_4037_PACK,1,0.0013440860215053765,0.0037878383713362,0.3548424958352264
BIL_4060_PACK,1,0.0013440860215053765,0.0038145132894442015,0.3523610797804346
BIL_4063_PACK,1,0.0013440860215053765,0.0039265479454978075,0.342307298971482
BIL_SUBSCRIBER_STATUS_ORIG_Block_1_Way,27,0.036290322580645164,0.11093031444393466,0.3271452241216415
BIL_4067_PACK,2,0.002688172043010753,0.008599993598019655,0.3125783772245791
BIL_4039_PACK,1,0.0013440860215053765,0.0043053317826314275,0.31219104342380516
BIL_4082_PACK,1,0.0013440860215053765,0.0043266717171178285,0.31065126022566064
BIL_3789_PACK,1,0.0013440860215053765,0.004337341684361029,0.30988705048340803
BIL_3932_PACK,3,0.004032258064516129,0.013230759381568698,0.3047639177939646
BIL_4056_PACK,1,0.0013440860215053765,0.0044120314550634325,0.304641078649348
BIL_3980_PACK,1,0.0013440860215053765,0.0046094258490626434,0.29159510653126247
BIL_4097_PACK,1,0.0013440860215053765,0.004700120570629848,0.28596841321567623
BIL_3752_PACK,3,0.004032258064516129,0.014361775909347958,0.28076319321286486
BIL_3781_PACK,1,0.0013440860215053765,0.004790815292197053,0.2805547572862035
BIL_4068_PACK,1,0.0013440860215053765,0.004886844997385858,0.27504167253603795
BIL_3966_PACK,1,0.0013440860215053765,0.0049775397189530625,0.2700301951157672
BIL_3751_PACK,19,0.025537634408602152,0.10080985051375892,0.25332479195688
BIL_3770_PACK,3,0.004032258064516129,0.01720532217966091,0.23436109027256813
BIL_3958_PACK,2,0.002688172043010753,0.011598254393359013,0.23177384732567688
BIL_3950_PACK,2,0.002688172043010753,0.011982373214114233,0.22434387537222686
BIL_4004_PACK,3,0.004032258064516129,0.018443038379872174,0.21863306801534055
BIL_3822_PACK,1,0.0013440860215053765,0.006177911033813126,0.21756318829275542
BIL_4042_PACK,1,0.0013440860215053765,0.006231260870029129,0.2157004897628517
BIL_3995_PACK,1,0.0013440860215053765,0.006353965493325935,0.21153498912091587
BIL_3762_PACK,54,0.07258064516129033,0.3443305129053254,0.21078772412262683
BIL_3998_PACK,3,0.004032258064516129,0.020048868449973858,0.20112147848031725
BIL_4001_PACK,1,0.0013440860215053765,0.006903468806350764,0.1946971963238105
BIL_4047_PACK,2,0.002688172043010753,0.014484480532644764,0.18558981365967644
BIL_4046_PACK,2,0.002688172043010753,0.014521825417995966,0.18511254374945685
BIL_3997_PACK,6,0.008064516129032258,0.04455244822398395,0.181011738984321
BIL_3776_PACK,1,0.0013440860215053765,0.007789076087536411,0.17256039181028135
BIL_4184_PACK,1,0.0013440860215053765,0.007794411071158011,0.17244228065914496
BIL_4078_PACK,2,0.002688172043010753,0.01574887165096403,0.1706898184573244
BIL_3767_PACK,2,0.002688172043010753,0.017722815590956134,0.15167861050151163
BIL_SUBSCRIBER_STATUS_ORIG_Active,77,0.10349462365591398,0.6871992402983322,0.1506035187276751
BIL_3981_PACK,2,0.002688172043010753,0.018539068085060978,0.14500038678734434
BIL_4150_PACK,2,0.002688172043010753,0.018907181954951398,0.14217729799266973
BIL_3791_PACK,1,0.0013440860215053765,0.00966699032233971,0.1390387262930523
BIL_SUBSCRIBER_STATUS_ORIG_Barring,11,0.01478494623655914,0.10688639685876164,0.13832392775009325
BIL_3954_PACK,2,0.002688172043010753,0.020593036779377086,0.13053791297565326
BIL_4048_PACK,1,0.0013440860215053765,0.011518229639035009,0.11669206671746678
BIL_3794_PACK,1,0.0013440860215053765,0.012921330331515882,0.10402071512923648
BIL_3796_PACK,1,0.0013440860215053765,0.013017360036704687,0.10325334919795524
BIL_3983_PACK,1,0.0013440860215053765,0.013598873251459118,0.09883804317105169
BIL_3787_PACK,1,0.0013440860215053765,0.01362554816956712,0.09864454661041924
BIL_3821_PACK,1,0.0013440860215053765,0.013716242891134324,0.09799228784247793
BIL_3757_PACK,1,0.0013440860215053765,0.014937954140480788,0.08997791858678957
BIL_3839_PACK,1,0.0013440860215053765,0.015028648862047994,0.08943492085303896
BIL_3765_PACK,3,0.004032258064516129,0.045800834391438415,0.08803896518684128
BIL_3774_PACK,1,0.0013440860215053765,0.01647976440712327,0.08155978376270986
BIL_3926_PACK,3,0.004032258064516129,0.05078370909401308,0.07940062150740963
BIL_3753_PACK,1,0.0013440860215053765,0.019942168777541854,0.06739918995265136
BIL_3948_PACK,1,0.0013440860215053765,0.02027827274570267,0.0662820763070273
BIL_3971_PACK,1,0.0013440860215053765,0.020737081337160294,0.0648155832372037
BIL_3975_PACK,1,0.0013440860215053765,0.021185219961374718,0.06344451574993976
BIL_3766_PACK,1,0.0013440860215053765,0.022993779409097213,0.05845433226055934
BIL_3884_PACK,1,0.0013440860215053765,0.023991421346336465,0.05602360952702041
BIL_3737_PACK,10,0.013440860215053764,0.2784861450475347,0.048264017632760677
BIL_3764_PACK,2,0.002688172043010753,0.05666819602863819,0.04743704990453978
BIL_3740_PACK,5,0.006720430107526882,0.14532495385239166,0.046244157863988763
BIL_4103_PACK,1,0.0013440860215053765,0.02931040001707195,0.04585696615271401
BIL_4025_PACK,1,0.0013440860215053765,0.03418124006359301,0.03932233058264566
BIL_3960_PACK,2,0.002688172043010753,0.07629026578888402,0.03523610797804347
BIL_3750_PACK,11,0.01478494623655914,0.42279211702820074,0.03496977744164744
BIL_3961_PACK,1,0.0013440860215053765,0.040759274869026155,0.03297620052918989
BIL_3920_PACK,1,0.0013440860215053765,0.04137813296913179,0.03248300309992403
BIL_4036_PACK,3,0.004032258064516129,0.12622037750344106,0.03194617338556288
BIL_3744_PACK,9,0.012096774193548387,0.4017509416246092,0.03011013277188894
BIL_3996_PACK,1,0.0013440860215053765,0.045662124817276814,0.029435468167193685
BIL_3745_PACK,9,0.012096774193548387,0.417115694454818,0.02900100464778534
BIL_3760_PACK,2,0.002688172043010753,0.09362896255908494,0.028710902796924304
BIL_3749_PACK,9,0.012096774193548387,0.42820179042050344,0.02825017191466923
BIL_3955_PACK,1,0.0013440860215053765,0.04828693675910415,0.027835396314552067
BIL_3957_PACK,1,0.0013440860215053765,0.0491618740730466,0.027340007818015277
BIL_3964_PACK,2,0.002688172043010753,0.10552064105163197,0.025475319484605973
BIL_3929_PACK,5,0.006720430107526882,0.28100425731693,0.023915759041142425
BIL_3758_PACK,2,0.002688172043010753,0.11416331451862442,0.023546723869621082
BIL_3928_PACK,1,0.0013440860215053765,0.06778096691243157,0.01982984431664784
BIL_3748_PACK,10,0.013440860215053764,0.7275423864448736,0.018474332857405535
BIL_3746_PACK,3,0.004032258064516129,0.2405544114979567,0.01676235342934203
BIL_3739_PACK,3,0.004032258064516129,0.27822473085007626,0.01449280965137835
BIL_3754_PACK,1,0.0013440860215053765,0.09767288014425796,0.01376109744608973
BIL_3742_PACK,2,0.002688172043010753,0.24766060968192827,0.010854257552152462
BIL_3771_PACK,1,0.0013440860215053765,0.13184878522422935,0.01019414793408638
BIL_SUBSCRIBER_TYPE_ORIG_Postpaid,1,0.0013440860215053765,0.20145965151886983,0.006671738044674826
BIL_3927_PACK,2,0.002688172043010753,0.5190565614963563,0.0051789578292993485
BIL_3933_PACK,2,0.002688172043010753,0.5208971308458084,0.0051606581872428925
BIL_3935_PACK,1,0.0013440860215053765,0.3880827135860693,0.0034634009051456604
BIL_3922_PACK,1,0.0013440860215053765,0.5144257957128071,0.002612788924480278
