,n_missing,pct_missing,n_unique,status
INFO_TXT,17125,100.0,0,empty
DIMENSION_CONSUMABLE,17125,100.0,0,empty
END_DATE,17125,100.0,0,empty
AVERAGE_STORE,17125,100.0,0,empty
STATUS_ARTICLE,17125,100.0,0,empty
CAPACITY,17125,100.0,0,empty
SECONDARY_DISPLAY,17125,100.0,0,empty
ITEM_GROUP,17125,100.0,0,empty
FLAG_FACT,17125,100.0,0,empty
PRODUCTION_TYPE,17125,100.0,0,empty
STORE_LOCATION,17125,100.0,0,empty
STORE_CONCEPT,17125,100.0,0,empty
PHASE_COD,17123,99.99,1,empty
CLR_BAS_DES,17124,99.99,1,empty
CLR_TON_DES,17124,99.99,1,empty
PONTAMETALICA_COD,17124,99.99,1,empty
PONTAMETALICA_DES,17124,99.99,1,empty
DISPLAY_CLR,17124,99.99,1,empty
PROD_DAT_CRI,17123,99.99,2,empty
PHASE,17123,99.99,1,empty
DISPLAY_CLR_COD,17124,99.99,1,empty
SHAPE,16981,99.16,6,sparse (>=50% missing)
PRODUCT_DETAILS,16924,98.83,25,sparse (>=50% missing)
PROD_TYPOLOGY_ORIG_ASIS,16877,98.55,4,sparse (>=50% missing)
PROD_TYPOLOGY_ORIG,16877,98.55,4,sparse (>=50% missing)
HISTORY,16873,98.53,17,sparse (>=50% missing)
PURCHASE_BET_ORIG,16778,97.97,4,sparse (>=50% missing)
PURCHASE_BET_ORIG_ASIS,16778,97.97,4,sparse (>=50% missing)
SEASON_DETAIL,16413,95.84,3,sparse (>=50% missing)
NIGHT_BAG,15136,88.39,1,constant
RECLASS_CODE,15053,87.9,8,sparse (>=50% missing)
RECLASS_REASON,15053,87.9,8,sparse (>=50% missing)
MATERIAL,13940,81.4,27,sparse (>=50% missing)
STORE_DATE_OUTLET_REAL,12569,73.4,16,sparse (>=50% missing)
OUTFIT,11431,66.75,5,sparse (>=50% missing)
STORE_DATE_REAL,11129,64.99,96,sparse (>=50% missing)
FINISHING,11117,64.92,28,sparse (>=50% missing)
THEME_CODE,11083,64.72,75,sparse (>=50% missing)
THEME_CODE_ASIS,11083,64.72,75,sparse (>=50% missing)
DESCRIPTION,8417,49.15,5942,ok
ECI_ONLINE_DATE,8125,47.45,47,ok
STORE_DATE_REVISED,7602,44.39,108,ok
ECI_APPAREL,7333,42.82,1,constant
ITEM_REPEAT,4316,25.2,2,ok
CUSTOMIZABLE,4212,24.6,3,ok
ONL_ENTRY_DATE,1501,8.76,409,ok
ONL_ENTRY_DATE_DT,1501,8.76,409,ok
TRANSP_COST,1422,8.3,14443,ok
NET_WEIGHT,797,4.65,1200,ok
PRICE_LCP,747,4.36,14630,ok
ONL_IMAGE_DATE,482,2.81,481,ok
ONL_IMAGE_DATE_DT,482,2.81,481,ok
PUR_BET,65,0.38,5,ok
MADE_IN,28,0.16,15,ok
TARIFF_COD,23,0.13,93,ok
PROD_SEG,11,0.06,4,ok
L4_DES,1,0.01,60,ok
COMPOSITION,1,0.01,1352,ok
L3_DES,1,0.01,20,ok
L1_DES,1,0.01,4,ok
L2_DES,1,0.01,5,ok
TAR_COD,0,0.0,1,constant
PROD_SIT,0,0.0,1,constant
SEA_COD,0,0.0,3,ok
PROD_YEAR_SEA,0,0.0,3,ok
SZ_DES,0,0.0,43,ok
SZ_COD,0,0.0,47,ok
PROD_CLR,0,0.0,10571,ok
CLR_DES,0,0.0,100,ok
CLR_COD,0,0.0,153,ok
CFS_SFK,0,0.0,666,ok
PROD_DES,0,0.0,11836,ok
PROD_COD,0,0.0,17125,ok
PROD_SPK,0,0.0,17125,ok
MATCHING,0,0.0,2,ok
THEME_ID,0,0.0,822,ok
CLR_TYPE,0,0.0,3,ok
CAT_DES_EN,0,0.0,5,ok
CAT_COD,0,0.0,5,ok
PROD_REF_EQUIV,0,0.0,7637,ok
PROD_CLR_EQUIV,0,0.0,10555,ok
OPEN_REFERENCE,0,0.0,2,ok
PROD_COD_EQUIV,0,0.0,17097,ok
PRINT_TYPE,0,0.0,19,ok
OPACITY,0,0.0,3,ok
DIMENSION,0,0.0,8,ok
NUMBER_OF_UNITS,0,0.0,23,ok
COLLECTION_TYPE,0,0.0,13,ok
DISTRIBUTION_BLOCK,0,0.0,22,ok
DISPLAY_DES,0,0.0,45,ok
OUTLET_GEN,0,0.0,1,constant
STORE_DATE_PLANNED,0,0.0,178,ok
STORE_DATE_FINAL,0,0.0,100,ok
DISPLAY_COD,0,0.0,45,ok
CATEGORY_MATRIX,0,0.0,103,ok
DISTRIB_CENTRAL,0,0.0,3,ok
PROD_YEAR_SEA_INI,0,0.0,11,ok
SUP_COD,0,0.0,178,ok
THEME,0,0.0,813,ok
SUP_SFK,0,0.0,178,ok
FASHIONTYPE,0,0.0,13,ok
OUTLET,0,0.0,1,constant
PROD_ONLINE,0,0.0,2,ok
PERMANENT,0,0.0,1,constant
TYPOLOGY,0,0.0,4,ok
FASHIONTYPE_COD,0,0.0,13,ok
PRICE_BASE_W_VAT,0,0.0,40,ok
PRICE_BASE_W_VAT_ASWAS,0,0.0,40,ok
PRICE_OUTLET_W_VAT,0,0.0,40,ok
PROD_REF,0,0.0,7644,ok
TAR_DES,0,0.0,1,constant
PROG_IMAGE,0,0.0,10540,ok
BAR_COD,0,0.0,17125,ok
MAIN_THEME,0,0.0,693,ok
GFA_DES_PT,0,0.0,67,ok
GFA_COD,0,0.0,27,ok
CAT_DES_PT,0,0.0,5,ok
GFS_DES_PT,0,0.0,104,ok
GFS_COD,0,0.0,47,ok
GFA_SIT,0,0.0,2,ok
GFA_DES_EN,0,0.0,67,ok
GFS_DES_EN,0,0.0,104,ok
CAT_ACTIVE,0,0.0,1,constant
GFS_SIT,0,0.0,2,ok
CAT_SIT,0,0.0,2,ok
THEME_ASIS,0,0.0,813,ok
FASHIONTYPE_ASIS,0,0.0,13,ok
ACTIVE_RECORD,0,0.0,1,constant
START_DATE,0,0.0,382,ok
PERMANENT_ASIS,0,0.0,1,constant
FSALDOS_OUTLET,0,0.0,5,ok
COLLECTION_TYPE_GROUP,0,0.0,7,ok
FSALDOS,0,0.0,24,ok
ITEM_LIFE_CYCLE_WEEK,0,0.0,7,ok
AUDIT_DT_INSERT,0,0.0,625,ok
RECLASSIFIED,0,0.0,2,ok
WITH_ORDER,0,0.0,1,constant
STORE_MONTH_FINAL_PC,0,0.0,12,ok
CATEGORY_MATRIX_BUYER,0,0.0,110,ok
COLLECTION_STRUCTURE,0,0.0,14,ok
WEEKS_TARGET,0,0.0,7,ok
